{
    "config": {
        "seed": 42,
        "dataset_name": "exchange_rate",
        "missing_rate": 0.2,
        "missing_type": "MAR",
        "completeness_rate": 0.3,
        "imputation_method": "IIM",
        "forecast_model": "TimesNet"
    },
    "imputed_metrics": {
        "RMSE": 0.03729880262924821,
        "MAE": 0.03729880262924821,
        "R2": 0.9706891811873741,
        "KL divergence": 0.018896546931864006,
        "KS statistic": 0.020960303080217426,
        "W2 distance": 1.5150813559340023e-09,
        "Sliced Wasserstein distance": 4.423998557875473e-10
    },
    "forecast_metrics": {
        "mse": 0.10742910206317902,
        "mae": 0.23472023010253906
    }
}