{
    "config": {
        "seed": 42,
        "dataset_name": "exchange_rate",
        "missing_rate": 0.3,
        "missing_type": "D-MNAR",
        "completeness_rate": 0.6,
        "imputation_method": "mean",
        "forecast_model": "TimesNet"
    },
    "imputed_metrics": {
        "RMSE": 0.12468193241794358,
        "MAE": 0.12468193241794358,
        "R2": 0.8464636561283326,
        "KL divergence": 0.037365140329249896,
        "KS statistic": 0.09547438642727721,
        "W2 distance": 1.280265913253829e-09,
        "Sliced Wasserstein distance": 5.581930758037273e-10
    },
    "forecast_metrics": {
        "mse": 0.12584660947322845,
        "mae": 0.2583767771720886
    }
}