{
    "config": {
        "seed": 42,
        "dataset_name": "exchange_rate",
        "missing_rate": 0.5,
        "missing_type": "D-MNAR",
        "completeness_rate": 0.9,
        "imputation_method": "mean",
        "forecast_model": "TimesNet"
    },
    "imputed_metrics": {
        "RMSE": 0.05091942564262022,
        "MAE": 0.05091942564262022,
        "R2": 0.9372490885253215,
        "KL divergence": 0.012459780979522973,
        "KS statistic": 0.032346400922418056,
        "W2 distance": 3.9720335636548756e-10,
        "Sliced Wasserstein distance": 2.5887804767705964e-10
    },
    "forecast_metrics": {
        "mse": 0.14789317548274994,
        "mae": 0.26210811734199524
    }
}