{
    "config": {
        "seed": 42,
        "dataset_name": "exchange_rate",
        "missing_rate": 0.8,
        "missing_type": "F-MNAR",
        "completeness_rate": 0.2,
        "imputation_method": "forward",
        "forecast_model": "TimesNet"
    },
    "imputed_metrics": {
        "RMSE": 0.04039897378811629,
        "MAE": 0.04039897378811629,
        "R2": 0.9929013960799865,
        "KL divergence": 0.007608145472680286,
        "KS statistic": 0.019910228957338162,
        "W2 distance": 6.982764880176281e-10,
        "Sliced Wasserstein distance": 5.0849162101998496e-11
    },
    "forecast_metrics": {
        "mse": 0.10536128282546997,
        "mae": 0.23366013169288635
    }
}