{
    "config": {
        "seed": 42,
        "dataset_name": "exchange_rate",
        "missing_rate": 0.5,
        "missing_type": "MAR",
        "completeness_rate": 0.7,
        "imputation_method": "IIM",
        "forecast_model": "TimesNet"
    },
    "imputed_metrics": {
        "RMSE": 0.027992496999350625,
        "MAE": 0.027992496999350625,
        "R2": 0.98714600042282,
        "KL divergence": 0.00707426214846546,
        "KS statistic": 0.030699225827705484,
        "W2 distance": 5.639074448594978e-10,
        "Sliced Wasserstein distance": 1.0002917183872275e-10
    },
    "forecast_metrics": {
        "mse": 0.10801062732934952,
        "mae": 0.23560839891433716
    }
}