{
    "config": {
        "seed": 42,
        "dataset_name": "exchange_rate",
        "missing_rate": 0.7,
        "missing_type": "D-MNAR",
        "completeness_rate": 0.8,
        "imputation_method": "xgboost",
        "forecast_model": "TimesNet"
    },
    "imputed_metrics": {
        "RMSE": 0.1458769323572654,
        "MAE": 0.052563390792723534,
        "R2": 0.9783839968588389,
        "KL divergence": 0.006486209089825239,
        "KS statistic": 0.05693048921100313,
        "W2 distance": 3.457180069694212e-10,
        "Sliced Wasserstein distance": 1.5176460219977036e-10
    },
    "forecast_metrics": {
        "mse": 0.12379476428031921,
        "mae": 0.2548556625843048
    }
}