{
    "config": {
        "seed": 42,
        "dataset_name": "exchange_rate",
        "missing_rate": 0.8,
        "missing_type": "MAR",
        "completeness_rate": 0.2,
        "imputation_method": "IIM",
        "forecast_model": "TimesNet"
    },
    "imputed_metrics": {
        "RMSE": 0.5300003635252896,
        "MAE": 0.5300003635252896,
        "R2": 0.2599575953344796,
        "KL divergence": 0.14246955261303954,
        "KS statistic": 0.10399851754241476,
        "W2 distance": 3.4000336437094492e-09,
        "Sliced Wasserstein distance": 1.856797718018723e-09
    },
    "forecast_metrics": {
        "mse": 0.1272043138742447,
        "mae": 0.25801265239715576
    }
}