{
    "config": {
        "seed": 42,
        "dataset_name": "exchange_rate",
        "missing_rate": 0.1,
        "missing_type": "D-MNAR",
        "completeness_rate": 0.7,
        "imputation_method": "knn",
        "forecast_model": "TimesNet"
    },
    "imputed_metrics": {
        "RMSE": 0.0011422433757218404,
        "MAE": 0.0011422433757218404,
        "R2": 0.9998176769822972,
        "KL divergence": 7.698589236379167e-05,
        "KS statistic": 0.0017707132268160106,
        "W2 distance": 1.3758552537315665e-12,
        "Sliced Wasserstein distance": 4.870099304553652e-13
    },
    "forecast_metrics": {
        "mse": 0.10474368929862976,
        "mae": 0.23492343723773956
    }
}