{
    "config": {
        "seed": 42,
        "dataset_name": "exchange_rate",
        "missing_rate": 0.8,
        "missing_type": "MAR",
        "completeness_rate": 0.9,
        "imputation_method": "xgboost",
        "forecast_model": "TimesNet"
    },
    "imputed_metrics": {
        "RMSE": 0.028837612506958526,
        "MAE": 0.028837612506958526,
        "R2": 0.9870307383190692,
        "KL divergence": 0.0025636286070581074,
        "KS statistic": 0.019066051721297973,
        "W2 distance": 1.7178581094570063e-10,
        "Sliced Wasserstein distance": 8.496583686550838e-11
    },
    "forecast_metrics": {
        "mse": 0.12169786542654037,
        "mae": 0.24864208698272705
    }
}