{
    "config": {
        "seed": 42,
        "dataset_name": "exchange_rate",
        "missing_rate": 0.1,
        "missing_type": "D-MNAR",
        "completeness_rate": 0.1,
        "imputation_method": "xgboost",
        "forecast_model": "TimesNet"
    },
    "imputed_metrics": {
        "RMSE": 0.026857967156820726,
        "MAE": 0.026857967156820726,
        "R2": 0.9876365763697781,
        "KL divergence": 0.002910141803918998,
        "KS statistic": 0.029196178553780268,
        "W2 distance": 7.99284596339535e-11,
        "Sliced Wasserstein distance": 6.011849395094414e-11
    },
    "forecast_metrics": {
        "mse": 0.1079477071762085,
        "mae": 0.2336835265159607
    }
}