{
    "config": {
        "seed": 42,
        "dataset_name": "exchange_rate",
        "missing_rate": 0.1,
        "missing_type": "MCAR",
        "completeness_rate": 0.7,
        "imputation_method": "IIM",
        "forecast_model": "TimesNet"
    },
    "imputed_metrics": {
        "RMSE": 0.000528197749926923,
        "MAE": 0.000528197749926923,
        "R2": 0.9999562996761812,
        "KL divergence": 0.0028731762075093407,
        "KS statistic": 0.0016265854060286608,
        "W2 distance": 5.539309171322937e-10,
        "Sliced Wasserstein distance": 3.697657832826895e-13
    },
    "forecast_metrics": {
        "mse": 0.1041576936841011,
        "mae": 0.2338663935661316
    }
}