{
    "config": {
        "seed": 42,
        "dataset_name": "exchange_rate",
        "missing_rate": 0.2,
        "missing_type": "F-MNAR",
        "completeness_rate": 0.7,
        "imputation_method": "xgboost",
        "forecast_model": "TimesNet"
    },
    "imputed_metrics": {
        "RMSE": 0.022868470054508653,
        "MAE": 0.022868470054508653,
        "R2": 0.9896363925703627,
        "KL divergence": 0.002679089499345806,
        "KS statistic": 0.030205073299291715,
        "W2 distance": 1.5692797775026223e-10,
        "Sliced Wasserstein distance": 4.629420747055199e-11
    },
    "forecast_metrics": {
        "mse": 0.10682107508182526,
        "mae": 0.23458795249462128
    }
}