{
    "config": {
        "seed": 42,
        "dataset_name": "exchange_rate",
        "missing_rate": 0.5,
        "missing_type": "F-MNAR",
        "completeness_rate": 0.9,
        "imputation_method": "mean",
        "forecast_model": "TimesNet"
    },
    "imputed_metrics": {
        "RMSE": 0.22173922831471202,
        "MAE": 0.04812138062389075,
        "R2": 0.9499369516344907,
        "KL divergence": 0.011759515924468436,
        "KS statistic": 0.038564486904958,
        "W2 distance": 3.892709393490099e-10,
        "Sliced Wasserstein distance": 1.6553720700291478e-10
    },
    "forecast_metrics": {
        "mse": 0.12386270612478256,
        "mae": 0.2546468675136566
    }
}