{
    "config": {
        "seed": 42,
        "dataset_name": "exchange_rate",
        "missing_rate": 0.7,
        "missing_type": "D-MNAR",
        "completeness_rate": 0.9,
        "imputation_method": "xgboost",
        "forecast_model": "TimesNet"
    },
    "imputed_metrics": {
        "RMSE": 0.10516820164409121,
        "MAE": 0.024902885183974443,
        "R2": 0.9888893801164941,
        "KL divergence": 0.002080669958420006,
        "KS statistic": 0.01690413440948773,
        "W2 distance": 1.4155642843734492e-10,
        "Sliced Wasserstein distance": 7.320572764924027e-11
    },
    "forecast_metrics": {
        "mse": 0.11931899189949036,
        "mae": 0.24601837992668152
    }
}