{
    "config": {
        "seed": 42,
        "dataset_name": "exchange_rate",
        "missing_rate": 0.5,
        "missing_type": "F-MNAR",
        "completeness_rate": 0.7,
        "imputation_method": "IIM",
        "forecast_model": "TimesNet"
    },
    "imputed_metrics": {
        "RMSE": 0.1881954053453987,
        "MAE": 0.03693906411830636,
        "R2": 0.9609277104921549,
        "KL divergence": 0.009911734157982601,
        "KS statistic": 0.03201696590347554,
        "W2 distance": 2.6758641287401897e-10,
        "Sliced Wasserstein distance": 9.96977141262308e-11
    },
    "forecast_metrics": {
        "mse": 0.10835804045200348,
        "mae": 0.2380918562412262
    }
}