{
    "config": {
        "seed": 42,
        "dataset_name": "exchange_rate",
        "missing_rate": 0.4,
        "missing_type": "F-MNAR",
        "completeness_rate": 0.5,
        "imputation_method": "knn",
        "forecast_model": "TimesNet"
    },
    "imputed_metrics": {
        "RMSE": 0.11976625885136964,
        "MAE": 0.03494576707215649,
        "R2": 0.9853950123431234,
        "KL divergence": 0.007204790617784718,
        "KS statistic": 0.0345289079229122,
        "W2 distance": 1.5444769586645033e-10,
        "Sliced Wasserstein distance": 3.13765371125563e-11
    },
    "forecast_metrics": {
        "mse": 0.11478208750486374,
        "mae": 0.243671253323555
    }
}