{
    "config": {
        "seed": 42,
        "dataset_name": "exchange_rate",
        "missing_rate": 0.3,
        "missing_type": "D-MNAR",
        "completeness_rate": 0.9,
        "imputation_method": "xgboost",
        "forecast_model": "TimesNet"
    },
    "imputed_metrics": {
        "RMSE": 0.011473039325185739,
        "MAE": 0.011473039325185739,
        "R2": 0.9947722269969397,
        "KL divergence": 0.000947176180314619,
        "KS statistic": 0.007391698237522649,
        "W2 distance": 3.973979888801352e-11,
        "Sliced Wasserstein distance": 9.895806299156628e-12
    },
    "forecast_metrics": {
        "mse": 0.13412097096443176,
        "mae": 0.25246113538742065
    }
}