{
    "config": {
        "seed": 42,
        "dataset_name": "exchange_rate",
        "missing_rate": 0.4,
        "missing_type": "D-MNAR",
        "completeness_rate": 0.5,
        "imputation_method": "IIM",
        "forecast_model": "TimesNet"
    },
    "imputed_metrics": {
        "RMSE": 0.17493279158690314,
        "MAE": 0.043015007895584816,
        "R2": 0.9674645355902284,
        "KL divergence": 0.00870921000487748,
        "KS statistic": 0.040767583594136056,
        "W2 distance": 5.157349071811447e-10,
        "Sliced Wasserstein distance": 1.450751209328521e-10
    },
    "forecast_metrics": {
        "mse": 0.11548838019371033,
        "mae": 0.24508671462535858
    }
}