{
    "config": {
        "seed": 42,
        "dataset_name": "exchange_rate",
        "missing_rate": 0.1,
        "missing_type": "MAR",
        "completeness_rate": 0.4,
        "imputation_method": "forward",
        "forecast_model": "TimesNet"
    },
    "imputed_metrics": {
        "RMSE": 0.0011121318707782658,
        "MAE": 0.0011121318707782658,
        "R2": 0.9999369094450441,
        "KL divergence": 2.2451676585044984e-05,
        "KS statistic": 0.0011118431889309834,
        "W2 distance": 2.9933240029951316e-13,
        "Sliced Wasserstein distance": 4.732466019084087e-13
    },
    "forecast_metrics": {
        "mse": 0.10538065433502197,
        "mae": 0.23520496487617493
    }
}