{
    "config": {
        "seed": 42,
        "dataset_name": "exchange_rate",
        "missing_rate": 0.1,
        "missing_type": "MCAR",
        "completeness_rate": 0.4,
        "imputation_method": "forward",
        "forecast_model": "TimesNet"
    },
    "imputed_metrics": {
        "RMSE": 0.008570283174415024,
        "MAE": 0.0012179527666213576,
        "R2": 0.9999252136098816,
        "KL divergence": 1.9491288149967374e-05,
        "KS statistic": 0.0010500741228792621,
        "W2 distance": 3.976582260627384e-13,
        "Sliced Wasserstein distance": 3.8043111238842524e-13
    },
    "forecast_metrics": {
        "mse": 0.10537771135568619,
        "mae": 0.23522314429283142
    }
}