{
    "config": {
        "seed": 42,
        "dataset_name": "exchange_rate",
        "missing_rate": 0.9,
        "missing_type": "F-MNAR",
        "completeness_rate": 0.8,
        "imputation_method": "knn",
        "forecast_model": "TimesNet"
    },
    "imputed_metrics": {
        "RMSE": 0.07875380904212739,
        "MAE": 0.07875380904212739,
        "R2": 0.9460625505418612,
        "KL divergence": 0.008420015284496762,
        "KS statistic": 0.03887333223521661,
        "W2 distance": 2.248741330704979e-10,
        "Sliced Wasserstein distance": 2.388403688933807e-10
    },
    "forecast_metrics": {
        "mse": 0.12824764847755432,
        "mae": 0.2577636241912842
    }
}