{
    "config": {
        "seed": 42,
        "dataset_name": "exchange_rate",
        "missing_rate": 0.4,
        "missing_type": "D-MNAR",
        "completeness_rate": 0.4,
        "imputation_method": "forward",
        "forecast_model": "TimesNet"
    },
    "imputed_metrics": {
        "RMSE": 0.02454946788115122,
        "MAE": 0.006295128743851018,
        "R2": 0.9993863561400731,
        "KL divergence": 0.000539831461291828,
        "KS statistic": 0.0030060945478504364,
        "W2 distance": 1.953048641627833e-12,
        "Sliced Wasserstein distance": 3.6198936012609087e-12
    },
    "forecast_metrics": {
        "mse": 0.10579843074083328,
        "mae": 0.23548968136310577
    }
}