{
    "config": {
        "seed": 42,
        "dataset_name": "exchange_rate",
        "missing_rate": 0.6,
        "missing_type": "D-MNAR",
        "completeness_rate": 0.2,
        "imputation_method": "IIM",
        "forecast_model": "TimesNet"
    },
    "imputed_metrics": {
        "RMSE": 0.5915884765639319,
        "MAE": 0.5915884765639319,
        "R2": -0.27160119064602406,
        "KL divergence": 0.1201543884778071,
        "KS statistic": 0.13974221709767748,
        "W2 distance": 4.601494937544294e-09,
        "Sliced Wasserstein distance": 2.878543918525161e-09
    },
    "forecast_metrics": {
        "mse": 0.05252515524625778,
        "mae": 0.16328008472919464
    }
}