{
    "config": {
        "seed": 42,
        "dataset_name": "exchange_rate",
        "missing_rate": 0.2,
        "missing_type": "MCAR",
        "completeness_rate": 0.8,
        "imputation_method": "xgboost",
        "forecast_model": "TimesNet"
    },
    "imputed_metrics": {
        "RMSE": 0.013028679384856535,
        "MAE": 0.013028679384856535,
        "R2": 0.9949158461868481,
        "KL divergence": 0.0014282236116773598,
        "KS statistic": 0.011633174106407511,
        "W2 distance": 2.7504255815682226e-11,
        "Sliced Wasserstein distance": 2.3117498971786657e-11
    },
    "forecast_metrics": {
        "mse": 0.10855095833539963,
        "mae": 0.23739247024059296
    }
}