{
    "config": {
        "seed": 42,
        "dataset_name": "exchange_rate",
        "missing_rate": 0.7,
        "missing_type": "MCAR",
        "completeness_rate": 0.9,
        "imputation_method": "IIM",
        "forecast_model": "TimesNet"
    },
    "imputed_metrics": {
        "RMSE": 0.013746671322026487,
        "MAE": 0.0024362052411430863,
        "R2": 0.9998007133613892,
        "KL divergence": 7.139392068133739e-05,
        "KS statistic": 0.0011942019436666119,
        "W2 distance": 4.678945583891652e-13,
        "Sliced Wasserstein distance": 1.7411697159170346e-12
    },
    "forecast_metrics": {
        "mse": 0.10617056488990784,
        "mae": 0.23621788620948792
    }
}