{
    "config": {
        "seed": 42,
        "dataset_name": "exchange_rate",
        "missing_rate": 0.6,
        "missing_type": "MCAR",
        "completeness_rate": 0.9,
        "imputation_method": "mean",
        "forecast_model": "TimesNet"
    },
    "imputed_metrics": {
        "RMSE": 0.24408081998585673,
        "MAE": 0.05716246206578342,
        "R2": 0.9393404011117386,
        "KL divergence": 0.013669078218769913,
        "KS statistic": 0.043032449349365835,
        "W2 distance": 5.556606171350306e-10,
        "Sliced Wasserstein distance": 2.4001408504196497e-10
    },
    "forecast_metrics": {
        "mse": 0.15129686892032623,
        "mae": 0.2693967819213867
    }
}