{
    "config": {
        "seed": 42,
        "dataset_name": "exchange_rate",
        "missing_rate": 0.9,
        "missing_type": "MAR",
        "completeness_rate": 0.3,
        "imputation_method": "mean",
        "forecast_model": "TimesNet"
    },
    "imputed_metrics": {
        "RMSE": 0.8179570340596215,
        "MAE": 0.5622217719060479,
        "R2": 0.31598434819047294,
        "KL divergence": 0.12890767344712242,
        "KS statistic": 0.4099201120079064,
        "W2 distance": 9.405047591485427e-09,
        "Sliced Wasserstein distance": 3.775245093845644e-09
    },
    "forecast_metrics": {
        "mse": 1.2954308986663818,
        "mae": 0.7433868646621704
    }
}