{
    "config": {
        "seed": 42,
        "dataset_name": "exchange_rate",
        "missing_rate": 0.9,
        "missing_type": "MAR",
        "completeness_rate": 0.1,
        "imputation_method": "knn",
        "forecast_model": "TimesNet"
    },
    "imputed_metrics": {
        "RMSE": 1.0414936483010322,
        "MAE": 0.7548105579555777,
        "R2": -0.10444852186064679,
        "KL divergence": 0.13172373027596415,
        "KS statistic": 0.4546203261406688,
        "W2 distance": 7.363414728340314e-09,
        "Sliced Wasserstein distance": 2.6874335093697726e-09
    },
    "forecast_metrics": {
        "mse": 0.27460524439811707,
        "mae": 0.38424378633499146
    }
}