{
    "config": {
        "seed": 42,
        "dataset_name": "exchange_rate",
        "missing_rate": 0.9,
        "missing_type": "MCAR",
        "completeness_rate": 0.1,
        "imputation_method": "forward",
        "forecast_model": "TimesNet"
    },
    "imputed_metrics": {
        "RMSE": 0.053019024978013314,
        "MAE": 0.053019024978013314,
        "R2": 0.9887221163812916,
        "KL divergence": 0.008092409638202541,
        "KS statistic": 0.01661587876791303,
        "W2 distance": 7.286538911156099e-10,
        "Sliced Wasserstein distance": 3.040782173752286e-11
    },
    "forecast_metrics": {
        "mse": 0.10606716573238373,
        "mae": 0.2367897480726242
    }
}