{
    "config": {
        "seed": 42,
        "dataset_name": "exchange_rate",
        "missing_rate": 0.1,
        "missing_type": "MCAR",
        "completeness_rate": 0.4,
        "imputation_method": "xgboost",
        "forecast_model": "TimesNet"
    },
    "imputed_metrics": {
        "RMSE": 0.08690472976760116,
        "MAE": 0.018049065122953744,
        "R2": 0.9923315482854934,
        "KL divergence": 0.0020526426240452,
        "KS statistic": 0.017151210673694614,
        "W2 distance": 5.476512085316115e-11,
        "Sliced Wasserstein distance": 4.1380394382540064e-11
    },
    "forecast_metrics": {
        "mse": 0.10928820073604584,
        "mae": 0.23734328150749207
    }
}