{
    "config": {
        "seed": 42,
        "dataset_name": "exchange_rate",
        "missing_rate": 0.8,
        "missing_type": "F-MNAR",
        "completeness_rate": 0.4,
        "imputation_method": "forward",
        "forecast_model": "TimesNet"
    },
    "imputed_metrics": {
        "RMSE": 0.026610954036918856,
        "MAE": 0.026610954036918856,
        "R2": 0.9951859507027332,
        "KL divergence": 0.006183367728298095,
        "KS statistic": 0.010459561851424807,
        "W2 distance": 6.886274205919409e-10,
        "Sliced Wasserstein distance": 3.831675149344781e-11
    },
    "forecast_metrics": {
        "mse": 0.10518583655357361,
        "mae": 0.2327626496553421
    }
}