{
    "config": {
        "seed": 42,
        "dataset_name": "exchange_rate",
        "missing_rate": 0.4,
        "missing_type": "MAR",
        "completeness_rate": 0.2,
        "imputation_method": "IIM",
        "forecast_model": "TimesNet"
    },
    "imputed_metrics": {
        "RMSE": 0.2700208114794474,
        "MAE": 0.2700208114794474,
        "R2": 0.6857771736922667,
        "KL divergence": 0.060293640343733114,
        "KS statistic": 0.1918135397792785,
        "W2 distance": 2.4329577417479713e-09,
        "Sliced Wasserstein distance": 1.0129149072792474e-09
    },
    "forecast_metrics": {
        "mse": 0.19087107479572296,
        "mae": 0.3080846965312958
    }
}