{
    "config": {
        "seed": 42,
        "dataset_name": "exchange_rate",
        "missing_rate": 0.5,
        "missing_type": "MCAR",
        "completeness_rate": 0.2,
        "imputation_method": "IIM",
        "forecast_model": "TimesNet"
    },
    "imputed_metrics": {
        "RMSE": 0.5566431117293681,
        "MAE": 0.2879733454174294,
        "R2": 0.649951112225736,
        "KL divergence": 0.0709535391976007,
        "KS statistic": 0.09724509965409323,
        "W2 distance": 6.360124424547873e-10,
        "Sliced Wasserstein distance": 1.4941250284396936e-09
    },
    "forecast_metrics": {
        "mse": 0.16754242777824402,
        "mae": 0.2985624074935913
    }
}