{
    "config": {
        "seed": 42,
        "dataset_name": "exchange_rate",
        "missing_rate": 0.1,
        "missing_type": "MCAR",
        "completeness_rate": 0.8,
        "imputation_method": "forward",
        "forecast_model": "TimesNet"
    },
    "imputed_metrics": {
        "RMSE": 0.005995987750279651,
        "MAE": 0.000581426922892515,
        "R2": 0.999963393879856,
        "KL divergence": 1.2488964197037892e-05,
        "KS statistic": 0.00035002470762642067,
        "W2 distance": 4.240363711376298e-13,
        "Sliced Wasserstein distance": 3.1978519601611934e-13
    },
    "forecast_metrics": {
        "mse": 0.10544461756944656,
        "mae": 0.23528243601322174
    }
}