{
    "config": {
        "seed": 42,
        "dataset_name": "exchange_rate",
        "missing_rate": 0.8,
        "missing_type": "F-MNAR",
        "completeness_rate": 0.3,
        "imputation_method": "forward",
        "forecast_model": "TimesNet"
    },
    "imputed_metrics": {
        "RMSE": 0.0314877644066478,
        "MAE": 0.0314877644066478,
        "R2": 0.9944192845323249,
        "KL divergence": 0.006998792843518349,
        "KS statistic": 0.014886344918464833,
        "W2 distance": 6.494895511038276e-10,
        "Sliced Wasserstein distance": 2.152949170291329e-11
    },
    "forecast_metrics": {
        "mse": 0.10660742968320847,
        "mae": 0.2342790812253952
    }
}