{
    "config": {
        "seed": 42,
        "dataset_name": "exchange_rate",
        "missing_rate": 0.6,
        "missing_type": "F-MNAR",
        "completeness_rate": 0.1,
        "imputation_method": "IIM",
        "forecast_model": "TimesNet"
    },
    "imputed_metrics": {
        "RMSE": 0.4484837185738593,
        "MAE": 0.4484837185738593,
        "R2": 0.37378397494345894,
        "KL divergence": 0.10485992852438444,
        "KS statistic": 0.22148328117278868,
        "W2 distance": 6.629908670795571e-09,
        "Sliced Wasserstein distance": 1.7932804291738917e-09
    },
    "forecast_metrics": {
        "mse": 0.11871063709259033,
        "mae": 0.24851836264133453
    }
}