{
    "config": {
        "seed": 42,
        "dataset_name": "exchange_rate",
        "missing_rate": 0.8,
        "missing_type": "F-MNAR",
        "completeness_rate": 0.2,
        "imputation_method": "IIM",
        "forecast_model": "TimesNet"
    },
    "imputed_metrics": {
        "RMSE": 1.022464422795844,
        "MAE": 0.6649754352460922,
        "R2": -0.06445826348509498,
        "KL divergence": 0.14331326604678574,
        "KS statistic": 0.2105295667929501,
        "W2 distance": 4.997812957564819e-09,
        "Sliced Wasserstein distance": 1.5653105415352782e-09
    },
    "forecast_metrics": {
        "mse": 0.1063067615032196,
        "mae": 0.23489882051944733
    }
}