{
    "config": {
        "seed": 42,
        "dataset_name": "exchange_rate",
        "missing_rate": 0.7,
        "missing_type": "F-MNAR",
        "completeness_rate": 0.4,
        "imputation_method": "forward",
        "forecast_model": "TimesNet"
    },
    "imputed_metrics": {
        "RMSE": 0.04774556711190554,
        "MAE": 0.017775533853716316,
        "R2": 0.9976788760153243,
        "KL divergence": 0.005251885361445632,
        "KS statistic": 0.006753417888321529,
        "W2 distance": 6.672699981293089e-10,
        "Sliced Wasserstein distance": 1.1492183037560828e-11
    },
    "forecast_metrics": {
        "mse": 0.10581502318382263,
        "mae": 0.2333303987979889
    }
}