{
    "config": {
        "seed": 42,
        "dataset_name": "exchange_rate",
        "missing_rate": 0.7,
        "missing_type": "F-MNAR",
        "completeness_rate": 0.2,
        "imputation_method": "xgboost",
        "forecast_model": "TimesNet"
    },
    "imputed_metrics": {
        "RMSE": 0.20996101712616164,
        "MAE": 0.20996101712616164,
        "R2": 0.8916711720287694,
        "KL divergence": 0.02274700845342856,
        "KS statistic": 0.1810451325975951,
        "W2 distance": 1.3279485758285607e-09,
        "Sliced Wasserstein distance": 6.912506956382315e-10
    },
    "forecast_metrics": {
        "mse": 0.190437451004982,
        "mae": 0.31343454122543335
    }
}