{
    "config": {
        "seed": 42,
        "dataset_name": "exchange_rate",
        "missing_rate": 0.3,
        "missing_type": "D-MNAR",
        "completeness_rate": 0.5,
        "imputation_method": "xgboost",
        "forecast_model": "TimesNet"
    },
    "imputed_metrics": {
        "RMSE": 0.14296440797652357,
        "MAE": 0.04507906045760462,
        "R2": 0.9798369559576501,
        "KL divergence": 0.006084360852820765,
        "KS statistic": 0.05312139680448031,
        "W2 distance": 4.0045723929644953e-10,
        "Sliced Wasserstein distance": 8.977571391797338e-11
    },
    "forecast_metrics": {
        "mse": 0.12434960156679153,
        "mae": 0.2492731809616089
    }
}