{
    "config": {
        "seed": 42,
        "dataset_name": "exchange_rate",
        "missing_rate": 0.3,
        "missing_type": "MCAR",
        "completeness_rate": 0.5,
        "imputation_method": "IIM",
        "forecast_model": "TimesNet"
    },
    "imputed_metrics": {
        "RMSE": 0.007881774070328543,
        "MAE": 0.007881774070328543,
        "R2": 0.9985841400536513,
        "KL divergence": 0.0005115230218815238,
        "KS statistic": 0.010583099983528249,
        "W2 distance": 1.0316800238457626e-11,
        "Sliced Wasserstein distance": 7.394601909310269e-12
    },
    "forecast_metrics": {
        "mse": 0.10610572248697281,
        "mae": 0.23413291573524475
    }
}