{
    "config": {
        "seed": 42,
        "dataset_name": "exchange_rate",
        "missing_rate": 0.8,
        "missing_type": "MAR",
        "completeness_rate": 0.4,
        "imputation_method": "forward",
        "forecast_model": "TimesNet"
    },
    "imputed_metrics": {
        "RMSE": 0.05864812777935444,
        "MAE": 0.02423481233366056,
        "R2": 0.9964978033170553,
        "KL divergence": 0.007212871964093183,
        "KS statistic": 0.011118431889309834,
        "W2 distance": 6.555754441660001e-10,
        "Sliced Wasserstein distance": 1.8124040008567937e-11
    },
    "forecast_metrics": {
        "mse": 0.1046065241098404,
        "mae": 0.23285162448883057
    }
}