{
    "config": {
        "seed": 42,
        "dataset_name": "exchange_rate",
        "missing_rate": 0.6,
        "missing_type": "F-MNAR",
        "completeness_rate": 0.4,
        "imputation_method": "forward",
        "forecast_model": "TimesNet"
    },
    "imputed_metrics": {
        "RMSE": 0.04062302371029788,
        "MAE": 0.013183458218281837,
        "R2": 0.9983197391072655,
        "KL divergence": 0.004801421100269869,
        "KS statistic": 0.006012189095700873,
        "W2 distance": 6.615319840520097e-10,
        "Sliced Wasserstein distance": 1.0483943270093117e-11
    },
    "forecast_metrics": {
        "mse": 0.10384321957826614,
        "mae": 0.23208275437355042
    }
}