{
    "config": {
        "seed": 42,
        "dataset_name": "exchange_rate",
        "missing_rate": 0.8,
        "missing_type": "MAR",
        "completeness_rate": 0.4,
        "imputation_method": "knn",
        "forecast_model": "TimesNet"
    },
    "imputed_metrics": {
        "RMSE": 0.3799644240705497,
        "MAE": 0.3799644240705497,
        "R2": 0.4523190959392057,
        "KL divergence": 0.17651550759037477,
        "KS statistic": 0.16286443748970517,
        "W2 distance": 2.3604553339684763e-09,
        "Sliced Wasserstein distance": 1.2311251557690975e-09
    },
    "forecast_metrics": {
        "mse": 0.09339925646781921,
        "mae": 0.2163519561290741
    }
}