{
    "config": {
        "seed": 42,
        "dataset_name": "exchange_rate",
        "missing_rate": 0.3,
        "missing_type": "MAR",
        "completeness_rate": 0.1,
        "imputation_method": "mean",
        "forecast_model": "TimesNet"
    },
    "imputed_metrics": {
        "RMSE": 0.2100987203623543,
        "MAE": 0.2100987203623543,
        "R2": 0.7373556047391068,
        "KL divergence": 0.049636590954919,
        "KS statistic": 0.15882885850765935,
        "W2 distance": 1.3196105577083577e-09,
        "Sliced Wasserstein distance": 1.0838771280987829e-09
    },
    "forecast_metrics": {
        "mse": 0.17073766887187958,
        "mae": 0.29136404395103455
    }
}