{
    "config": {
        "seed": 42,
        "dataset_name": "exchange_rate",
        "missing_rate": 0.2,
        "missing_type": "D-MNAR",
        "completeness_rate": 0.3,
        "imputation_method": "IIM",
        "forecast_model": "TimesNet"
    },
    "imputed_metrics": {
        "RMSE": 0.11656159672502996,
        "MAE": 0.02920071188567938,
        "R2": 0.9861554191870198,
        "KL divergence": 0.008761575048411503,
        "KS statistic": 0.02042497117443584,
        "W2 distance": 1.0677078856981944e-09,
        "Sliced Wasserstein distance": 1.8140653791240488e-10
    },
    "forecast_metrics": {
        "mse": 0.11626000702381134,
        "mae": 0.2415122240781784
    }
}