{
    "config": {
        "seed": 42,
        "dataset_name": "exchange_rate",
        "missing_rate": 0.2,
        "missing_type": "MCAR",
        "completeness_rate": 0.1,
        "imputation_method": "IIM",
        "forecast_model": "TimesNet"
    },
    "imputed_metrics": {
        "RMSE": 0.044514040610223356,
        "MAE": 0.044514040610223356,
        "R2": 0.9761589626392035,
        "KL divergence": 0.010737867132978326,
        "KS statistic": 0.024316422335694282,
        "W2 distance": 1.295867067273209e-09,
        "Sliced Wasserstein distance": 2.2836764986163815e-10
    },
    "forecast_metrics": {
        "mse": 0.11457763612270355,
        "mae": 0.24197040498256683
    }
}