{
    "config": {
        "seed": 42,
        "dataset_name": "exchange_rate",
        "missing_rate": 0.2,
        "missing_type": "D-MNAR",
        "completeness_rate": 0.4,
        "imputation_method": "IIM",
        "forecast_model": "TimesNet"
    },
    "imputed_metrics": {
        "RMSE": 0.043461185130727054,
        "MAE": 0.008060708345853245,
        "R2": 0.9982696011018891,
        "KL divergence": 0.0027284858012248266,
        "KS statistic": 0.00866825893592489,
        "W2 distance": 4.606715482950776e-10,
        "Sliced Wasserstein distance": 4.483308112977349e-11
    },
    "forecast_metrics": {
        "mse": 0.10383222997188568,
        "mae": 0.23117665946483612
    }
}