{
    "config": {
        "seed": 42,
        "dataset_name": "exchange_rate",
        "missing_rate": 0.7,
        "missing_type": "MAR",
        "completeness_rate": 0.7,
        "imputation_method": "xgboost",
        "forecast_model": "TimesNet"
    },
    "imputed_metrics": {
        "RMSE": 0.08273392119474747,
        "MAE": 0.08273392119474747,
        "R2": 0.9633374479303911,
        "KL divergence": 0.011521847089902663,
        "KS statistic": 0.10220721462691484,
        "W2 distance": 1.1393444780174092e-09,
        "Sliced Wasserstein distance": 2.0141245759375207e-10
    },
    "forecast_metrics": {
        "mse": 0.12606488168239594,
        "mae": 0.26063278317451477
    }
}