{
    "config": {
        "seed": 42,
        "dataset_name": "exchange_rate",
        "missing_rate": 0.1,
        "missing_type": "D-MNAR",
        "completeness_rate": 0.7,
        "imputation_method": "xgboost",
        "forecast_model": "TimesNet"
    },
    "imputed_metrics": {
        "RMSE": 0.010619182098660047,
        "MAE": 0.010619182098660047,
        "R2": 0.9955774050081118,
        "KL divergence": 0.001419232228150391,
        "KS statistic": 0.015874649975292372,
        "W2 distance": 6.120703927558986e-11,
        "Sliced Wasserstein distance": 1.9671064504577122e-11
    },
    "forecast_metrics": {
        "mse": 0.10791340470314026,
        "mae": 0.2377954125404358
    }
}