{
    "config": {
        "seed": 42,
        "dataset_name": "exchange_rate",
        "missing_rate": 0.7,
        "missing_type": "MCAR",
        "completeness_rate": 0.8,
        "imputation_method": "IIM",
        "forecast_model": "TimesNet"
    },
    "imputed_metrics": {
        "RMSE": 0.015460567080993443,
        "MAE": 0.015460567080993443,
        "R2": 0.9962355959621936,
        "KL divergence": 0.0009835313027252441,
        "KS statistic": 0.004776807774666447,
        "W2 distance": 7.121696974710248e-12,
        "Sliced Wasserstein distance": 1.2240634128005475e-11
    },
    "forecast_metrics": {
        "mse": 0.10882919281721115,
        "mae": 0.23737360537052155
    }
}