{
    "config": {
        "seed": 42,
        "dataset_name": "exchange_rate",
        "missing_rate": 0.6,
        "missing_type": "D-MNAR",
        "completeness_rate": 0.2,
        "imputation_method": "mean",
        "forecast_model": "TimesNet"
    },
    "imputed_metrics": {
        "RMSE": 0.4404262457853124,
        "MAE": 0.4404262457853124,
        "R2": 0.4480864820921455,
        "KL divergence": 0.09989439355318495,
        "KS statistic": 0.3451449514083347,
        "W2 distance": 4.864972137625559e-09,
        "Sliced Wasserstein distance": 2.156668723598088e-09
    },
    "forecast_metrics": {
        "mse": 0.28989920020103455,
        "mae": 0.37351444363594055
    }
}