{
    "config": {
        "seed": 42,
        "dataset_name": "exchange_rate",
        "missing_rate": 0.6,
        "missing_type": "F-MNAR",
        "completeness_rate": 0.7,
        "imputation_method": "xgboost",
        "forecast_model": "TimesNet"
    },
    "imputed_metrics": {
        "RMSE": 0.06822534733136319,
        "MAE": 0.06822534733136319,
        "R2": 0.9689294762775426,
        "KL divergence": 0.008074154591346602,
        "KS statistic": 0.08314116290561688,
        "W2 distance": 8.591974982999689e-10,
        "Sliced Wasserstein distance": 1.4882427551667674e-10
    },
    "forecast_metrics": {
        "mse": 0.13295623660087585,
        "mae": 0.2620924413204193
    }
}