{
    "config": {
        "seed": 42,
        "dataset_name": "exchange_rate",
        "missing_rate": 0.3,
        "missing_type": "F-MNAR",
        "completeness_rate": 0.7,
        "imputation_method": "mean",
        "forecast_model": "TimesNet"
    },
    "imputed_metrics": {
        "RMSE": 0.3402486796411525,
        "MAE": 0.0941561449676479,
        "R2": 0.8821240722062017,
        "KL divergence": 0.02778138348657574,
        "KS statistic": 0.0765730522154505,
        "W2 distance": 9.802945841122216e-10,
        "Sliced Wasserstein distance": 2.9825440155372993e-10
    },
    "forecast_metrics": {
        "mse": 0.13534271717071533,
        "mae": 0.256421834230423
    }
}