{
    "config": {
        "seed": 42,
        "dataset_name": "exchange_rate",
        "missing_rate": 0.1,
        "missing_type": "MAR",
        "completeness_rate": 0.8,
        "imputation_method": "knn",
        "forecast_model": "TimesNet"
    },
    "imputed_metrics": {
        "RMSE": 0.010876520505195655,
        "MAE": 0.0012037482839367742,
        "R2": 0.999879548505514,
        "KL divergence": 4.19192311350146e-05,
        "KS statistic": 0.0010912535002470763,
        "W2 distance": 3.676786234194849e-13,
        "Sliced Wasserstein distance": 6.539033312434349e-13
    },
    "forecast_metrics": {
        "mse": 0.10534229129552841,
        "mae": 0.23525837063789368
    }
}