{
    "config": {
        "seed": 42,
        "dataset_name": "exchange_rate",
        "missing_rate": 0.1,
        "missing_type": "MCAR",
        "completeness_rate": 0.1,
        "imputation_method": "forward",
        "forecast_model": "TimesNet"
    },
    "imputed_metrics": {
        "RMSE": 0.010787094267302755,
        "MAE": 0.001975460243155049,
        "R2": 0.9998815210559292,
        "KL divergence": 4.440031136974692e-05,
        "KS statistic": 0.0013795091418217758,
        "W2 distance": 3.241409245592418e-13,
        "Sliced Wasserstein distance": 1.2368830425000724e-12
    },
    "forecast_metrics": {
        "mse": 0.10597162693738937,
        "mae": 0.2358085662126541
    }
}