{
    "config": {
        "seed": 42,
        "dataset_name": "exchange_rate",
        "missing_rate": 0.4,
        "missing_type": "F-MNAR",
        "completeness_rate": 0.3,
        "imputation_method": "xgboost",
        "forecast_model": "TimesNet"
    },
    "imputed_metrics": {
        "RMSE": 0.0934483958156987,
        "MAE": 0.0934483958156987,
        "R2": 0.9562702904065223,
        "KL divergence": 0.012959991187773447,
        "KS statistic": 0.09761571405040356,
        "W2 distance": 3.173203362609003e-10,
        "Sliced Wasserstein distance": 2.5643217470264055e-10
    },
    "forecast_metrics": {
        "mse": 0.12481904029846191,
        "mae": 0.255192369222641
    }
}