{
    "config": {
        "seed": 42,
        "dataset_name": "exchange_rate",
        "missing_rate": 0.1,
        "missing_type": "D-MNAR",
        "completeness_rate": 0.8,
        "imputation_method": "IIM",
        "forecast_model": "TimesNet"
    },
    "imputed_metrics": {
        "RMSE": 0.0003713835934413353,
        "MAE": 0.0003713835934413353,
        "R2": 0.9999888964740017,
        "KL divergence": 4.683919069951418e-06,
        "KS statistic": 0.000411793773678142,
        "W2 distance": 3.0019626268456007e-13,
        "Sliced Wasserstein distance": 1.9773877034636846e-13
    },
    "forecast_metrics": {
        "mse": 0.10532910376787186,
        "mae": 0.23515862226486206
    }
}