{
    "config": {
        "seed": 42,
        "dataset_name": "exchange_rate",
        "missing_rate": 0.3,
        "missing_type": "MAR",
        "completeness_rate": 0.7,
        "imputation_method": "xgboost",
        "forecast_model": "TimesNet"
    },
    "imputed_metrics": {
        "RMSE": 0.1121916700157402,
        "MAE": 0.031555168365248375,
        "R2": 0.9876666510060229,
        "KL divergence": 0.004375858766003016,
        "KS statistic": 0.045853236699061106,
        "W2 distance": 2.4152432835770937e-10,
        "Sliced Wasserstein distance": 8.458908255233963e-11
    },
    "forecast_metrics": {
        "mse": 0.11367066204547882,
        "mae": 0.24611976742744446
    }
}