{
    "config": {
        "seed": 42,
        "dataset_name": "exchange_rate",
        "missing_rate": 0.7,
        "missing_type": "MCAR",
        "completeness_rate": 0.3,
        "imputation_method": "knn",
        "forecast_model": "TimesNet"
    },
    "imputed_metrics": {
        "RMSE": 0.6283861265032366,
        "MAE": 0.31252860776530533,
        "R2": 0.5979450594680105,
        "KL divergence": 0.09774926697903491,
        "KS statistic": 0.08180283314116289,
        "W2 distance": 1.0559033675229328e-09,
        "Sliced Wasserstein distance": 9.659814949684978e-10
    },
    "forecast_metrics": {
        "mse": 0.10697717219591141,
        "mae": 0.2334631234407425
    }
}