{
    "config": {
        "seed": 42,
        "dataset_name": "exchange_rate",
        "missing_rate": 0.6,
        "missing_type": "D-MNAR",
        "completeness_rate": 0.9,
        "imputation_method": "forward",
        "forecast_model": "TimesNet"
    },
    "imputed_metrics": {
        "RMSE": 0.01492735104800118,
        "MAE": 0.0025443843050646634,
        "R2": 0.9997731192132526,
        "KL divergence": 5.344282992632082e-05,
        "KS statistic": 0.0009265359907758195,
        "W2 distance": 5.670010688002767e-13,
        "Sliced Wasserstein distance": 1.5240840846648752e-12
    },
    "forecast_metrics": {
        "mse": 0.1057899221777916,
        "mae": 0.23604676127433777
    }
}