{
    "config": {
        "seed": 42,
        "dataset_name": "exchange_rate",
        "missing_rate": 0.6,
        "missing_type": "MCAR",
        "completeness_rate": 0.7,
        "imputation_method": "IIM",
        "forecast_model": "TimesNet"
    },
    "imputed_metrics": {
        "RMSE": 0.09213060247165576,
        "MAE": 0.027078785399601332,
        "R2": 0.9921382183660374,
        "KL divergence": 0.0031201832695031705,
        "KS statistic": 0.02705485093065393,
        "W2 distance": 1.0795031320445796e-10,
        "Sliced Wasserstein distance": 2.1490810606310685e-11
    },
    "forecast_metrics": {
        "mse": 0.11317936331033707,
        "mae": 0.24296845495700836
    }
}