{
    "config": {
        "seed": 42,
        "dataset_name": "exchange_rate",
        "missing_rate": 0.6,
        "missing_type": "D-MNAR",
        "completeness_rate": 0.5,
        "imputation_method": "forward",
        "forecast_model": "TimesNet"
    },
    "imputed_metrics": {
        "RMSE": 0.009122116093927757,
        "MAE": 0.009122116093927757,
        "R2": 0.9985456369506011,
        "KL divergence": 0.0013052140289145436,
        "KS statistic": 0.005147422170976775,
        "W2 distance": 9.142046132026508e-12,
        "Sliced Wasserstein distance": 1.690503836731003e-11
    },
    "forecast_metrics": {
        "mse": 0.10487233847379684,
        "mae": 0.23449167609214783
    }
}