{
    "config": {
        "seed": 42,
        "dataset_name": "exchange_rate",
        "missing_rate": 0.6,
        "missing_type": "MCAR",
        "completeness_rate": 0.2,
        "imputation_method": "mean",
        "forecast_model": "TimesNet"
    },
    "imputed_metrics": {
        "RMSE": 0.7076515573419128,
        "MAE": 0.4162003149204182,
        "R2": 0.4901162626328186,
        "KL divergence": 0.09599447173065384,
        "KS statistic": 0.29453549662329104,
        "W2 distance": 4.056333190242945e-09,
        "Sliced Wasserstein distance": 2.151337921115717e-09
    },
    "forecast_metrics": {
        "mse": 0.3637560307979584,
        "mae": 0.4265976846218109
    }
}