{
    "config": {
        "seed": 42,
        "dataset_name": "exchange_rate",
        "missing_rate": 0.2,
        "missing_type": "D-MNAR",
        "completeness_rate": 0.7,
        "imputation_method": "forward",
        "forecast_model": "TimesNet"
    },
    "imputed_metrics": {
        "RMSE": 0.017210280715028368,
        "MAE": 0.001279332490515007,
        "R2": 0.999698416112451,
        "KL divergence": 8.999511913403843e-05,
        "KS statistic": 0.0009677153681436337,
        "W2 distance": 7.459600013642759e-13,
        "Sliced Wasserstein distance": 9.171862348575248e-13
    },
    "forecast_metrics": {
        "mse": 0.1050071120262146,
        "mae": 0.2350139319896698
    }
}