{
    "config": {
        "seed": 42,
        "dataset_name": "exchange_rate",
        "missing_rate": 0.6,
        "missing_type": "F-MNAR",
        "completeness_rate": 0.6,
        "imputation_method": "xgboost",
        "forecast_model": "TimesNet"
    },
    "imputed_metrics": {
        "RMSE": 0.09042173221236191,
        "MAE": 0.09042173221236191,
        "R2": 0.9609388944347406,
        "KL divergence": 0.012375337624199307,
        "KS statistic": 0.1055427441937078,
        "W2 distance": 4.947949541400032e-10,
        "Sliced Wasserstein distance": 1.7495472675079061e-10
    },
    "forecast_metrics": {
        "mse": 0.13378718495368958,
        "mae": 0.26069003343582153
    }
}