{
    "config": {
        "seed": 42,
        "dataset_name": "exchange_rate",
        "missing_rate": 0.6,
        "missing_type": "D-MNAR",
        "completeness_rate": 0.2,
        "imputation_method": "xgboost",
        "forecast_model": "TimesNet"
    },
    "imputed_metrics": {
        "RMSE": 0.17644171094477526,
        "MAE": 0.17644171094477526,
        "R2": 0.9093761962734679,
        "KL divergence": 0.01911295694528834,
        "KS statistic": 0.15234310657222863,
        "W2 distance": 8.858663564158428e-10,
        "Sliced Wasserstein distance": 4.5473399701136013e-10
    },
    "forecast_metrics": {
        "mse": 0.16258253157138824,
        "mae": 0.2872381806373596
    }
}