{
    "config": {
        "seed": 42,
        "dataset_name": "exchange_rate",
        "missing_rate": 0.5,
        "missing_type": "MCAR",
        "completeness_rate": 0.9,
        "imputation_method": "knn",
        "forecast_model": "TimesNet"
    },
    "imputed_metrics": {
        "RMSE": 0.0028017655936710697,
        "MAE": 0.0028017655936710697,
        "R2": 0.999749567862356,
        "KL divergence": 9.061453221469468e-05,
        "KS statistic": 0.001667764783396475,
        "W2 distance": 5.634777306086116e-13,
        "Sliced Wasserstein distance": 9.475790405724656e-13
    },
    "forecast_metrics": {
        "mse": 0.10607587546110153,
        "mae": 0.23565839231014252
    }
}