{
    "config": {
        "seed": 42,
        "dataset_name": "exchange_rate",
        "missing_rate": 0.7,
        "missing_type": "MAR",
        "completeness_rate": 0.3,
        "imputation_method": "mean",
        "forecast_model": "TimesNet"
    },
    "imputed_metrics": {
        "RMSE": 0.4197951302023597,
        "MAE": 0.4197951302023597,
        "R2": 0.493478750966328,
        "KL divergence": 0.10133326624007301,
        "KS statistic": 0.32259924229945647,
        "W2 distance": 5.600480411786423e-09,
        "Sliced Wasserstein distance": 2.4691307522842774e-09
    },
    "forecast_metrics": {
        "mse": 0.34103938937187195,
        "mae": 0.416231244802475
    }
}