{
    "config": {
        "seed": 42,
        "dataset_name": "exchange_rate",
        "missing_rate": 0.1,
        "missing_type": "MCAR",
        "completeness_rate": 0.8,
        "imputation_method": "IIM",
        "forecast_model": "TimesNet"
    },
    "imputed_metrics": {
        "RMSE": 0.000380880326632934,
        "MAE": 0.000380880326632934,
        "R2": 0.9999866725620745,
        "KL divergence": 3.902018718077877e-06,
        "KS statistic": 0.00028825564157469936,
        "W2 distance": 3.3079522736682877e-13,
        "Sliced Wasserstein distance": 5.721012195829519e-13
    },
    "forecast_metrics": {
        "mse": 0.10553350299596786,
        "mae": 0.23540225625038147
    }
}