{
    "config": {
        "seed": 42,
        "dataset_name": "exchange_rate",
        "missing_rate": 0.8,
        "missing_type": "D-MNAR",
        "completeness_rate": 0.6,
        "imputation_method": "knn",
        "forecast_model": "TimesNet"
    },
    "imputed_metrics": {
        "RMSE": 0.602968172414085,
        "MAE": 0.2808610715602264,
        "R2": 0.6298131358036716,
        "KL divergence": 0.07529712390522644,
        "KS statistic": 0.21238263877450173,
        "W2 distance": 3.5194952682085137e-09,
        "Sliced Wasserstein distance": 1.3320027106102478e-09
    },
    "forecast_metrics": {
        "mse": 0.16530314087867737,
        "mae": 0.29793697595596313
    }
}