{
    "config": {
        "seed": 42,
        "dataset_name": "exchange_rate",
        "missing_rate": 0.5,
        "missing_type": "D-MNAR",
        "completeness_rate": 0.8,
        "imputation_method": "knn",
        "forecast_model": "TimesNet"
    },
    "imputed_metrics": {
        "RMSE": 0.0108515340285122,
        "MAE": 0.0108515340285122,
        "R2": 0.9981271697694437,
        "KL divergence": 0.0007378177579306965,
        "KS statistic": 0.006897545709108879,
        "W2 distance": 2.9937331729032004e-12,
        "Sliced Wasserstein distance": 4.366773838125057e-12
    },
    "forecast_metrics": {
        "mse": 0.10761645436286926,
        "mae": 0.23567499220371246
    }
}