{
    "config": {
        "seed": 42,
        "dataset_name": "exchange_rate",
        "missing_rate": 0.6,
        "missing_type": "MAR",
        "completeness_rate": 0.8,
        "imputation_method": "IIM",
        "forecast_model": "TimesNet"
    },
    "imputed_metrics": {
        "RMSE": 0.05963971544243994,
        "MAE": 0.013607462066758565,
        "R2": 0.9965999018743714,
        "KL divergence": 0.0014733817495745146,
        "KS statistic": 0.00617690660517213,
        "W2 distance": 1.4456333773881479e-11,
        "Sliced Wasserstein distance": 4.9608250738221365e-11
    },
    "forecast_metrics": {
        "mse": 0.10549855977296829,
        "mae": 0.233779177069664
    }
}