{
    "config": {
        "seed": 42,
        "dataset_name": "exchange_rate",
        "missing_rate": 0.8,
        "missing_type": "MAR",
        "completeness_rate": 0.9,
        "imputation_method": "forward",
        "forecast_model": "TimesNet"
    },
    "imputed_metrics": {
        "RMSE": 0.004848655023913055,
        "MAE": 0.004848655023913055,
        "R2": 0.9993954682898627,
        "KL divergence": 0.0003700195016913464,
        "KS statistic": 0.0019354307362872674,
        "W2 distance": 1.7923744091796078e-12,
        "Sliced Wasserstein distance": 3.2664281316089457e-12
    },
    "forecast_metrics": {
        "mse": 0.10371900349855423,
        "mae": 0.23143820464611053
    }
}