{
    "config": {
        "seed": 42,
        "dataset_name": "exchange_rate",
        "missing_rate": 0.5,
        "missing_type": "MCAR",
        "completeness_rate": 0.8,
        "imputation_method": "knn",
        "forecast_model": "TimesNet"
    },
    "imputed_metrics": {
        "RMSE": 0.008474026971713535,
        "MAE": 0.008474026971713535,
        "R2": 0.9987294886107556,
        "KL divergence": 0.0003616255947746445,
        "KS statistic": 0.0038090924065228133,
        "W2 distance": 3.862553626994375e-12,
        "Sliced Wasserstein distance": 7.370481592602021e-12
    },
    "forecast_metrics": {
        "mse": 0.10738413780927658,
        "mae": 0.2376481294631958
    }
}