{
    "config": {
        "seed": 42,
        "dataset_name": "exchange_rate",
        "missing_rate": 0.2,
        "missing_type": "F-MNAR",
        "completeness_rate": 0.8,
        "imputation_method": "mean",
        "forecast_model": "TimesNet"
    },
    "imputed_metrics": {
        "RMSE": 0.2219129417785964,
        "MAE": 0.04001618908240317,
        "R2": 0.9498584807916323,
        "KL divergence": 0.010016052022695319,
        "KS statistic": 0.02619008400592983,
        "W2 distance": 1.4530217072513103e-10,
        "Sliced Wasserstein distance": 3.728694699334606e-10
    },
    "forecast_metrics": {
        "mse": 0.1314747929573059,
        "mae": 0.2556089758872986
    }
}