{
    "config": {
        "seed": 42,
        "dataset_name": "exchange_rate",
        "missing_rate": 0.6,
        "missing_type": "MCAR",
        "completeness_rate": 0.3,
        "imputation_method": "forward",
        "forecast_model": "TimesNet"
    },
    "imputed_metrics": {
        "RMSE": 0.036958897190872336,
        "MAE": 0.014535125604252257,
        "R2": 0.9986091822175788,
        "KL divergence": 0.0004515422658950242,
        "KS statistic": 0.004570910887827376,
        "W2 distance": 2.759806700248857e-12,
        "Sliced Wasserstein distance": 8.00417526377775e-12
    },
    "forecast_metrics": {
        "mse": 0.10369870811700821,
        "mae": 0.2320614755153656
    }
}