{
    "config": {
        "seed": 42,
        "dataset_name": "exchange_rate",
        "missing_rate": 0.5,
        "missing_type": "MAR",
        "completeness_rate": 0.8,
        "imputation_method": "forward",
        "forecast_model": "TimesNet"
    },
    "imputed_metrics": {
        "RMSE": 0.004389173565793073,
        "MAE": 0.004389173565793073,
        "R2": 0.9995997278659784,
        "KL divergence": 0.00017815447932833356,
        "KS statistic": 0.0015648163399769395,
        "W2 distance": 1.0330427244882789e-12,
        "Sliced Wasserstein distance": 1.176067861098722e-11
    },
    "forecast_metrics": {
        "mse": 0.10496702045202255,
        "mae": 0.23516632616519928
    }
}