{
    "config": {
        "seed": 42,
        "dataset_name": "exchange_rate",
        "missing_rate": 0.5,
        "missing_type": "D-MNAR",
        "completeness_rate": 0.5,
        "imputation_method": "knn",
        "forecast_model": "TimesNet"
    },
    "imputed_metrics": {
        "RMSE": 0.24687007262208233,
        "MAE": 0.07873990115042945,
        "R2": 0.9379460949933568,
        "KL divergence": 0.01568917289056051,
        "KS statistic": 0.07010788996870368,
        "W2 distance": 8.765903245128372e-10,
        "Sliced Wasserstein distance": 2.0121881850384347e-10
    },
    "forecast_metrics": {
        "mse": 0.11710663139820099,
        "mae": 0.2477770894765854
    }
}