{
    "config": {
        "seed": 42,
        "dataset_name": "exchange_rate",
        "missing_rate": 0.4,
        "missing_type": "MAR",
        "completeness_rate": 0.5,
        "imputation_method": "xgboost",
        "forecast_model": "TimesNet"
    },
    "imputed_metrics": {
        "RMSE": 0.1633547252019235,
        "MAE": 0.06175416299791898,
        "R2": 0.972995364898292,
        "KL divergence": 0.009571540834019622,
        "KS statistic": 0.0765730522154505,
        "W2 distance": 2.9295563001989665e-10,
        "Sliced Wasserstein distance": 1.066773709524634e-10
    },
    "forecast_metrics": {
        "mse": 0.1192891076207161,
        "mae": 0.24713946878910065
    }
}