{
    "config": {
        "seed": 42,
        "dataset_name": "exchange_rate",
        "missing_rate": 0.6,
        "missing_type": "F-MNAR",
        "completeness_rate": 0.3,
        "imputation_method": "IIM",
        "forecast_model": "TimesNet"
    },
    "imputed_metrics": {
        "RMSE": 0.502863071922222,
        "MAE": 0.2508802244746718,
        "R2": 0.7512932911400205,
        "KL divergence": 0.06027228814414905,
        "KS statistic": 0.12773842859495965,
        "W2 distance": 2.090423220892039e-09,
        "Sliced Wasserstein distance": 1.2400646140366716e-09
    },
    "forecast_metrics": {
        "mse": 0.14229165017604828,
        "mae": 0.27365121245384216
    }
}