{
    "config": {
        "seed": 42,
        "dataset_name": "exchange_rate",
        "missing_rate": 0.5,
        "missing_type": "D-MNAR",
        "completeness_rate": 0.7,
        "imputation_method": "forward",
        "forecast_model": "TimesNet"
    },
    "imputed_metrics": {
        "RMSE": 0.029363193909170977,
        "MAE": 0.0043043111875621,
        "R2": 0.9991221126052929,
        "KL divergence": 0.0003101233201130936,
        "KS statistic": 0.0028825564157469938,
        "W2 distance": 1.621851113904398e-12,
        "Sliced Wasserstein distance": 1.8351602830501506e-12
    },
    "forecast_metrics": {
        "mse": 0.10599124431610107,
        "mae": 0.23558710515499115
    }
}