{
    "config": {
        "seed": 42,
        "dataset_name": "exchange_rate",
        "missing_rate": 0.1,
        "missing_type": "F-MNAR",
        "completeness_rate": 0.9,
        "imputation_method": "forward",
        "forecast_model": "TimesNet"
    },
    "imputed_metrics": {
        "RMSE": 0.003761178655670143,
        "MAE": 0.00024184443063883672,
        "R2": 0.9999855960981738,
        "KL divergence": 4.8206076830706596e-06,
        "KS statistic": 0.0001853071981551639,
        "W2 distance": 2.9757535090850444e-13,
        "Sliced Wasserstein distance": 2.006346809785613e-13
    },
    "forecast_metrics": {
        "mse": 0.10498650372028351,
        "mae": 0.23475195467472076
    }
}