{
    "config": {
        "seed": 42,
        "dataset_name": "exchange_rate",
        "missing_rate": 0.4,
        "missing_type": "MAR",
        "completeness_rate": 0.4,
        "imputation_method": "knn",
        "forecast_model": "TimesNet"
    },
    "imputed_metrics": {
        "RMSE": 0.056570891950170114,
        "MAE": 0.056570891950170114,
        "R2": 0.971420773635769,
        "KL divergence": 0.007852431733422207,
        "KS statistic": 0.04435018942513588,
        "W2 distance": 1.7947131963871634e-10,
        "Sliced Wasserstein distance": 1.1055802716057889e-10
    },
    "forecast_metrics": {
        "mse": 0.11187705397605896,
        "mae": 0.24013516306877136
    }
}