{
    "config": {
        "seed": 42,
        "dataset_name": "exchange_rate",
        "missing_rate": 0.1,
        "missing_type": "MAR",
        "completeness_rate": 0.7,
        "imputation_method": "forward",
        "forecast_model": "TimesNet"
    },
    "imputed_metrics": {
        "RMSE": 0.012094677383352462,
        "MAE": 0.0006275552252668179,
        "R2": 0.9998510567576923,
        "KL divergence": 4.2252066965786826e-05,
        "KS statistic": 0.0009059463020919124,
        "W2 distance": 4.655675471327844e-13,
        "Sliced Wasserstein distance": 2.499354343077267e-13
    },
    "forecast_metrics": {
        "mse": 0.10532061010599136,
        "mae": 0.23515500128269196
    }
}