{
    "config": {
        "seed": 42,
        "dataset_name": "exchange_rate",
        "missing_rate": 0.1,
        "missing_type": "D-MNAR",
        "completeness_rate": 0.3,
        "imputation_method": "mean",
        "forecast_model": "TimesNet"
    },
    "imputed_metrics": {
        "RMSE": 0.06454618014930515,
        "MAE": 0.06454618014930515,
        "R2": 0.9152619520994915,
        "KL divergence": 0.01759834806656575,
        "KS statistic": 0.04859166529402076,
        "W2 distance": 2.136615820554824e-10,
        "Sliced Wasserstein distance": 5.895699692461467e-10
    },
    "forecast_metrics": {
        "mse": 0.12037248909473419,
        "mae": 0.24754127860069275
    }
}