{
    "config": {
        "seed": 42,
        "dataset_name": "exchange_rate",
        "missing_rate": 0.8,
        "missing_type": "D-MNAR",
        "completeness_rate": 0.8,
        "imputation_method": "xgboost",
        "forecast_model": "TimesNet"
    },
    "imputed_metrics": {
        "RMSE": 0.06256448904445881,
        "MAE": 0.06256448904445881,
        "R2": 0.9733124019361761,
        "KL divergence": 0.007559381558681504,
        "KS statistic": 0.06419864931642234,
        "W2 distance": 4.74709345962916e-10,
        "Sliced Wasserstein distance": 1.595701332457189e-10
    },
    "forecast_metrics": {
        "mse": 0.1317816972732544,
        "mae": 0.26317015290260315
    }
}