{
    "config": {
        "seed": 42,
        "dataset_name": "exchange_rate",
        "missing_rate": 0.9,
        "missing_type": "F-MNAR",
        "completeness_rate": 0.4,
        "imputation_method": "xgboost",
        "forecast_model": "TimesNet"
    },
    "imputed_metrics": {
        "RMSE": 0.3167894683140629,
        "MAE": 0.19056693497832883,
        "R2": 0.9008507285723817,
        "KL divergence": 0.021341515805768103,
        "KS statistic": 0.17031790479327952,
        "W2 distance": 1.5478205627026763e-09,
        "Sliced Wasserstein distance": 4.761119757471035e-10
    },
    "forecast_metrics": {
        "mse": 0.17553897202014923,
        "mae": 0.3019850552082062
    }
}