{
    "config": {
        "seed": 42,
        "dataset_name": "exchange_rate",
        "missing_rate": 0.9,
        "missing_type": "D-MNAR",
        "completeness_rate": 0.3,
        "imputation_method": "knn",
        "forecast_model": "TimesNet"
    },
    "imputed_metrics": {
        "RMSE": 0.4710178949749637,
        "MAE": 0.4710178949749637,
        "R2": 0.32962134828567013,
        "KL divergence": 0.115665461306047,
        "KS statistic": 0.19780513918629547,
        "W2 distance": 2.0962369359707807e-09,
        "Sliced Wasserstein distance": 1.1068858220896566e-09
    },
    "forecast_metrics": {
        "mse": 0.10584929585456848,
        "mae": 0.23307326436042786
    }
}