{
    "config": {
        "seed": 42,
        "dataset_name": "exchange_rate",
        "missing_rate": 0.7,
        "missing_type": "F-MNAR",
        "completeness_rate": 0.4,
        "imputation_method": "xgboost",
        "forecast_model": "TimesNet"
    },
    "imputed_metrics": {
        "RMSE": 0.25994421857164923,
        "MAE": 0.137961339711003,
        "R2": 0.933134323299764,
        "KL divergence": 0.016724952069527534,
        "KS statistic": 0.12992093559545378,
        "W2 distance": 7.43975121279918e-10,
        "Sliced Wasserstein distance": 2.9074523886767933e-10
    },
    "forecast_metrics": {
        "mse": 0.14843733608722687,
        "mae": 0.2766251266002655
    }
}