{
    "config": {
        "seed": 42,
        "dataset_name": "exchange_rate",
        "missing_rate": 0.7,
        "missing_type": "MCAR",
        "completeness_rate": 0.9,
        "imputation_method": "knn",
        "forecast_model": "TimesNet"
    },
    "imputed_metrics": {
        "RMSE": 0.005387706173261796,
        "MAE": 0.005387706173261796,
        "R2": 0.9993624625434955,
        "KL divergence": 0.00022610256924843815,
        "KS statistic": 0.0034384780102124854,
        "W2 distance": 1.0984043658001672e-12,
        "Sliced Wasserstein distance": 2.4818182038879514e-12
    },
    "forecast_metrics": {
        "mse": 0.10599472373723984,
        "mae": 0.2359286993741989
    }
}