{
    "config": {
        "seed": 42,
        "dataset_name": "exchange_rate",
        "missing_rate": 0.6,
        "missing_type": "MAR",
        "completeness_rate": 0.4,
        "imputation_method": "knn",
        "forecast_model": "TimesNet"
    },
    "imputed_metrics": {
        "RMSE": 0.16892696522685663,
        "MAE": 0.16892696522685663,
        "R2": 0.8307722382420479,
        "KL divergence": 0.04418470436534951,
        "KS statistic": 0.13405946302091912,
        "W2 distance": 1.0127009787261535e-09,
        "Sliced Wasserstein distance": 7.686392141841583e-10
    },
    "forecast_metrics": {
        "mse": 0.14874045550823212,
        "mae": 0.2790997624397278
    }
}