{
    "config": {
        "seed": 42,
        "dataset_name": "exchange_rate",
        "missing_rate": 0.6,
        "missing_type": "MCAR",
        "completeness_rate": 0.3,
        "imputation_method": "knn",
        "forecast_model": "TimesNet"
    },
    "imputed_metrics": {
        "RMSE": 0.2538412558282092,
        "MAE": 0.2538412558282092,
        "R2": 0.7127161984994932,
        "KL divergence": 0.07400010763238485,
        "KS statistic": 0.06650469444901994,
        "W2 distance": 4.329619509064149e-10,
        "Sliced Wasserstein distance": 8.46487333207269e-10
    },
    "forecast_metrics": {
        "mse": 0.13323135673999786,
        "mae": 0.26651203632354736
    }
}