{
    "config": {
        "seed": 42,
        "dataset_name": "exchange_rate",
        "missing_rate": 0.4,
        "missing_type": "MCAR",
        "completeness_rate": 0.4,
        "imputation_method": "knn",
        "forecast_model": "TimesNet"
    },
    "imputed_metrics": {
        "RMSE": 0.0526752951300406,
        "MAE": 0.0526752951300406,
        "R2": 0.9740720736512055,
        "KL divergence": 0.0064849511810843585,
        "KS statistic": 0.03411711414923407,
        "W2 distance": 1.554961895967321e-10,
        "Sliced Wasserstein distance": 5.999471808642454e-11
    },
    "forecast_metrics": {
        "mse": 0.10963951051235199,
        "mae": 0.2379574179649353
    }
}