{
    "config": {
        "seed": 42,
        "dataset_name": "exchange_rate",
        "missing_rate": 0.8,
        "missing_type": "F-MNAR",
        "completeness_rate": 0.8,
        "imputation_method": "knn",
        "forecast_model": "TimesNet"
    },
    "imputed_metrics": {
        "RMSE": 0.11706710538195438,
        "MAE": 0.03683710514237269,
        "R2": 0.9860458949849775,
        "KL divergence": 0.0027038010897851746,
        "KS statistic": 0.020280843353648492,
        "W2 distance": 6.808907569451751e-11,
        "Sliced Wasserstein distance": 9.33206295785227e-11
    },
    "forecast_metrics": {
        "mse": 0.1113770455121994,
        "mae": 0.23966816067695618
    }
}