{
    "config": {
        "seed": 42,
        "dataset_name": "exchange_rate",
        "missing_rate": 0.1,
        "missing_type": "D-MNAR",
        "completeness_rate": 0.4,
        "imputation_method": "xgboost",
        "forecast_model": "TimesNet"
    },
    "imputed_metrics": {
        "RMSE": 0.08330089655678899,
        "MAE": 0.017420164716557985,
        "R2": 0.9931402404195064,
        "KL divergence": 0.002456697756549558,
        "KS statistic": 0.020527919617855377,
        "W2 distance": 2.5641696430565214e-11,
        "Sliced Wasserstein distance": 7.187345327862258e-11
    },
    "forecast_metrics": {
        "mse": 0.10792604088783264,
        "mae": 0.23628999292850494
    }
}