{
    "config": {
        "seed": 42,
        "dataset_name": "exchange_rate",
        "missing_rate": 0.4,
        "missing_type": "F-MNAR",
        "completeness_rate": 0.9,
        "imputation_method": "knn",
        "forecast_model": "TimesNet"
    },
    "imputed_metrics": {
        "RMSE": 0.015869330632501642,
        "MAE": 0.0023919751387435953,
        "R2": 0.9997435814475369,
        "KL divergence": 0.00020003436040762971,
        "KS statistic": 0.0014206885191895898,
        "W2 distance": 5.4220612555157776e-12,
        "Sliced Wasserstein distance": 5.3299287513779805e-12
    },
    "forecast_metrics": {
        "mse": 0.10536202788352966,
        "mae": 0.2353786677122116
    }
}