{
    "config": {
        "seed": 42,
        "dataset_name": "exchange_rate",
        "missing_rate": 0.2,
        "missing_type": "MCAR",
        "completeness_rate": 0.7,
        "imputation_method": "mean",
        "forecast_model": "TimesNet"
    },
    "imputed_metrics": {
        "RMSE": 0.05794785099436722,
        "MAE": 0.05794785099436722,
        "R2": 0.931674527858658,
        "KL divergence": 0.019794639036817115,
        "KS statistic": 0.04385603689672212,
        "W2 distance": 4.142684945608266e-10,
        "Sliced Wasserstein distance": 3.747296286104716e-10
    },
    "forecast_metrics": {
        "mse": 0.11851648986339569,
        "mae": 0.25093623995780945
    }
}