{
    "config": {
        "seed": 42,
        "dataset_name": "exchange_rate",
        "missing_rate": 0.4,
        "missing_type": "MAR",
        "completeness_rate": 0.8,
        "imputation_method": "forward",
        "forecast_model": "TimesNet"
    },
    "imputed_metrics": {
        "RMSE": 0.0030957104341977314,
        "MAE": 0.0030957104341977314,
        "R2": 0.999737978228005,
        "KL divergence": 0.00010020592623542472,
        "KS statistic": 0.0016265854060286608,
        "W2 distance": 9.112855066670845e-13,
        "Sliced Wasserstein distance": 1.1778792228144597e-11
    },
    "forecast_metrics": {
        "mse": 0.10554631054401398,
        "mae": 0.23555515706539154
    }
}