{
    "config": {
        "seed": 42,
        "dataset_name": "exchange_rate",
        "missing_rate": 0.9,
        "missing_type": "F-MNAR",
        "completeness_rate": 0.5,
        "imputation_method": "xgboost",
        "forecast_model": "TimesNet"
    },
    "imputed_metrics": {
        "RMSE": 0.15262690400707318,
        "MAE": 0.15262690400707318,
        "R2": 0.9247889261991886,
        "KL divergence": 0.019311028039046933,
        "KS statistic": 0.15444325481798715,
        "W2 distance": 1.6442558523975278e-09,
        "Sliced Wasserstein distance": 2.9528160868929305e-10
    },
    "forecast_metrics": {
        "mse": 0.14798511564731598,
        "mae": 0.2798173129558563
    }
}