{
    "config": {
        "seed": 42,
        "dataset_name": "exchange_rate",
        "missing_rate": 0.7,
        "missing_type": "MCAR",
        "completeness_rate": 0.5,
        "imputation_method": "IIM",
        "forecast_model": "TimesNet"
    },
    "imputed_metrics": {
        "RMSE": 0.3269952621617009,
        "MAE": 0.29834715475330464,
        "R2": 0.6488129812913189,
        "KL divergence": 0.07901350936026524,
        "KS statistic": 0.21893015977598418,
        "W2 distance": 5.4917705927562265e-09,
        "Sliced Wasserstein distance": 1.960991028062437e-09
    },
    "forecast_metrics": {
        "mse": 0.25047704577445984,
        "mae": 0.3448895215988159
    }
}