{
    "config": {
        "seed": 42,
        "dataset_name": "exchange_rate",
        "missing_rate": 0.9,
        "missing_type": "F-MNAR",
        "completeness_rate": 0.8,
        "imputation_method": "forward",
        "forecast_model": "TimesNet"
    },
    "imputed_metrics": {
        "RMSE": 0.017679071149083,
        "MAE": 0.017679071149083,
        "R2": 0.9962839814274246,
        "KL divergence": 0.0009352812082806827,
        "KS statistic": 0.009409487728545544,
        "W2 distance": 1.670034010898943e-11,
        "Sliced Wasserstein distance": 3.054621550529089e-11
    },
    "forecast_metrics": {
        "mse": 0.10543899983167648,
        "mae": 0.23394791781902313
    }
}