{
    "config": {
        "seed": 42,
        "dataset_name": "exchange_rate",
        "missing_rate": 0.3,
        "missing_type": "F-MNAR",
        "completeness_rate": 0.6,
        "imputation_method": "xgboost",
        "forecast_model": "TimesNet"
    },
    "imputed_metrics": {
        "RMSE": 0.12838474633788358,
        "MAE": 0.041676884197313774,
        "R2": 0.9834036675939797,
        "KL divergence": 0.007464693932613317,
        "KS statistic": 0.0548097512765607,
        "W2 distance": 2.0462498428971571e-10,
        "Sliced Wasserstein distance": 6.869024065012698e-11
    },
    "forecast_metrics": {
        "mse": 0.12018534541130066,
        "mae": 0.2485319823026657
    }
}