{
    "config": {
        "seed": 42,
        "dataset_name": "exchange_rate",
        "missing_rate": 0.3,
        "missing_type": "MCAR",
        "completeness_rate": 0.3,
        "imputation_method": "knn",
        "forecast_model": "TimesNet"
    },
    "imputed_metrics": {
        "RMSE": 0.19936240207320585,
        "MAE": 0.06524715505660532,
        "R2": 0.9595313476288766,
        "KL divergence": 0.00923552422143262,
        "KS statistic": 0.028599077581946963,
        "W2 distance": 9.550561250463459e-11,
        "Sliced Wasserstein distance": 2.3006839191912176e-10
    },
    "forecast_metrics": {
        "mse": 0.12526372075080872,
        "mae": 0.25404155254364014
    }
}