{
    "config": {
        "seed": 42,
        "dataset_name": "exchange_rate",
        "missing_rate": 0.1,
        "missing_type": "MCAR",
        "completeness_rate": 0.3,
        "imputation_method": "knn",
        "forecast_model": "TimesNet"
    },
    "imputed_metrics": {
        "RMSE": 0.07674766205330848,
        "MAE": 0.01434923649722502,
        "R2": 0.9940026066192217,
        "KL divergence": 0.001357327490236247,
        "KS statistic": 0.00887415582276396,
        "W2 distance": 1.660169953327386e-11,
        "Sliced Wasserstein distance": 5.927997862851715e-11
    },
    "forecast_metrics": {
        "mse": 0.1090855672955513,
        "mae": 0.23602169752120972
    }
}