{
    "config": {
        "seed": 42,
        "dataset_name": "exchange_rate",
        "missing_rate": 0.2,
        "missing_type": "D-MNAR",
        "completeness_rate": 0.6,
        "imputation_method": "IIM",
        "forecast_model": "TimesNet"
    },
    "imputed_metrics": {
        "RMSE": 0.04005916209597671,
        "MAE": 0.005091610417852174,
        "R2": 0.9983650821269128,
        "KL divergence": 0.0004967296051395355,
        "KS statistic": 0.007577005435677813,
        "W2 distance": 1.34102167831281e-11,
        "Sliced Wasserstein distance": 3.796766128696836e-12
    },
    "forecast_metrics": {
        "mse": 0.10692176222801208,
        "mae": 0.23675358295440674
    }
}