{
    "config": {
        "seed": 42,
        "dataset_name": "exchange_rate",
        "missing_rate": 0.9,
        "missing_type": "MAR",
        "completeness_rate": 0.7,
        "imputation_method": "knn",
        "forecast_model": "TimesNet"
    },
    "imputed_metrics": {
        "RMSE": 0.19782132700993896,
        "MAE": 0.19782132700993896,
        "R2": 0.7432388762562538,
        "KL divergence": 0.06358232832433186,
        "KS statistic": 0.1360154834458903,
        "W2 distance": 1.7128385754968243e-09,
        "Sliced Wasserstein distance": 6.679685089712687e-10
    },
    "forecast_metrics": {
        "mse": 0.10646887123584747,
        "mae": 0.22965237498283386
    }
}