{
    "config": {
        "seed": 42,
        "dataset_name": "exchange_rate",
        "missing_rate": 0.2,
        "missing_type": "D-MNAR",
        "completeness_rate": 0.8,
        "imputation_method": "forward",
        "forecast_model": "TimesNet"
    },
    "imputed_metrics": {
        "RMSE": 0.0012023074093976255,
        "MAE": 0.0012023074093976255,
        "R2": 0.9999361561422263,
        "KL divergence": 2.6387987085769824e-05,
        "KS statistic": 0.0007206391039367484,
        "W2 distance": 3.0102202160010085e-13,
        "Sliced Wasserstein distance": 3.1314669793626166e-13
    },
    "forecast_metrics": {
        "mse": 0.10544735193252563,
        "mae": 0.23544277250766754
    }
}