{
    "config": {
        "seed": 42,
        "dataset_name": "exchange_rate",
        "missing_rate": 0.1,
        "missing_type": "F-MNAR",
        "completeness_rate": 0.3,
        "imputation_method": "mean",
        "forecast_model": "TimesNet"
    },
    "imputed_metrics": {
        "RMSE": 0.05994901604244555,
        "MAE": 0.05994901604244555,
        "R2": 0.9312870350436316,
        "KL divergence": 0.018173885782513152,
        "KS statistic": 0.05225662987975621,
        "W2 distance": 3.1075431693917034e-10,
        "Sliced Wasserstein distance": 5.66774029047294e-10
    },
    "forecast_metrics": {
        "mse": 0.11598052084445953,
        "mae": 0.245479017496109
    }
}