{
    "config": {
        "seed": 42,
        "dataset_name": "exchange_rate",
        "missing_rate": 0.5,
        "missing_type": "D-MNAR",
        "completeness_rate": 0.5,
        "imputation_method": "IIM",
        "forecast_model": "TimesNet"
    },
    "imputed_metrics": {
        "RMSE": 0.2880959310180383,
        "MAE": 0.07871742585841879,
        "R2": 0.9173657791285419,
        "KL divergence": 0.02546892777589468,
        "KS statistic": 0.05347142151210674,
        "W2 distance": 2.0048588273876722e-09,
        "Sliced Wasserstein distance": 6.489956542332229e-10
    },
    "forecast_metrics": {
        "mse": 0.12474101036787033,
        "mae": 0.2549895644187927
    }
}