{
    "config": {
        "seed": 42,
        "dataset_name": "exchange_rate",
        "missing_rate": 0.5,
        "missing_type": "F-MNAR",
        "completeness_rate": 0.2,
        "imputation_method": "xgboost",
        "forecast_model": "TimesNet"
    },
    "imputed_metrics": {
        "RMSE": 0.14145949229721175,
        "MAE": 0.14145949229721175,
        "R2": 0.9306163278228694,
        "KL divergence": 0.015612531824202702,
        "KS statistic": 0.1287267336517872,
        "W2 distance": 6.159944528163071e-10,
        "Sliced Wasserstein distance": 4.260287859884839e-10
    },
    "forecast_metrics": {
        "mse": 0.16056351363658905,
        "mae": 0.2869502902030945
    }
}