{
    "config": {
        "seed": 42,
        "dataset_name": "exchange_rate",
        "missing_rate": 0.1,
        "missing_type": "F-MNAR",
        "completeness_rate": 0.4,
        "imputation_method": "knn",
        "forecast_model": "TimesNet"
    },
    "imputed_metrics": {
        "RMSE": 0.028368593924504606,
        "MAE": 0.004510981832623101,
        "R2": 0.9991805775686782,
        "KL divergence": 0.0002297436107728344,
        "KS statistic": 0.0038708614725745344,
        "W2 distance": 1.0817914464482704e-12,
        "Sliced Wasserstein distance": 2.3388479039871235e-12
    },
    "forecast_metrics": {
        "mse": 0.10349070280790329,
        "mae": 0.23268622159957886
    }
}