{
    "config": {
        "seed": 42,
        "dataset_name": "exchange_rate",
        "missing_rate": 0.4,
        "missing_type": "MCAR",
        "completeness_rate": 0.4,
        "imputation_method": "IIM",
        "forecast_model": "TimesNet"
    },
    "imputed_metrics": {
        "RMSE": 0.05096851348218784,
        "MAE": 0.05096851348218784,
        "R2": 0.9745039376299822,
        "KL divergence": 0.011062849873865896,
        "KS statistic": 0.031605172129797396,
        "W2 distance": 1.0067981420104903e-09,
        "Sliced Wasserstein distance": 1.7272422780050517e-10
    },
    "forecast_metrics": {
        "mse": 0.11118245124816895,
        "mae": 0.23810936510562897
    }
}