{
    "config": {
        "seed": 42,
        "dataset_name": "exchange_rate",
        "missing_rate": 0.7,
        "missing_type": "D-MNAR",
        "completeness_rate": 0.1,
        "imputation_method": "xgboost",
        "forecast_model": "TimesNet"
    },
    "imputed_metrics": {
        "RMSE": 0.21712516889797315,
        "MAE": 0.21712516889797315,
        "R2": 0.8825709196264148,
        "KL divergence": 0.02409140056263987,
        "KS statistic": 0.17989211003129635,
        "W2 distance": 1.3419255900821518e-09,
        "Sliced Wasserstein distance": 5.918662770898007e-10
    },
    "forecast_metrics": {
        "mse": 0.1763700395822525,
        "mae": 0.2999299168586731
    }
}