{
    "config": {
        "seed": 42,
        "dataset_name": "exchange_rate",
        "missing_rate": 0.8,
        "missing_type": "D-MNAR",
        "completeness_rate": 0.9,
        "imputation_method": "forward",
        "forecast_model": "TimesNet"
    },
    "imputed_metrics": {
        "RMSE": 0.00520119991868642,
        "MAE": 0.00520119991868642,
        "R2": 0.9992016897960088,
        "KL divergence": 0.00018114734338956873,
        "KS statistic": 0.0030060945478504364,
        "W2 distance": 1.53321567022786e-12,
        "Sliced Wasserstein distance": 3.3139746851437002e-12
    },
    "forecast_metrics": {
        "mse": 0.10401874780654907,
        "mae": 0.23136170208454132
    }
}