{
    "config": {
        "seed": 42,
        "dataset_name": "exchange_rate",
        "missing_rate": 0.1,
        "missing_type": "MCAR",
        "completeness_rate": 0.9,
        "imputation_method": "forward",
        "forecast_model": "TimesNet"
    },
    "imputed_metrics": {
        "RMSE": 0.004182741254165055,
        "MAE": 0.0002316905410836087,
        "R2": 0.9999821862962087,
        "KL divergence": 5.777890034939068e-06,
        "KS statistic": 0.0001853071981551639,
        "W2 distance": 2.967767624792685e-13,
        "Sliced Wasserstein distance": 3.23236941905695e-13
    },
    "forecast_metrics": {
        "mse": 0.10523579269647598,
        "mae": 0.23508499562740326
    }
}