{
    "config": {
        "seed": 42,
        "dataset_name": "exchange_rate",
        "missing_rate": 0.6,
        "missing_type": "MAR",
        "completeness_rate": 0.5,
        "imputation_method": "knn",
        "forecast_model": "TimesNet"
    },
    "imputed_metrics": {
        "RMSE": 0.11170686990321689,
        "MAE": 0.11170686990321689,
        "R2": 0.9204432498491435,
        "KL divergence": 0.023696273861189852,
        "KS statistic": 0.10327787843847801,
        "W2 distance": 5.780661083211346e-10,
        "Sliced Wasserstein distance": 3.2537073722400515e-10
    },
    "forecast_metrics": {
        "mse": 0.15423741936683655,
        "mae": 0.2819013297557831
    }
}