{
    "config": {
        "seed": 42,
        "dataset_name": "exchange_rate",
        "missing_rate": 0.5,
        "missing_type": "MCAR",
        "completeness_rate": 0.4,
        "imputation_method": "mean",
        "forecast_model": "TimesNet"
    },
    "imputed_metrics": {
        "RMSE": 0.5353885000070809,
        "MAE": 0.2504891010565356,
        "R2": 0.708142872488285,
        "KL divergence": 0.0631655487731082,
        "KS statistic": 0.17266512930324493,
        "W2 distance": 2.608564410756809e-09,
        "Sliced Wasserstein distance": 1.3362783112275685e-09
    },
    "forecast_metrics": {
        "mse": 0.2028801590204239,
        "mae": 0.3222910463809967
    }
}