{
    "config": {
        "seed": 42,
        "dataset_name": "exchange_rate",
        "missing_rate": 0.9,
        "missing_type": "F-MNAR",
        "completeness_rate": 0.8,
        "imputation_method": "mean",
        "forecast_model": "TimesNet"
    },
    "imputed_metrics": {
        "RMSE": 0.16415513065495965,
        "MAE": 0.16415513065495965,
        "R2": 0.8015428895060761,
        "KL divergence": 0.041030842180409796,
        "KS statistic": 0.12415582276395981,
        "W2 distance": 2.670679077064686e-09,
        "Sliced Wasserstein distance": 2.121067038649748e-09
    },
    "forecast_metrics": {
        "mse": 0.9644094705581665,
        "mae": 0.45843803882598877
    }
}