{
    "config": {
        "seed": 42,
        "dataset_name": "exchange_rate",
        "missing_rate": 0.7,
        "missing_type": "MAR",
        "completeness_rate": 0.1,
        "imputation_method": "IIM",
        "forecast_model": "TimesNet"
    },
    "imputed_metrics": {
        "RMSE": 1.0072830010372176,
        "MAE": 0.5334261874555563,
        "R2": 0.078061088635066,
        "KL divergence": 0.1643008161320715,
        "KS statistic": 0.14727804315598747,
        "W2 distance": 3.306490016894655e-09,
        "Sliced Wasserstein distance": 2.0872529672864832e-09
    },
    "forecast_metrics": {
        "mse": 0.08389616757631302,
        "mae": 0.2053348273038864
    }
}