{
    "config": {
        "seed": 42,
        "dataset_name": "exchange_rate",
        "missing_rate": 0.7,
        "missing_type": "F-MNAR",
        "completeness_rate": 0.5,
        "imputation_method": "IIM",
        "forecast_model": "TimesNet"
    },
    "imputed_metrics": {
        "RMSE": 0.4395057452778237,
        "MAE": 0.18337889567853502,
        "R2": 0.802163942046576,
        "KL divergence": 0.04905885655504335,
        "KS statistic": 0.10280431559874816,
        "W2 distance": 1.3241614775484508e-09,
        "Sliced Wasserstein distance": 7.963887465230861e-10
    },
    "forecast_metrics": {
        "mse": 0.12406179308891296,
        "mae": 0.25463253259658813
    }
}