{
    "config": {
        "seed": 42,
        "dataset_name": "exchange_rate",
        "missing_rate": 0.6,
        "missing_type": "MCAR",
        "completeness_rate": 0.1,
        "imputation_method": "xgboost",
        "forecast_model": "TimesNet"
    },
    "imputed_metrics": {
        "RMSE": 0.1561129470825886,
        "MAE": 0.1561129470825886,
        "R2": 0.9272228511946948,
        "KL divergence": 0.015673624476675977,
        "KS statistic": 0.12182918794267829,
        "W2 distance": 6.421361849219949e-10,
        "Sliced Wasserstein distance": 5.395118298080759e-10
    },
    "forecast_metrics": {
        "mse": 0.15964928269386292,
        "mae": 0.2847691476345062
    }
}