{
    "config": {
        "seed": 42,
        "dataset_name": "exchange_rate",
        "missing_rate": 0.3,
        "missing_type": "MAR",
        "completeness_rate": 0.3,
        "imputation_method": "IIM",
        "forecast_model": "TimesNet"
    },
    "imputed_metrics": {
        "RMSE": 0.24934938662591621,
        "MAE": 0.07628128501146647,
        "R2": 0.9373724539806787,
        "KL divergence": 0.01510472248131394,
        "KS statistic": 0.04140586394333718,
        "W2 distance": 3.3973654008718603e-10,
        "Sliced Wasserstein distance": 2.1879152086956879e-10
    },
    "forecast_metrics": {
        "mse": 0.11567853391170502,
        "mae": 0.24561834335327148
    }
}