{
    "config": {
        "seed": 42,
        "dataset_name": "exchange_rate",
        "missing_rate": 0.9,
        "missing_type": "MCAR",
        "completeness_rate": 0.5,
        "imputation_method": "IIM",
        "forecast_model": "TimesNet"
    },
    "imputed_metrics": {
        "RMSE": 0.24822678802681084,
        "MAE": 0.24822678802681084,
        "R2": 0.7200649822661103,
        "KL divergence": 0.07214677062029928,
        "KS statistic": 0.14110113655081535,
        "W2 distance": 1.7670334613474296e-09,
        "Sliced Wasserstein distance": 8.803819937073291e-10
    },
    "forecast_metrics": {
        "mse": 0.16821043193340302,
        "mae": 0.2981341481208801
    }
}