{
    "config": {
        "seed": 42,
        "dataset_name": "exchange_rate",
        "missing_rate": 0.2,
        "missing_type": "F-MNAR",
        "completeness_rate": 0.7,
        "imputation_method": "mean",
        "forecast_model": "TimesNet"
    },
    "imputed_metrics": {
        "RMSE": 0.278588480663032,
        "MAE": 0.06298524183903977,
        "R2": 0.9209760859215838,
        "KL divergence": 0.018683526165952456,
        "KS statistic": 0.05143304233239994,
        "W2 distance": 4.777512219851087e-10,
        "Sliced Wasserstein distance": 2.1359340884537958e-10
    },
    "forecast_metrics": {
        "mse": 0.1225222647190094,
        "mae": 0.2474888563156128
    }
}