{
    "config": {
        "seed": 42,
        "dataset_name": "exchange_rate",
        "missing_rate": 0.7,
        "missing_type": "F-MNAR",
        "completeness_rate": 0.3,
        "imputation_method": "mean",
        "forecast_model": "TimesNet"
    },
    "imputed_metrics": {
        "RMSE": 0.7439546518817689,
        "MAE": 0.44841892387148957,
        "R2": 0.43645947223727954,
        "KL divergence": 0.1038020608661227,
        "KS statistic": 0.3567781255147422,
        "W2 distance": 5.8153312154943154e-09,
        "Sliced Wasserstein distance": 2.3152785916716307e-09
    },
    "forecast_metrics": {
        "mse": 0.39256736636161804,
        "mae": 0.4391176104545593
    }
}