{
    "config": {
        "seed": 42,
        "dataset_name": "exchange_rate",
        "missing_rate": 0.7,
        "missing_type": "MCAR",
        "completeness_rate": 0.7,
        "imputation_method": "IIM",
        "forecast_model": "TimesNet"
    },
    "imputed_metrics": {
        "RMSE": 0.06840903222480164,
        "MAE": 0.06840903222480164,
        "R2": 0.9609016783595035,
        "KL divergence": 0.012979928716005514,
        "KS statistic": 0.06071899192884203,
        "W2 distance": 2.1642546191454133e-10,
        "Sliced Wasserstein distance": 8.384817565595618e-11
    },
    "forecast_metrics": {
        "mse": 0.11568452417850494,
        "mae": 0.24648256599903107
    }
}