{
    "config": {
        "seed": 42,
        "dataset_name": "exchange_rate",
        "missing_rate": 0.1,
        "missing_type": "MCAR",
        "completeness_rate": 0.7,
        "imputation_method": "mean",
        "forecast_model": "TimesNet"
    },
    "imputed_metrics": {
        "RMSE": 0.030038347958260738,
        "MAE": 0.030038347958260738,
        "R2": 0.9635182755262781,
        "KL divergence": 0.011966444997051455,
        "KS statistic": 0.02166035249547027,
        "W2 distance": 3.512022394699822e-10,
        "Sliced Wasserstein distance": 2.786223064033066e-10
    },
    "forecast_metrics": {
        "mse": 0.10692709684371948,
        "mae": 0.23663432896137238
    }
}