{
    "config": {
        "seed": 42,
        "dataset_name": "exchange_rate",
        "missing_rate": 0.5,
        "missing_type": "MAR",
        "completeness_rate": 0.8,
        "imputation_method": "IIM",
        "forecast_model": "TimesNet"
    },
    "imputed_metrics": {
        "RMSE": 0.03618703048808294,
        "MAE": 0.007830181408800504,
        "R2": 0.9986552282196581,
        "KL divergence": 0.0009451302088451678,
        "KS statistic": 0.003706143963103278,
        "W2 distance": 4.5510309057737327e-11,
        "Sliced Wasserstein distance": 8.794321070890142e-12
    },
    "forecast_metrics": {
        "mse": 0.10358980298042297,
        "mae": 0.2321842908859253
    }
}