{
    "config": {
        "seed": 42,
        "dataset_name": "exchange_rate",
        "missing_rate": 0.7,
        "missing_type": "F-MNAR",
        "completeness_rate": 0.5,
        "imputation_method": "xgboost",
        "forecast_model": "TimesNet"
    },
    "imputed_metrics": {
        "RMSE": 0.11033065099799345,
        "MAE": 0.11033065099799345,
        "R2": 0.9496648029483421,
        "KL divergence": 0.014934365327570202,
        "KS statistic": 0.12324987646186789,
        "W2 distance": 8.17987905954269e-10,
        "Sliced Wasserstein distance": 3.1445164692194585e-10
    },
    "forecast_metrics": {
        "mse": 0.13448989391326904,
        "mae": 0.26312750577926636
    }
}