{
    "config": {
        "seed": 42,
        "dataset_name": "exchange_rate",
        "missing_rate": 0.8,
        "missing_type": "F-MNAR",
        "completeness_rate": 0.9,
        "imputation_method": "xgboost",
        "forecast_model": "TimesNet"
    },
    "imputed_metrics": {
        "RMSE": 0.029370930130888553,
        "MAE": 0.029370930130888553,
        "R2": 0.9883522600147849,
        "KL divergence": 0.003070392573695997,
        "KS statistic": 0.027528413770383793,
        "W2 distance": 1.766468334714582e-10,
        "Sliced Wasserstein distance": 7.859880727597624e-11
    },
    "forecast_metrics": {
        "mse": 0.11866466701030731,
        "mae": 0.24836982786655426
    }
}