{
    "config": {
        "seed": 42,
        "dataset_name": "exchange_rate",
        "missing_rate": 0.8,
        "missing_type": "MCAR",
        "completeness_rate": 0.8,
        "imputation_method": "forward",
        "forecast_model": "TimesNet"
    },
    "imputed_metrics": {
        "RMSE": 0.00912866123001376,
        "MAE": 0.00912866123001376,
        "R2": 0.9989150563284973,
        "KL divergence": 0.0006292492863086709,
        "KS statistic": 0.003088453302586065,
        "W2 distance": 4.979030839040416e-12,
        "Sliced Wasserstein distance": 7.925370230987422e-12
    },
    "forecast_metrics": {
        "mse": 0.10193312913179398,
        "mae": 0.2298261970281601
    }
}