{
    "config": {
        "seed": 42,
        "dataset_name": "exchange_rate",
        "missing_rate": 0.5,
        "missing_type": "F-MNAR",
        "completeness_rate": 0.3,
        "imputation_method": "xgboost",
        "forecast_model": "TimesNet"
    },
    "imputed_metrics": {
        "RMSE": 0.2301107190108147,
        "MAE": 0.114540712072401,
        "R2": 0.9472894582303866,
        "KL divergence": 0.014203055618885144,
        "KS statistic": 0.1163317410640751,
        "W2 distance": 4.6104062812000045e-10,
        "Sliced Wasserstein distance": 2.971972778741512e-10
    },
    "forecast_metrics": {
        "mse": 0.1350046992301941,
        "mae": 0.2663501799106598
    }
}