{
    "config": {
        "seed": 42,
        "dataset_name": "exchange_rate",
        "missing_rate": 0.9,
        "missing_type": "MCAR",
        "completeness_rate": 0.1,
        "imputation_method": "knn",
        "forecast_model": "TimesNet"
    },
    "imputed_metrics": {
        "RMSE": 0.5577728031958,
        "MAE": 0.5577728031958,
        "R2": 0.3596489326848278,
        "KL divergence": 0.11949319673157802,
        "KS statistic": 0.2682424641739417,
        "W2 distance": 4.684251099487927e-09,
        "Sliced Wasserstein distance": 2.6389951373751726e-09
    },
    "forecast_metrics": {
        "mse": 0.37384775280952454,
        "mae": 0.4370582103729248
    }
}