{
    "config": {
        "seed": 42,
        "dataset_name": "exchange_rate",
        "missing_rate": 0.8,
        "missing_type": "MAR",
        "completeness_rate": 0.7,
        "imputation_method": "IIM",
        "forecast_model": "TimesNet"
    },
    "imputed_metrics": {
        "RMSE": 0.13978854005844837,
        "MAE": 0.13978854005844837,
        "R2": 0.8532142456740955,
        "KL divergence": 0.03745759701719184,
        "KS statistic": 0.10202190742875968,
        "W2 distance": 7.779521784616321e-10,
        "Sliced Wasserstein distance": 5.640891180989278e-10
    },
    "forecast_metrics": {
        "mse": 0.14183084666728973,
        "mae": 0.26936808228492737
    }
}