{
    "config": {
        "seed": 42,
        "dataset_name": "exchange_rate",
        "missing_rate": 0.9,
        "missing_type": "F-MNAR",
        "completeness_rate": 0.6,
        "imputation_method": "mean",
        "forecast_model": "TimesNet"
    },
    "imputed_metrics": {
        "RMSE": 0.6954100599118205,
        "MAE": 0.397191156990452,
        "R2": 0.507604398419981,
        "KL divergence": 0.09908140814410521,
        "KS statistic": 0.2886880250370614,
        "W2 distance": 8.115785615764293e-09,
        "Sliced Wasserstein distance": 2.848554209620781e-09
    },
    "forecast_metrics": {
        "mse": 0.6819368004798889,
        "mae": 0.4933297336101532
    }
}