{
    "config": {
        "seed": 42,
        "dataset_name": "exchange_rate",
        "missing_rate": 0.7,
        "missing_type": "MAR",
        "completeness_rate": 0.2,
        "imputation_method": "forward",
        "forecast_model": "TimesNet"
    },
    "imputed_metrics": {
        "RMSE": 0.06667564011452948,
        "MAE": 0.029744206831223877,
        "R2": 0.9954734573731684,
        "KL divergence": 0.0018256881464848449,
        "KS statistic": 0.010459561851424807,
        "W2 distance": 2.4786267709835022e-11,
        "Sliced Wasserstein distance": 1.952484793018872e-11
    },
    "forecast_metrics": {
        "mse": 0.10654770582914352,
        "mae": 0.2359939068555832
    }
}