{
    "config": {
        "seed": 42,
        "dataset_name": "exchange_rate",
        "missing_rate": 0.9,
        "missing_type": "MAR",
        "completeness_rate": 0.8,
        "imputation_method": "IIM",
        "forecast_model": "TimesNet"
    },
    "imputed_metrics": {
        "RMSE": 0.08182358467029696,
        "MAE": 0.08182358467029696,
        "R2": 0.9396714120720124,
        "KL divergence": 0.017922638455993997,
        "KS statistic": 0.027034261241970024,
        "W2 distance": 1.390030840823451e-10,
        "Sliced Wasserstein distance": 2.525598710371103e-10
    },
    "forecast_metrics": {
        "mse": 0.11934086680412292,
        "mae": 0.24959662556648254
    }
}