{
    "config": {
        "seed": 42,
        "dataset_name": "exchange_rate",
        "missing_rate": 0.3,
        "missing_type": "F-MNAR",
        "completeness_rate": 0.9,
        "imputation_method": "IIM",
        "forecast_model": "TimesNet"
    },
    "imputed_metrics": {
        "RMSE": 0.005504635271347355,
        "MAE": 0.0006760182108100017,
        "R2": 0.999969142948768,
        "KL divergence": 2.9741184176281497e-05,
        "KS statistic": 0.0004529731510459562,
        "W2 distance": 1.3144347959486219e-12,
        "Sliced Wasserstein distance": 5.076024976283152e-13
    },
    "forecast_metrics": {
        "mse": 0.10561566799879074,
        "mae": 0.23543435335159302
    }
}