{
    "config": {
        "seed": 42,
        "dataset_name": "exchange_rate",
        "missing_rate": 0.3,
        "missing_type": "F-MNAR",
        "completeness_rate": 0.8,
        "imputation_method": "mean",
        "forecast_model": "TimesNet"
    },
    "imputed_metrics": {
        "RMSE": 0.05875224687977682,
        "MAE": 0.05875224687977682,
        "R2": 0.9276296749580069,
        "KL divergence": 0.014566540751127552,
        "KS statistic": 0.03988222698072805,
        "W2 distance": 2.973681235604609e-10,
        "Sliced Wasserstein distance": 4.2980487379603645e-10
    },
    "forecast_metrics": {
        "mse": 0.14819630980491638,
        "mae": 0.26560309529304504
    }
}