{
    "config": {
        "seed": 42,
        "dataset_name": "exchange_rate",
        "missing_rate": 0.6,
        "missing_type": "MAR",
        "completeness_rate": 0.3,
        "imputation_method": "mean",
        "forecast_model": "TimesNet"
    },
    "imputed_metrics": {
        "RMSE": 0.6481351202601999,
        "MAE": 0.35439480111792127,
        "R2": 0.5722762783219626,
        "KL divergence": 0.08713084222433878,
        "KS statistic": 0.2771372096853896,
        "W2 distance": 4.002009318537434e-09,
        "Sliced Wasserstein distance": 2.0769406276167803e-09
    },
    "forecast_metrics": {
        "mse": 0.2381213754415512,
        "mae": 0.35536161065101624
    }
}