{
    "config": {
        "seed": 42,
        "dataset_name": "exchange_rate",
        "missing_rate": 0.7,
        "missing_type": "MCAR",
        "completeness_rate": 0.9,
        "imputation_method": "forward",
        "forecast_model": "TimesNet"
    },
    "imputed_metrics": {
        "RMSE": 0.013887593989207747,
        "MAE": 0.0025923594943094105,
        "R2": 0.9998036249768133,
        "KL divergence": 8.546142236162662e-05,
        "KS statistic": 0.0009059463020919124,
        "W2 distance": 4.751600556596417e-13,
        "Sliced Wasserstein distance": 2.4671290142925586e-12
    },
    "forecast_metrics": {
        "mse": 0.1044882982969284,
        "mae": 0.23434241116046906
    }
}