{
    "config": {
        "seed": 42,
        "dataset_name": "exchange_rate",
        "missing_rate": 0.8,
        "missing_type": "MCAR",
        "completeness_rate": 0.2,
        "imputation_method": "knn",
        "forecast_model": "TimesNet"
    },
    "imputed_metrics": {
        "RMSE": 0.5254895958418134,
        "MAE": 0.5254895958418134,
        "R2": 0.3507883639045456,
        "KL divergence": 0.12227472587393251,
        "KS statistic": 0.29257947619831987,
        "W2 distance": 5.082504406734392e-09,
        "Sliced Wasserstein distance": 2.8956104701204995e-09
    },
    "forecast_metrics": {
        "mse": 0.6340827345848083,
        "mae": 0.5388380885124207
    }
}