{
    "config": {
        "seed": 42,
        "dataset_name": "exchange_rate",
        "missing_rate": 0.4,
        "missing_type": "MCAR",
        "completeness_rate": 0.5,
        "imputation_method": "xgboost",
        "forecast_model": "TimesNet"
    },
    "imputed_metrics": {
        "RMSE": 0.05779749983425929,
        "MAE": 0.05779749983425929,
        "R2": 0.974893396587703,
        "KL divergence": 0.007000097653269857,
        "KS statistic": 0.059174765277549,
        "W2 distance": 4.2147356626369453e-10,
        "Sliced Wasserstein distance": 1.1623373660496054e-10
    },
    "forecast_metrics": {
        "mse": 0.1257493644952774,
        "mae": 0.25343239307403564
    }
}