{
    "config": {
        "seed": 42,
        "dataset_name": "exchange_rate",
        "missing_rate": 0.4,
        "missing_type": "MCAR",
        "completeness_rate": 0.3,
        "imputation_method": "mean",
        "forecast_model": "TimesNet"
    },
    "imputed_metrics": {
        "RMSE": 0.23781743506687225,
        "MAE": 0.23781743506687225,
        "R2": 0.7148403695985119,
        "KL divergence": 0.05709967177182329,
        "KS statistic": 0.16399687036732005,
        "W2 distance": 1.821234186256764e-09,
        "Sliced Wasserstein distance": 1.3331295944740263e-09
    },
    "forecast_metrics": {
        "mse": 0.17150574922561646,
        "mae": 0.2984800636768341
    }
}