{
    "config": {
        "seed": 42,
        "dataset_name": "exchange_rate",
        "missing_rate": 0.4,
        "missing_type": "D-MNAR",
        "completeness_rate": 0.1,
        "imputation_method": "xgboost",
        "forecast_model": "TimesNet"
    },
    "imputed_metrics": {
        "RMSE": 0.2287820609152052,
        "MAE": 0.11075493777475953,
        "R2": 0.9470109444885709,
        "KL divergence": 0.012147150518091353,
        "KS statistic": 0.10531625761818482,
        "W2 distance": 4.04514705291893e-10,
        "Sliced Wasserstein distance": 3.034896127537631e-10
    },
    "forecast_metrics": {
        "mse": 0.1366310864686966,
        "mae": 0.262582927942276
    }
}