{
    "config": {
        "seed": 42,
        "dataset_name": "exchange_rate",
        "missing_rate": 0.4,
        "missing_type": "D-MNAR",
        "completeness_rate": 0.4,
        "imputation_method": "mean",
        "forecast_model": "TimesNet"
    },
    "imputed_metrics": {
        "RMSE": 0.20300008323236596,
        "MAE": 0.20300008323236596,
        "R2": 0.7652117049244935,
        "KL divergence": 0.04946301349393133,
        "KS statistic": 0.17040026354801519,
        "W2 distance": 1.736016520315265e-09,
        "Sliced Wasserstein distance": 1.1180542642395277e-09
    },
    "forecast_metrics": {
        "mse": 0.16444599628448486,
        "mae": 0.2934880256652832
    }
}