{
    "config": {
        "seed": 42,
        "dataset_name": "exchange_rate",
        "missing_rate": 0.4,
        "missing_type": "MAR",
        "completeness_rate": 0.8,
        "imputation_method": "mean",
        "forecast_model": "TimesNet"
    },
    "imputed_metrics": {
        "RMSE": 0.07447383362767576,
        "MAE": 0.07447383362767576,
        "R2": 0.9207771057059791,
        "KL divergence": 0.01850191468819655,
        "KS statistic": 0.06166611760830176,
        "W2 distance": 5.3726148857496e-10,
        "Sliced Wasserstein distance": 4.714870918327347e-10
    },
    "forecast_metrics": {
        "mse": 0.13740786910057068,
        "mae": 0.2651682198047638
    }
}