{
    "config": {
        "seed": 42,
        "dataset_name": "exchange_rate",
        "missing_rate": 0.7,
        "missing_type": "F-MNAR",
        "completeness_rate": 0.9,
        "imputation_method": "knn",
        "forecast_model": "TimesNet"
    },
    "imputed_metrics": {
        "RMSE": 0.005578530705944589,
        "MAE": 0.005578530705944589,
        "R2": 0.9992119163030929,
        "KL divergence": 0.00042013185729497787,
        "KS statistic": 0.003953220227310163,
        "W2 distance": 8.290219985791219e-12,
        "Sliced Wasserstein distance": 5.452096592139898e-12
    },
    "forecast_metrics": {
        "mse": 0.10562359541654587,
        "mae": 0.23528634011745453
    }
}