{
    "config": {
        "seed": 42,
        "dataset_name": "exchange_rate",
        "missing_rate": 0.1,
        "missing_type": "F-MNAR",
        "completeness_rate": 0.2,
        "imputation_method": "IIM",
        "forecast_model": "TimesNet"
    },
    "imputed_metrics": {
        "RMSE": 0.0174087578963633,
        "MAE": 0.0174087578963633,
        "R2": 0.9914832689231688,
        "KL divergence": 0.02211867214241475,
        "KS statistic": 0.012662658540602867,
        "W2 distance": 3.3733330278115696e-09,
        "Sliced Wasserstein distance": 5.375017610852701e-10
    },
    "forecast_metrics": {
        "mse": 0.10791532695293427,
        "mae": 0.23433370888233185
    }
}