{
    "config": {
        "seed": 42,
        "dataset_name": "exchange_rate",
        "missing_rate": 0.2,
        "missing_type": "D-MNAR",
        "completeness_rate": 0.4,
        "imputation_method": "mean",
        "forecast_model": "TimesNet"
    },
    "imputed_metrics": {
        "RMSE": 0.32846832209741184,
        "MAE": 0.09815327707986077,
        "R2": 0.8901451561938801,
        "KL divergence": 0.024657601235746465,
        "KS statistic": 0.08357354636797892,
        "W2 distance": 4.315045324671737e-10,
        "Sliced Wasserstein distance": 6.835342969821797e-10
    },
    "forecast_metrics": {
        "mse": 0.12309889495372772,
        "mae": 0.2533422112464905
    }
}