{
    "config": {
        "seed": 42,
        "dataset_name": "exchange_rate",
        "missing_rate": 0.2,
        "missing_type": "F-MNAR",
        "completeness_rate": 0.9,
        "imputation_method": "knn",
        "forecast_model": "TimesNet"
    },
    "imputed_metrics": {
        "RMSE": 0.008504436286301683,
        "MAE": 0.0009150839236011911,
        "R2": 0.9999263583873134,
        "KL divergence": 3.4776799289734084e-05,
        "KS statistic": 0.0005353319057815846,
        "W2 distance": 3.812254790253331e-13,
        "Sliced Wasserstein distance": 3.4675056429363254e-13
    },
    "forecast_metrics": {
        "mse": 0.10575259476900101,
        "mae": 0.2355765402317047
    }
}