{
    "config": {
        "seed": 42,
        "dataset_name": "exchange_rate",
        "missing_rate": 0.8,
        "missing_type": "MCAR",
        "completeness_rate": 0.5,
        "imputation_method": "xgboost",
        "forecast_model": "TimesNet"
    },
    "imputed_metrics": {
        "RMSE": 0.11952511774307624,
        "MAE": 0.11952511774307624,
        "R2": 0.946617669035275,
        "KL divergence": 0.012811841500715144,
        "KS statistic": 0.11760830176247736,
        "W2 distance": 8.327221016867797e-10,
        "Sliced Wasserstein distance": 3.236607440028631e-10
    },
    "forecast_metrics": {
        "mse": 0.1496921330690384,
        "mae": 0.2789689898490906
    }
}