{
    "config": {
        "seed": 42,
        "dataset_name": "exchange_rate",
        "missing_rate": 0.1,
        "missing_type": "MAR",
        "completeness_rate": 0.2,
        "imputation_method": "xgboost",
        "forecast_model": "TimesNet"
    },
    "imputed_metrics": {
        "RMSE": 0.025976094891139046,
        "MAE": 0.025976094891139046,
        "R2": 0.9871708238799984,
        "KL divergence": 0.002778582117566829,
        "KS statistic": 0.02131032778784385,
        "W2 distance": 9.631851784556086e-11,
        "Sliced Wasserstein distance": 7.196632687418612e-11
    },
    "forecast_metrics": {
        "mse": 0.11233490705490112,
        "mae": 0.2384776920080185
    }
}