{
    "config": {
        "seed": 42,
        "dataset_name": "exchange_rate",
        "missing_rate": 0.4,
        "missing_type": "MCAR",
        "completeness_rate": 0.9,
        "imputation_method": "mean",
        "forecast_model": "TimesNet"
    },
    "imputed_metrics": {
        "RMSE": 0.03864165794298138,
        "MAE": 0.03864165794298138,
        "R2": 0.959008861186384,
        "KL divergence": 0.00930437020740594,
        "KS statistic": 0.029216768242464174,
        "W2 distance": 2.731618589761719e-10,
        "Sliced Wasserstein distance": 1.6303537097589007e-10
    },
    "forecast_metrics": {
        "mse": 0.1262669414281845,
        "mae": 0.25538116693496704
    }
}