{
    "config": {
        "seed": 42,
        "dataset_name": "exchange_rate",
        "missing_rate": 0.5,
        "missing_type": "F-MNAR",
        "completeness_rate": 0.1,
        "imputation_method": "IIM",
        "forecast_model": "TimesNet"
    },
    "imputed_metrics": {
        "RMSE": 0.3351678218473795,
        "MAE": 0.3351678218473795,
        "R2": 0.5504242472175568,
        "KL divergence": 0.08421905652017891,
        "KS statistic": 0.14771042661834952,
        "W2 distance": 4.3173374122798146e-09,
        "Sliced Wasserstein distance": 1.2616704341171222e-09
    },
    "forecast_metrics": {
        "mse": 0.12799249589443207,
        "mae": 0.25685927271842957
    }
}