{
    "config": {
        "seed": 42,
        "dataset_name": "exchange_rate",
        "missing_rate": 0.6,
        "missing_type": "F-MNAR",
        "completeness_rate": 0.8,
        "imputation_method": "mean",
        "forecast_model": "TimesNet"
    },
    "imputed_metrics": {
        "RMSE": 0.36443979479262173,
        "MAE": 0.11222325178764096,
        "R2": 0.8647666477371423,
        "KL divergence": 0.028001474073587926,
        "KS statistic": 0.07959973645198484,
        "W2 distance": 1.0840995227694794e-09,
        "Sliced Wasserstein distance": 6.943305311831783e-10
    },
    "forecast_metrics": {
        "mse": 0.2187681794166565,
        "mae": 0.30052176117897034
    }
}