{
    "config": {
        "seed": 42,
        "dataset_name": "exchange_rate",
        "missing_rate": 0.3,
        "missing_type": "MCAR",
        "completeness_rate": 0.2,
        "imputation_method": "IIM",
        "forecast_model": "TimesNet"
    },
    "imputed_metrics": {
        "RMSE": 0.11714612004944232,
        "MAE": 0.11714612004944232,
        "R2": 0.9135006816006491,
        "KL divergence": 0.020340455056688484,
        "KS statistic": 0.054006753417888326,
        "W2 distance": 3.800040631413805e-10,
        "Sliced Wasserstein distance": 3.227588072674625e-10
    },
    "forecast_metrics": {
        "mse": 0.13489621877670288,
        "mae": 0.2614918351173401
    }
}