{
    "config": {
        "seed": 42,
        "dataset_name": "exchange_rate",
        "missing_rate": 0.2,
        "missing_type": "MAR",
        "completeness_rate": 0.9,
        "imputation_method": "xgboost",
        "forecast_model": "TimesNet"
    },
    "imputed_metrics": {
        "RMSE": 0.0075179055075068075,
        "MAE": 0.0075179055075068075,
        "R2": 0.9967741417030392,
        "KL divergence": 0.0007271822516458793,
        "KS statistic": 0.004694449019930819,
        "W2 distance": 1.9456777274926098e-11,
        "Sliced Wasserstein distance": 1.7653655003474748e-11
    },
    "forecast_metrics": {
        "mse": 0.10726527869701385,
        "mae": 0.2358938753604889
    }
}