{
    "config": {
        "seed": 42,
        "dataset_name": "exchange_rate",
        "missing_rate": 0.2,
        "missing_type": "MCAR",
        "completeness_rate": 0.4,
        "imputation_method": "forward",
        "forecast_model": "TimesNet"
    },
    "imputed_metrics": {
        "RMSE": 0.002645558444521432,
        "MAE": 0.002645558444521432,
        "R2": 0.9996018654266662,
        "KL divergence": 0.0001163260042917867,
        "KS statistic": 0.001235381321034426,
        "W2 distance": 7.209914204952215e-13,
        "Sliced Wasserstein distance": 5.806954684327062e-13
    },
    "forecast_metrics": {
        "mse": 0.10522756725549698,
        "mae": 0.23515892028808594
    }
}