{
    "config": {
        "seed": 42,
        "dataset_name": "exchange_rate",
        "missing_rate": 0.9,
        "missing_type": "MCAR",
        "completeness_rate": 0.9,
        "imputation_method": "IIM",
        "forecast_model": "TimesNet"
    },
    "imputed_metrics": {
        "RMSE": 0.037614522633320414,
        "MAE": 0.007299067505856167,
        "R2": 0.9985668319582942,
        "KL divergence": 0.0004941456363118169,
        "KS statistic": 0.0034178883215285785,
        "W2 distance": 2.4418883047963006e-12,
        "Sliced Wasserstein distance": 8.662755031331341e-12
    },
    "forecast_metrics": {
        "mse": 0.10551489889621735,
        "mae": 0.2331898957490921
    }
}