{
    "config": {
        "seed": 42,
        "dataset_name": "exchange_rate",
        "missing_rate": 0.5,
        "missing_type": "F-MNAR",
        "completeness_rate": 0.9,
        "imputation_method": "xgboost",
        "forecast_model": "TimesNet"
    },
    "imputed_metrics": {
        "RMSE": 0.07957153581012272,
        "MAE": 0.01756659202871126,
        "R2": 0.9932486753110893,
        "KL divergence": 0.0019858674008867176,
        "KS statistic": 0.015977598418711908,
        "W2 distance": 6.273377957943661e-11,
        "Sliced Wasserstein distance": 5.01028646535786e-11
    },
    "forecast_metrics": {
        "mse": 0.1125018447637558,
        "mae": 0.2418115884065628
    }
}