{
    "config": {
        "seed": 42,
        "dataset_name": "exchange_rate",
        "missing_rate": 0.8,
        "missing_type": "D-MNAR",
        "completeness_rate": 0.1,
        "imputation_method": "xgboost",
        "forecast_model": "TimesNet"
    },
    "imputed_metrics": {
        "RMSE": 0.35439813368904655,
        "MAE": 0.24115263032568848,
        "R2": 0.8743059606830016,
        "KL divergence": 0.02504573070438389,
        "KS statistic": 0.19416076428924392,
        "W2 distance": 1.6091839037425648e-09,
        "Sliced Wasserstein distance": 6.250213719625381e-10
    },
    "forecast_metrics": {
        "mse": 0.20219366252422333,
        "mae": 0.32109785079956055
    }
}