{
    "config": {
        "seed": 42,
        "dataset_name": "exchange_rate",
        "missing_rate": 0.8,
        "missing_type": "D-MNAR",
        "completeness_rate": 0.3,
        "imputation_method": "knn",
        "forecast_model": "TimesNet"
    },
    "imputed_metrics": {
        "RMSE": 0.3825987300191675,
        "MAE": 0.3825987300191675,
        "R2": 0.5564461022185312,
        "KL divergence": 0.0862499783543115,
        "KS statistic": 0.19169000164717512,
        "W2 distance": 2.4102363501126184e-09,
        "Sliced Wasserstein distance": 1.0156388688134336e-09
    },
    "forecast_metrics": {
        "mse": 0.18575528264045715,
        "mae": 0.31089067459106445
    }
}