{
    "config": {
        "seed": 42,
        "dataset_name": "exchange_rate",
        "missing_rate": 0.7,
        "missing_type": "MCAR",
        "completeness_rate": 0.3,
        "imputation_method": "mean",
        "forecast_model": "TimesNet"
    },
    "imputed_metrics": {
        "RMSE": 0.7001292499814403,
        "MAE": 0.415352390510514,
        "R2": 0.500898734697266,
        "KL divergence": 0.09987635533542616,
        "KS statistic": 0.2865878767913029,
        "W2 distance": 5.492071019455794e-09,
        "Sliced Wasserstein distance": 2.2650820107208117e-09
    },
    "forecast_metrics": {
        "mse": 0.41593706607818604,
        "mae": 0.44076400995254517
    }
}