{
    "config": {
        "seed": 42,
        "dataset_name": "exchange_rate",
        "missing_rate": 0.3,
        "missing_type": "MAR",
        "completeness_rate": 0.7,
        "imputation_method": "knn",
        "forecast_model": "TimesNet"
    },
    "imputed_metrics": {
        "RMSE": 0.0428064703772928,
        "MAE": 0.008836996192095659,
        "R2": 0.998134260244143,
        "KL divergence": 0.000718167888888398,
        "KS statistic": 0.00774172294514907,
        "W2 distance": 1.3442800143348061e-11,
        "Sliced Wasserstein distance": 2.4363745430953165e-12
    },
    "forecast_metrics": {
        "mse": 0.1045856773853302,
        "mae": 0.2333027869462967
    }
}