{
    "config": {
        "seed": 42,
        "dataset_name": "exchange_rate",
        "missing_rate": 0.7,
        "missing_type": "MAR",
        "completeness_rate": 0.4,
        "imputation_method": "xgboost",
        "forecast_model": "TimesNet"
    },
    "imputed_metrics": {
        "RMSE": 0.1394562642621151,
        "MAE": 0.1394562642621151,
        "R2": 0.9314004524169957,
        "KL divergence": 0.01614876437970116,
        "KS statistic": 0.13286526107725252,
        "W2 distance": 8.560395555515601e-10,
        "Sliced Wasserstein distance": 3.375266139712527e-10
    },
    "forecast_metrics": {
        "mse": 0.15673251450061798,
        "mae": 0.287158340215683
    }
}