{
    "config": {
        "seed": 42,
        "dataset_name": "exchange_rate",
        "missing_rate": 0.7,
        "missing_type": "MCAR",
        "completeness_rate": 0.9,
        "imputation_method": "mean",
        "forecast_model": "TimesNet"
    },
    "imputed_metrics": {
        "RMSE": 0.06724742948547188,
        "MAE": 0.06724742948547188,
        "R2": 0.9284824998509855,
        "KL divergence": 0.016075647477055213,
        "KS statistic": 0.05052709603030802,
        "W2 distance": 7.902072659074234e-10,
        "Sliced Wasserstein distance": 3.3499194833838507e-10
    },
    "forecast_metrics": {
        "mse": 0.17311441898345947,
        "mae": 0.2793816328048706
    }
}