{
    "config": {
        "seed": 42,
        "dataset_name": "exchange_rate",
        "missing_rate": 0.2,
        "missing_type": "MCAR",
        "completeness_rate": 0.7,
        "imputation_method": "IIM",
        "forecast_model": "TimesNet"
    },
    "imputed_metrics": {
        "RMSE": 0.01093430223491192,
        "MAE": 0.0014197082524584094,
        "R2": 0.9998785616712673,
        "KL divergence": 0.0014826721576459158,
        "KS statistic": 0.0035414264536320207,
        "W2 distance": 3.2458883113707325e-10,
        "Sliced Wasserstein distance": 1.1793743469900977e-12
    },
    "forecast_metrics": {
        "mse": 0.1025155782699585,
        "mae": 0.23105499148368835
    }
}