{
    "config": {
        "seed": 42,
        "dataset_name": "exchange_rate",
        "missing_rate": 0.5,
        "missing_type": "MAR",
        "completeness_rate": 0.6,
        "imputation_method": "IIM",
        "forecast_model": "TimesNet"
    },
    "imputed_metrics": {
        "RMSE": 0.05359676637512164,
        "MAE": 0.05359676637512164,
        "R2": 0.9677670015383075,
        "KL divergence": 0.023338652564864587,
        "KS statistic": 0.03419947290396969,
        "W2 distance": 2.8455256724191238e-09,
        "Sliced Wasserstein distance": 4.420209226915045e-10
    },
    "forecast_metrics": {
        "mse": 0.11720003187656403,
        "mae": 0.24373801052570343
    }
}