{
    "config": {
        "seed": 42,
        "dataset_name": "exchange_rate",
        "missing_rate": 0.9,
        "missing_type": "F-MNAR",
        "completeness_rate": 0.8,
        "imputation_method": "xgboost",
        "forecast_model": "TimesNet"
    },
    "imputed_metrics": {
        "RMSE": 0.17076320323771488,
        "MAE": 0.06344712689731667,
        "R2": 0.969125145321785,
        "KL divergence": 0.0059545839390262095,
        "KS statistic": 0.045297315104595615,
        "W2 distance": 4.4791682129408435e-10,
        "Sliced Wasserstein distance": 1.4504526856450922e-10
    },
    "forecast_metrics": {
        "mse": 0.14988604187965393,
        "mae": 0.2705836296081543
    }
}