{
    "config": {
        "seed": 42,
        "dataset_name": "exchange_rate",
        "missing_rate": 0.9,
        "missing_type": "F-MNAR",
        "completeness_rate": 0.9,
        "imputation_method": "xgboost",
        "forecast_model": "TimesNet"
    },
    "imputed_metrics": {
        "RMSE": 0.0342498433474465,
        "MAE": 0.0342498433474465,
        "R2": 0.9857732408070446,
        "KL divergence": 0.00295659282160486,
        "KS statistic": 0.03166694119584912,
        "W2 distance": 1.5588180704348256e-10,
        "Sliced Wasserstein distance": 8.961492516207586e-11
    },
    "forecast_metrics": {
        "mse": 0.1237192377448082,
        "mae": 0.25364768505096436
    }
}