{
    "config": {
        "seed": 42,
        "dataset_name": "exchange_rate",
        "missing_rate": 0.9,
        "missing_type": "F-MNAR",
        "completeness_rate": 0.4,
        "imputation_method": "IIM",
        "forecast_model": "TimesNet"
    },
    "imputed_metrics": {
        "RMSE": 0.34510535927605557,
        "MAE": 0.34510535927605557,
        "R2": 0.6184197744245596,
        "KL divergence": 0.07764963555177208,
        "KS statistic": 0.17387992093559546,
        "W2 distance": 3.2041770189594345e-09,
        "Sliced Wasserstein distance": 1.184888990452989e-09
    },
    "forecast_metrics": {
        "mse": 0.20199517905712128,
        "mae": 0.32328885793685913
    }
}