{
    "config": {
        "seed": 42,
        "dataset_name": "exchange_rate",
        "missing_rate": 0.7,
        "missing_type": "MAR",
        "completeness_rate": 0.6,
        "imputation_method": "IIM",
        "forecast_model": "TimesNet"
    },
    "imputed_metrics": {
        "RMSE": 0.20074113628184534,
        "MAE": 0.20074113628184534,
        "R2": 0.7730929856604971,
        "KL divergence": 0.07353266808350324,
        "KS statistic": 0.14612502058968868,
        "W2 distance": 1.7817742788854165e-09,
        "Sliced Wasserstein distance": 8.883800869407046e-10
    },
    "forecast_metrics": {
        "mse": 0.14020565152168274,
        "mae": 0.27239593863487244
    }
}