{
    "config": {
        "seed": 42,
        "dataset_name": "exchange_rate",
        "missing_rate": 0.3,
        "missing_type": "MCAR",
        "completeness_rate": 0.5,
        "imputation_method": "mean",
        "forecast_model": "TimesNet"
    },
    "imputed_metrics": {
        "RMSE": 0.11966471758802585,
        "MAE": 0.11966471758802585,
        "R2": 0.8577249767038835,
        "KL divergence": 0.033467237948407225,
        "KS statistic": 0.08478833800032944,
        "W2 distance": 9.30288910551947e-10,
        "Sliced Wasserstein distance": 6.099369744674585e-10
    },
    "forecast_metrics": {
        "mse": 0.13937480747699738,
        "mae": 0.27001953125
    }
}