{
    "config": {
        "seed": 42,
        "dataset_name": "exchange_rate",
        "missing_rate": 0.7,
        "missing_type": "MAR",
        "completeness_rate": 0.6,
        "imputation_method": "forward",
        "forecast_model": "TimesNet"
    },
    "imputed_metrics": {
        "RMSE": 0.013781948604728148,
        "MAE": 0.013781948604728148,
        "R2": 0.9968718929794896,
        "KL divergence": 0.005827835932669317,
        "KS statistic": 0.006835776643057157,
        "W2 distance": 6.337293422418011e-10,
        "Sliced Wasserstein distance": 1.1620697517185427e-11
    },
    "forecast_metrics": {
        "mse": 0.10289645195007324,
        "mae": 0.23237811028957367
    }
}