{
    "config": {
        "seed": 42,
        "dataset_name": "exchange_rate",
        "missing_rate": 0.9,
        "missing_type": "D-MNAR",
        "completeness_rate": 0.9,
        "imputation_method": "IIM",
        "forecast_model": "TimesNet"
    },
    "imputed_metrics": {
        "RMSE": 0.007839886250080783,
        "MAE": 0.007839886250080783,
        "R2": 0.9986523437216606,
        "KL divergence": 0.0004292087493549103,
        "KS statistic": 0.002491352330752759,
        "W2 distance": 3.8284607550229594e-12,
        "Sliced Wasserstein distance": 1.0276693361456682e-11
    },
    "forecast_metrics": {
        "mse": 0.10457830876111984,
        "mae": 0.23256327211856842
    }
}