{
    "config": {
        "seed": 42,
        "dataset_name": "exchange_rate",
        "missing_rate": 0.8,
        "missing_type": "F-MNAR",
        "completeness_rate": 0.7,
        "imputation_method": "knn",
        "forecast_model": "TimesNet"
    },
    "imputed_metrics": {
        "RMSE": 0.10886241474955206,
        "MAE": 0.10886241474955206,
        "R2": 0.8434636001015461,
        "KL divergence": 0.04428723896533151,
        "KS statistic": 0.051021248558721796,
        "W2 distance": 9.55482602596405e-10,
        "Sliced Wasserstein distance": 4.0834710390124893e-10
    },
    "forecast_metrics": {
        "mse": 0.12139242887496948,
        "mae": 0.25645187497138977
    }
}