{
    "config": {
        "seed": 42,
        "dataset_name": "exchange_rate",
        "missing_rate": 0.8,
        "missing_type": "MAR",
        "completeness_rate": 0.7,
        "imputation_method": "xgboost",
        "forecast_model": "TimesNet"
    },
    "imputed_metrics": {
        "RMSE": 0.09482312034146617,
        "MAE": 0.09482312034146617,
        "R2": 0.9574637323918636,
        "KL divergence": 0.012784080968781256,
        "KS statistic": 0.11357272278043157,
        "W2 distance": 1.370724948974096e-09,
        "Sliced Wasserstein distance": 1.9253057349544479e-10
    },
    "forecast_metrics": {
        "mse": 0.1343931257724762,
        "mae": 0.26620760560035706
    }
}