{
    "config": {
        "seed": 42,
        "dataset_name": "exchange_rate",
        "missing_rate": 0.1,
        "missing_type": "D-MNAR",
        "completeness_rate": 0.6,
        "imputation_method": "IIM",
        "forecast_model": "TimesNet"
    },
    "imputed_metrics": {
        "RMSE": 0.013409742117822848,
        "MAE": 0.0012351801492799428,
        "R2": 0.9997671805763476,
        "KL divergence": 0.0001762561321319046,
        "KS statistic": 0.002861966727063087,
        "W2 distance": 1.3333093744417059e-11,
        "Sliced Wasserstein distance": 3.4947959748873374e-13
    },
    "forecast_metrics": {
        "mse": 0.10509880632162094,
        "mae": 0.23495420813560486
    }
}