{
    "config": {
        "seed": 42,
        "dataset_name": "exchange_rate",
        "missing_rate": 0.5,
        "missing_type": "D-MNAR",
        "completeness_rate": 0.2,
        "imputation_method": "xgboost",
        "forecast_model": "TimesNet"
    },
    "imputed_metrics": {
        "RMSE": 0.26656832894609056,
        "MAE": 0.1424147848133926,
        "R2": 0.9299395755231546,
        "KL divergence": 0.015751932075915624,
        "KS statistic": 0.12967385933124692,
        "W2 distance": 6.16536121295697e-10,
        "Sliced Wasserstein distance": 5.801792809511778e-10
    },
    "forecast_metrics": {
        "mse": 0.14274811744689941,
        "mae": 0.27010416984558105
    }
}