{
    "config": {
        "seed": 42,
        "dataset_name": "exchange_rate",
        "missing_rate": 0.5,
        "missing_type": "MCAR",
        "completeness_rate": 0.6,
        "imputation_method": "knn",
        "forecast_model": "TimesNet"
    },
    "imputed_metrics": {
        "RMSE": 0.1222721756354257,
        "MAE": 0.0384622424690757,
        "R2": 0.9847774465860969,
        "KL divergence": 0.0042881802104669945,
        "KS statistic": 0.02505765112831494,
        "W2 distance": 1.0881732388471494e-10,
        "Sliced Wasserstein distance": 2.807918128701654e-11
    },
    "forecast_metrics": {
        "mse": 0.1067516878247261,
        "mae": 0.23535938560962677
    }
}