{
    "config": {
        "seed": 42,
        "dataset_name": "exchange_rate",
        "missing_rate": 0.1,
        "missing_type": "MCAR",
        "completeness_rate": 0.8,
        "imputation_method": "xgboost",
        "forecast_model": "TimesNet"
    },
    "imputed_metrics": {
        "RMSE": 0.00653274730685597,
        "MAE": 0.00653274730685597,
        "R2": 0.9974810173719896,
        "KL divergence": 0.0006957914700044624,
        "KS statistic": 0.006156316916488222,
        "W2 distance": 7.653425203586824e-12,
        "Sliced Wasserstein distance": 1.2564609447352443e-11
    },
    "forecast_metrics": {
        "mse": 0.10538119822740555,
        "mae": 0.23391805589199066
    }
}