{
    "config": {
        "seed": 42,
        "dataset_name": "exchange_rate",
        "missing_rate": 0.5,
        "missing_type": "MCAR",
        "completeness_rate": 0.4,
        "imputation_method": "xgboost",
        "forecast_model": "TimesNet"
    },
    "imputed_metrics": {
        "RMSE": 0.19925076612297937,
        "MAE": 0.09290170106477322,
        "R2": 0.9591737618952918,
        "KL divergence": 0.010705851837270717,
        "KS statistic": 0.08534425959479493,
        "W2 distance": 6.438862787942882e-10,
        "Sliced Wasserstein distance": 2.641132225865378e-10
    },
    "forecast_metrics": {
        "mse": 0.12262015789747238,
        "mae": 0.2534438967704773
    }
}