{
    "config": {
        "seed": 42,
        "dataset_name": "exchange_rate",
        "missing_rate": 0.5,
        "missing_type": "F-MNAR",
        "completeness_rate": 0.1,
        "imputation_method": "xgboost",
        "forecast_model": "TimesNet"
    },
    "imputed_metrics": {
        "RMSE": 0.14344645869035086,
        "MAE": 0.14344645869035086,
        "R2": 0.928732051386964,
        "KL divergence": 0.015910283570361325,
        "KS statistic": 0.12948855213309177,
        "W2 distance": 6.075687570412514e-10,
        "Sliced Wasserstein distance": 4.337136757569044e-10
    },
    "forecast_metrics": {
        "mse": 0.15774540603160858,
        "mae": 0.2838814854621887
    }
}