{
    "config": {
        "seed": 42,
        "dataset_name": "exchange_rate",
        "missing_rate": 0.4,
        "missing_type": "MAR",
        "completeness_rate": 0.8,
        "imputation_method": "knn",
        "forecast_model": "TimesNet"
    },
    "imputed_metrics": {
        "RMSE": 0.009829278826700006,
        "MAE": 0.009829278826700006,
        "R2": 0.9979238906108925,
        "KL divergence": 0.0007011479275759863,
        "KS statistic": 0.004962114972821611,
        "W2 distance": 3.6899330557227e-12,
        "Sliced Wasserstein distance": 1.3723642649679824e-11
    },
    "forecast_metrics": {
        "mse": 0.10543645173311234,
        "mae": 0.23425745964050293
    }
}