{
    "config": {
        "seed": 42,
        "dataset_name": "exchange_rate",
        "missing_rate": 0.1,
        "missing_type": "D-MNAR",
        "completeness_rate": 0.3,
        "imputation_method": "forward",
        "forecast_model": "TimesNet"
    },
    "imputed_metrics": {
        "RMSE": 0.0016419809696346258,
        "MAE": 0.0016419809696346258,
        "R2": 0.9998478837141057,
        "KL divergence": 3.2064618914826165e-05,
        "KS statistic": 0.0015236369626091255,
        "W2 distance": 2.26482381210125e-12,
        "Sliced Wasserstein distance": 5.253237162306006e-13
    },
    "forecast_metrics": {
        "mse": 0.10471811145544052,
        "mae": 0.23466186225414276
    }
}