{
    "config": {
        "seed": 42,
        "dataset_name": "exchange_rate",
        "missing_rate": 0.3,
        "missing_type": "D-MNAR",
        "completeness_rate": 0.4,
        "imputation_method": "forward",
        "forecast_model": "TimesNet"
    },
    "imputed_metrics": {
        "RMSE": 0.01780715386626707,
        "MAE": 0.0042686247450800215,
        "R2": 0.9996771347907581,
        "KL divergence": 0.0003430538625071686,
        "KS statistic": 0.002285455443913688,
        "W2 distance": 1.707948774614587e-12,
        "Sliced Wasserstein distance": 3.5168414717170496e-12
    },
    "forecast_metrics": {
        "mse": 0.1058947741985321,
        "mae": 0.23599989712238312
    }
}