{
    "config": {
        "seed": 42,
        "dataset_name": "exchange_rate",
        "missing_rate": 0.1,
        "missing_type": "MCAR",
        "completeness_rate": 0.2,
        "imputation_method": "knn",
        "forecast_model": "TimesNet"
    },
    "imputed_metrics": {
        "RMSE": 0.02368203840943714,
        "MAE": 0.02368203840943714,
        "R2": 0.9879480520440145,
        "KL divergence": 0.002428013274400441,
        "KS statistic": 0.0136303739087465,
        "W2 distance": 2.8435631922462877e-11,
        "Sliced Wasserstein distance": 1.0242944516291237e-10
    },
    "forecast_metrics": {
        "mse": 0.11183390766382217,
        "mae": 0.2383221983909607
    }
}