{
    "config": {
        "seed": 42,
        "dataset_name": "exchange_rate",
        "missing_rate": 0.3,
        "missing_type": "MCAR",
        "completeness_rate": 0.6,
        "imputation_method": "IIM",
        "forecast_model": "TimesNet"
    },
    "imputed_metrics": {
        "RMSE": 0.007704263956203418,
        "MAE": 0.007704263956203418,
        "R2": 0.9986238507433787,
        "KL divergence": 0.0004979150476845603,
        "KS statistic": 0.01029484434195355,
        "W2 distance": 1.011919049506831e-11,
        "Sliced Wasserstein distance": 8.3897708622333e-12
    },
    "forecast_metrics": {
        "mse": 0.10591739416122437,
        "mae": 0.23395130038261414
    }
}