{
    "config": {
        "seed": 42,
        "dataset_name": "exchange_rate",
        "missing_rate": 0.1,
        "missing_type": "F-MNAR",
        "completeness_rate": 0.2,
        "imputation_method": "mean",
        "forecast_model": "TimesNet"
    },
    "imputed_metrics": {
        "RMSE": 0.3018508767368179,
        "MAE": 0.07316005803447043,
        "R2": 0.9072279592339954,
        "KL divergence": 0.018033216960589897,
        "KS statistic": 0.06220144951408335,
        "W2 distance": 2.2437362901779642e-10,
        "Sliced Wasserstein distance": 6.832858210311935e-10
    },
    "forecast_metrics": {
        "mse": 0.13342727720737457,
        "mae": 0.25309252738952637
    }
}