{
    "config": {
        "seed": 42,
        "dataset_name": "exchange_rate",
        "missing_rate": 0.7,
        "missing_type": "MCAR",
        "completeness_rate": 0.2,
        "imputation_method": "xgboost",
        "forecast_model": "TimesNet"
    },
    "imputed_metrics": {
        "RMSE": 0.18567037170063086,
        "MAE": 0.18567037170063086,
        "R2": 0.9127859454693383,
        "KL divergence": 0.01815574886721851,
        "KS statistic": 0.14484845989128645,
        "W2 distance": 8.593112160316676e-10,
        "Sliced Wasserstein distance": 6.235609229708943e-10
    },
    "forecast_metrics": {
        "mse": 0.1794232577085495,
        "mae": 0.30134105682373047
    }
}