{
    "config": {
        "seed": 42,
        "dataset_name": "exchange_rate",
        "missing_rate": 0.5,
        "missing_type": "F-MNAR",
        "completeness_rate": 0.3,
        "imputation_method": "IIM",
        "forecast_model": "TimesNet"
    },
    "imputed_metrics": {
        "RMSE": 0.44664008562858776,
        "MAE": 0.20981422857052234,
        "R2": 0.7596913361789464,
        "KL divergence": 0.059940569190181966,
        "KS statistic": 0.1154052050732993,
        "W2 distance": 3.945628370624778e-10,
        "Sliced Wasserstein distance": 6.734956343536529e-10
    },
    "forecast_metrics": {
        "mse": 0.14260315895080566,
        "mae": 0.2681698799133301
    }
}