{
    "config": {
        "seed": 42,
        "dataset_name": "exchange_rate",
        "missing_rate": 0.2,
        "missing_type": "D-MNAR",
        "completeness_rate": 0.7,
        "imputation_method": "IIM",
        "forecast_model": "TimesNet"
    },
    "imputed_metrics": {
        "RMSE": 0.017893903503576926,
        "MAE": 0.001688006738632988,
        "R2": 0.9996749566043688,
        "KL divergence": 0.00010921455285833371,
        "KS statistic": 0.00588865096359743,
        "W2 distance": 1.7686557744761885e-12,
        "Sliced Wasserstein distance": 4.804342637253351e-13
    },
    "forecast_metrics": {
        "mse": 0.10513456910848618,
        "mae": 0.23563438653945923
    }
}