{
    "config": {
        "seed": 42,
        "dataset_name": "exchange_rate",
        "missing_rate": 0.7,
        "missing_type": "MAR",
        "completeness_rate": 0.8,
        "imputation_method": "forward",
        "forecast_model": "TimesNet"
    },
    "imputed_metrics": {
        "RMSE": 0.007687303665025619,
        "MAE": 0.007687303665025619,
        "R2": 0.9991724674428961,
        "KL divergence": 0.00048302568430390867,
        "KS statistic": 0.0032531708120573217,
        "W2 distance": 1.7421758335314352e-12,
        "Sliced Wasserstein distance": 1.325214023365224e-11
    },
    "forecast_metrics": {
        "mse": 0.10582026094198227,
        "mae": 0.23517954349517822
    }
}