{
    "config": {
        "seed": 42,
        "dataset_name": "exchange_rate",
        "missing_rate": 0.4,
        "missing_type": "MCAR",
        "completeness_rate": 0.7,
        "imputation_method": "knn",
        "forecast_model": "TimesNet"
    },
    "imputed_metrics": {
        "RMSE": 0.009509248940904373,
        "MAE": 0.009509248940904373,
        "R2": 0.9980934786880556,
        "KL divergence": 0.0035476287912782974,
        "KS statistic": 0.005168011859660682,
        "W2 distance": 5.215683901547912e-10,
        "Sliced Wasserstein distance": 3.3761906726464142e-12
    },
    "forecast_metrics": {
        "mse": 0.10472474992275238,
        "mae": 0.23310884833335876
    }
}