{
    "config": {
        "seed": 42,
        "dataset_name": "exchange_rate",
        "missing_rate": 0.1,
        "missing_type": "MAR",
        "completeness_rate": 0.3,
        "imputation_method": "knn",
        "forecast_model": "TimesNet"
    },
    "imputed_metrics": {
        "RMSE": 0.015369309807969087,
        "MAE": 0.015369309807969087,
        "R2": 0.9933724627089672,
        "KL divergence": 0.0014201533686639032,
        "KS statistic": 0.010521330917476528,
        "W2 distance": 3.7104204845524974e-11,
        "Sliced Wasserstein distance": 5.709022352809197e-11
    },
    "forecast_metrics": {
        "mse": 0.10798075795173645,
        "mae": 0.23526369035243988
    }
}