{
    "config": {
        "seed": 42,
        "dataset_name": "exchange_rate",
        "missing_rate": 0.1,
        "missing_type": "MAR",
        "completeness_rate": 0.4,
        "imputation_method": "xgboost",
        "forecast_model": "TimesNet"
    },
    "imputed_metrics": {
        "RMSE": 0.09132130208723424,
        "MAE": 0.018687801013472886,
        "R2": 0.9917180513479588,
        "KL divergence": 0.002613628082321174,
        "KS statistic": 0.01964256300444737,
        "W2 distance": 6.437723055462084e-11,
        "Sliced Wasserstein distance": 4.4005798269963643e-11
    },
    "forecast_metrics": {
        "mse": 0.10656362026929855,
        "mae": 0.2333201766014099
    }
}