{
    "config": {
        "seed": 42,
        "dataset_name": "exchange_rate",
        "missing_rate": 0.8,
        "missing_type": "MAR",
        "completeness_rate": 0.2,
        "imputation_method": "forward",
        "forecast_model": "TimesNet"
    },
    "imputed_metrics": {
        "RMSE": 0.09366101714463088,
        "MAE": 0.043714761185130936,
        "R2": 0.9909908208375396,
        "KL divergence": 0.003504369282012469,
        "KS statistic": 0.015504035578982047,
        "W2 distance": 2.8265171536843566e-11,
        "Sliced Wasserstein distance": 2.510606630431711e-11
    },
    "forecast_metrics": {
        "mse": 0.10194374620914459,
        "mae": 0.23024746775627136
    }
}