{
    "config": {
        "seed": 42,
        "dataset_name": "exchange_rate",
        "missing_rate": 0.4,
        "missing_type": "MCAR",
        "completeness_rate": 0.7,
        "imputation_method": "forward",
        "forecast_model": "TimesNet"
    },
    "imputed_metrics": {
        "RMSE": 0.01549551060130244,
        "MAE": 0.0028472169399395564,
        "R2": 0.9997555196211344,
        "KL divergence": 0.0035686570629326793,
        "KS statistic": 0.0016883544720803821,
        "W2 distance": 6.14459714618555e-10,
        "Sliced Wasserstein distance": 1.18363078296647e-12
    },
    "forecast_metrics": {
        "mse": 0.10548553615808487,
        "mae": 0.23533757030963898
    }
}