{
    "config": {
        "seed": 42,
        "dataset_name": "exchange_rate",
        "missing_rate": 0.3,
        "missing_type": "F-MNAR",
        "completeness_rate": 0.7,
        "imputation_method": "knn",
        "forecast_model": "TimesNet"
    },
    "imputed_metrics": {
        "RMSE": 0.008221338334080461,
        "MAE": 0.008221338334080461,
        "R2": 0.9971467027789908,
        "KL divergence": 0.0006019078951011445,
        "KS statistic": 0.006238675671223852,
        "W2 distance": 2.9017745741706474e-11,
        "Sliced Wasserstein distance": 8.845190974020596e-12
    },
    "forecast_metrics": {
        "mse": 0.1011151671409607,
        "mae": 0.22832933068275452
    }
}