{
    "config": {
        "seed": 42,
        "dataset_name": "exchange_rate",
        "missing_rate": 0.7,
        "missing_type": "MCAR",
        "completeness_rate": 0.6,
        "imputation_method": "mean",
        "forecast_model": "TimesNet"
    },
    "imputed_metrics": {
        "RMSE": 0.5711107720757767,
        "MAE": 0.2818506736350054,
        "R2": 0.6678968993200963,
        "KL divergence": 0.07792047075898681,
        "KS statistic": 0.19976115961126667,
        "W2 distance": 4.804841474483825e-09,
        "Sliced Wasserstein distance": 1.669808239055721e-09
    },
    "forecast_metrics": {
        "mse": 0.31441861391067505,
        "mae": 0.3703254759311676
    }
}