{
    "config": {
        "seed": 42,
        "dataset_name": "exchange_rate",
        "missing_rate": 0.1,
        "missing_type": "MAR",
        "completeness_rate": 0.2,
        "imputation_method": "knn",
        "forecast_model": "TimesNet"
    },
    "imputed_metrics": {
        "RMSE": 0.12464112346474385,
        "MAE": 0.024635170380463436,
        "R2": 0.9841818774194696,
        "KL divergence": 0.0030955891028018197,
        "KS statistic": 0.009347718662493823,
        "W2 distance": 3.5234764831170086e-11,
        "Sliced Wasserstein distance": 1.5935468802657756e-10
    },
    "forecast_metrics": {
        "mse": 0.11123315989971161,
        "mae": 0.23832328617572784
    }
}