{
    "config": {
        "seed": 42,
        "dataset_name": "exchange_rate",
        "missing_rate": 0.6,
        "missing_type": "MCAR",
        "completeness_rate": 0.9,
        "imputation_method": "knn",
        "forecast_model": "TimesNet"
    },
    "imputed_metrics": {
        "RMSE": 0.020203728512637374,
        "MAE": 0.003929760781665974,
        "R2": 0.9995843811129801,
        "KL divergence": 0.00015047051442970694,
        "KS statistic": 0.002285455443913688,
        "W2 distance": 7.305745110692481e-13,
        "Sliced Wasserstein distance": 1.5418826796682819e-12
    },
    "forecast_metrics": {
        "mse": 0.10619942843914032,
        "mae": 0.23616322875022888
    }
}