{
    "config": {
        "seed": 42,
        "dataset_name": "exchange_rate",
        "missing_rate": 0.2,
        "missing_type": "MCAR",
        "completeness_rate": 0.9,
        "imputation_method": "mean",
        "forecast_model": "TimesNet"
    },
    "imputed_metrics": {
        "RMSE": 0.01958914165538919,
        "MAE": 0.01958914165538919,
        "R2": 0.9789328863728699,
        "KL divergence": 0.004762834358905288,
        "KS statistic": 0.014659858342941855,
        "W2 distance": 8.195956566383012e-11,
        "Sliced Wasserstein distance": 1.3653492524722623e-10
    },
    "forecast_metrics": {
        "mse": 0.11437855660915375,
        "mae": 0.24428243935108185
    }
}