{
    "config": {
        "seed": 42,
        "dataset_name": "exchange_rate",
        "missing_rate": 0.8,
        "missing_type": "D-MNAR",
        "completeness_rate": 0.3,
        "imputation_method": "forward",
        "forecast_model": "TimesNet"
    },
    "imputed_metrics": {
        "RMSE": 0.08321750142762602,
        "MAE": 0.03450149967701438,
        "R2": 0.9929488237365348,
        "KL divergence": 0.005011678618160108,
        "KS statistic": 0.014145116125844176,
        "W2 distance": 3.279159404199641e-11,
        "Sliced Wasserstein distance": 4.445756124251656e-11
    },
    "forecast_metrics": {
        "mse": 0.10652706772089005,
        "mae": 0.23537716269493103
    }
}