{
    "config": {
        "seed": 42,
        "dataset_name": "exchange_rate",
        "missing_rate": 0.4,
        "missing_type": "F-MNAR",
        "completeness_rate": 0.7,
        "imputation_method": "mean",
        "forecast_model": "TimesNet"
    },
    "imputed_metrics": {
        "RMSE": 0.1263379886735534,
        "MAE": 0.1263379886735534,
        "R2": 0.8426660314391249,
        "KL divergence": 0.03689414789105383,
        "KS statistic": 0.10286608466479988,
        "W2 distance": 1.6659213357100099e-09,
        "Sliced Wasserstein distance": 4.071502158781916e-10
    },
    "forecast_metrics": {
        "mse": 0.15487055480480194,
        "mae": 0.26592981815338135
    }
}