{
    "config": {
        "seed": 42,
        "dataset_name": "exchange_rate",
        "missing_rate": 0.3,
        "missing_type": "F-MNAR",
        "completeness_rate": 0.4,
        "imputation_method": "xgboost",
        "forecast_model": "TimesNet"
    },
    "imputed_metrics": {
        "RMSE": 0.055332346282657964,
        "MAE": 0.055332346282657964,
        "R2": 0.9757052288595907,
        "KL divergence": 0.006831241616429682,
        "KS statistic": 0.055200955361554935,
        "W2 distance": 2.0242314501771685e-10,
        "Sliced Wasserstein distance": 1.2202237784452525e-10
    },
    "forecast_metrics": {
        "mse": 0.12284895032644272,
        "mae": 0.24796506762504578
    }
}