{
    "config": {
        "seed": 42,
        "dataset_name": "exchange_rate",
        "missing_rate": 0.1,
        "missing_type": "F-MNAR",
        "completeness_rate": 0.1,
        "imputation_method": "IIM",
        "forecast_model": "TimesNet"
    },
    "imputed_metrics": {
        "RMSE": 0.01731966131020755,
        "MAE": 0.01731966131020755,
        "R2": 0.9914251101758528,
        "KL divergence": 0.023088611183535945,
        "KS statistic": 0.01249794103113161,
        "W2 distance": 3.4886066754759446e-09,
        "Sliced Wasserstein distance": 6.049140371605957e-10
    },
    "forecast_metrics": {
        "mse": 0.10749613493680954,
        "mae": 0.23388080298900604
    }
}