{
    "config": {
        "seed": 42,
        "dataset_name": "exchange_rate",
        "missing_rate": 0.2,
        "missing_type": "MCAR",
        "completeness_rate": 0.8,
        "imputation_method": "IIM",
        "forecast_model": "TimesNet"
    },
    "imputed_metrics": {
        "RMSE": 0.006865933943225065,
        "MAE": 0.0009219684568076855,
        "R2": 0.9999522894927559,
        "KL divergence": 1.4136840723230853e-05,
        "KS statistic": 0.0004323834623620491,
        "W2 distance": 4.162570294117349e-13,
        "Sliced Wasserstein distance": 1.5678103700659959e-12
    },
    "forecast_metrics": {
        "mse": 0.10581139475107193,
        "mae": 0.23574282228946686
    }
}