{
    "config": {
        "seed": 42,
        "dataset_name": "exchange_rate",
        "missing_rate": 0.4,
        "missing_type": "F-MNAR",
        "completeness_rate": 0.5,
        "imputation_method": "forward",
        "forecast_model": "TimesNet"
    },
    "imputed_metrics": {
        "RMSE": 0.04235288130332828,
        "MAE": 0.005465786011846878,
        "R2": 0.9981735905350021,
        "KL divergence": 0.003927212028941412,
        "KS statistic": 0.002964915170482622,
        "W2 distance": 5.952705068736896e-10,
        "Sliced Wasserstein distance": 4.503806743965966e-12
    },
    "forecast_metrics": {
        "mse": 0.1048678383231163,
        "mae": 0.23513777554035187
    }
}