{
    "config": {
        "seed": 42,
        "dataset_name": "exchange_rate",
        "missing_rate": 0.2,
        "missing_type": "D-MNAR",
        "completeness_rate": 0.5,
        "imputation_method": "knn",
        "forecast_model": "TimesNet"
    },
    "imputed_metrics": {
        "RMSE": 0.011209280677994139,
        "MAE": 0.011209280677994139,
        "R2": 0.9957192672696586,
        "KL divergence": 0.0009858612624956417,
        "KS statistic": 0.008421182671718003,
        "W2 distance": 7.55775037540992e-11,
        "Sliced Wasserstein distance": 9.453522437168726e-12
    },
    "forecast_metrics": {
        "mse": 0.10370476543903351,
        "mae": 0.2318279892206192
    }
}