{
    "config": {
        "seed": 42,
        "dataset_name": "exchange_rate",
        "missing_rate": 0.9,
        "missing_type": "D-MNAR",
        "completeness_rate": 0.2,
        "imputation_method": "xgboost",
        "forecast_model": "TimesNet"
    },
    "imputed_metrics": {
        "RMSE": 0.2771040345914619,
        "MAE": 0.2771040345914619,
        "R2": 0.8482996209078315,
        "KL divergence": 0.030056968569547177,
        "KS statistic": 0.21965079887992095,
        "W2 distance": 1.8957465302954005e-09,
        "Sliced Wasserstein distance": 5.468080834987889e-10
    },
    "forecast_metrics": {
        "mse": 0.21006536483764648,
        "mae": 0.3277231752872467
    }
}