{
    "config": {
        "seed": 42,
        "dataset_name": "exchange_rate",
        "missing_rate": 0.9,
        "missing_type": "D-MNAR",
        "completeness_rate": 0.5,
        "imputation_method": "mean",
        "forecast_model": "TimesNet"
    },
    "imputed_metrics": {
        "RMSE": 0.4030988201201768,
        "MAE": 0.4030988201201768,
        "R2": 0.4957669525708118,
        "KL divergence": 0.10159440158990814,
        "KS statistic": 0.2896351507165212,
        "W2 distance": 8.50639605646555e-09,
        "Sliced Wasserstein distance": 3.232055192863675e-09
    },
    "forecast_metrics": {
        "mse": 0.7428731322288513,
        "mae": 0.5154057145118713
    }
}