{
    "config": {
        "seed": 42,
        "dataset_name": "exchange_rate",
        "missing_rate": 0.9,
        "missing_type": "MCAR",
        "completeness_rate": 0.6,
        "imputation_method": "forward",
        "forecast_model": "TimesNet"
    },
    "imputed_metrics": {
        "RMSE": 0.07233417732487431,
        "MAE": 0.023664408553448008,
        "R2": 0.9946513710917094,
        "KL divergence": 0.00665964206120633,
        "KS statistic": 0.009265359907758194,
        "W2 distance": 7.198627983846476e-10,
        "Sliced Wasserstein distance": 2.4059550224100386e-11
    },
    "forecast_metrics": {
        "mse": 0.10623274743556976,
        "mae": 0.2381986528635025
    }
}