{
    "config": {
        "seed": 42,
        "dataset_name": "exchange_rate",
        "missing_rate": 0.5,
        "missing_type": "MCAR",
        "completeness_rate": 0.3,
        "imputation_method": "mean",
        "forecast_model": "TimesNet"
    },
    "imputed_metrics": {
        "RMSE": 0.5894160198494675,
        "MAE": 0.29546032227744895,
        "R2": 0.6462665760718388,
        "KL divergence": 0.0709942941594952,
        "KS statistic": 0.2049497611596113,
        "W2 distance": 2.7998193252944032e-09,
        "Sliced Wasserstein distance": 1.5826078684030445e-09
    },
    "forecast_metrics": {
        "mse": 0.23997074365615845,
        "mae": 0.3511175811290741
    }
}