{
    "config": {
        "seed": 42,
        "dataset_name": "exchange_rate",
        "missing_rate": 0.2,
        "missing_type": "MAR",
        "completeness_rate": 0.4,
        "imputation_method": "mean",
        "forecast_model": "TimesNet"
    },
    "imputed_metrics": {
        "RMSE": 0.3489995237469623,
        "MAE": 0.10178917210337525,
        "R2": 0.8759828075057814,
        "KL divergence": 0.027720480611452016,
        "KS statistic": 0.07964091582935266,
        "W2 distance": 5.710745544880896e-10,
        "Sliced Wasserstein distance": 8.380932862894438e-10
    },
    "forecast_metrics": {
        "mse": 0.12524668872356415,
        "mae": 0.25430697202682495
    }
}