{
    "config": {
        "seed": 42,
        "dataset_name": "exchange_rate",
        "missing_rate": 0.9,
        "missing_type": "MCAR",
        "completeness_rate": 0.4,
        "imputation_method": "mean",
        "forecast_model": "TimesNet"
    },
    "imputed_metrics": {
        "RMSE": 0.4503346241323474,
        "MAE": 0.4503346241323474,
        "R2": 0.47318942175947876,
        "KL divergence": 0.11400144962189944,
        "KS statistic": 0.30660105419206063,
        "W2 distance": 8.403158664755168e-09,
        "Sliced Wasserstein distance": 3.4589964658838644e-09
    },
    "forecast_metrics": {
        "mse": 1.1214417219161987,
        "mae": 0.6343653202056885
    }
}