{
    "config": {
        "seed": 42,
        "dataset_name": "exchange_rate",
        "missing_rate": 0.4,
        "missing_type": "MAR",
        "completeness_rate": 0.3,
        "imputation_method": "xgboost",
        "forecast_model": "TimesNet"
    },
    "imputed_metrics": {
        "RMSE": 0.08651504031184284,
        "MAE": 0.08651504031184284,
        "R2": 0.9605248175377993,
        "KL divergence": 0.010373506563318187,
        "KS statistic": 0.07997035084829517,
        "W2 distance": 3.2538178108363e-10,
        "Sliced Wasserstein distance": 1.982137342103596e-10
    },
    "forecast_metrics": {
        "mse": 0.12317878752946854,
        "mae": 0.2535182237625122
    }
}