{
    "config": {
        "seed": 42,
        "dataset_name": "exchange_rate",
        "missing_rate": 0.6,
        "missing_type": "F-MNAR",
        "completeness_rate": 0.9,
        "imputation_method": "mean",
        "forecast_model": "TimesNet"
    },
    "imputed_metrics": {
        "RMSE": 0.24393554652023947,
        "MAE": 0.05820914300543835,
        "R2": 0.9394125871007593,
        "KL divergence": 0.014065373355940594,
        "KS statistic": 0.04632679953879097,
        "W2 distance": 5.458125610397649e-10,
        "Sliced Wasserstein distance": 2.319914632408818e-10
    },
    "forecast_metrics": {
        "mse": 0.12757888436317444,
        "mae": 0.2584085166454315
    }
}