{
    "config": {
        "seed": 42,
        "dataset_name": "exchange_rate",
        "missing_rate": 0.5,
        "missing_type": "MCAR",
        "completeness_rate": 0.7,
        "imputation_method": "knn",
        "forecast_model": "TimesNet"
    },
    "imputed_metrics": {
        "RMSE": 0.016277920420006413,
        "MAE": 0.016277920420006413,
        "R2": 0.9959123851823264,
        "KL divergence": 0.004078512514259385,
        "KS statistic": 0.009244770219074288,
        "W2 distance": 4.904375443778385e-10,
        "Sliced Wasserstein distance": 5.778487343097008e-12
    },
    "forecast_metrics": {
        "mse": 0.10758369415998459,
        "mae": 0.23584577441215515
    }
}