{
    "config": {
        "seed": 42,
        "dataset_name": "exchange_rate",
        "missing_rate": 0.3,
        "missing_type": "MAR",
        "completeness_rate": 0.8,
        "imputation_method": "knn",
        "forecast_model": "TimesNet"
    },
    "imputed_metrics": {
        "RMSE": 0.030875650793261822,
        "MAE": 0.005704810064356064,
        "R2": 0.999029345957338,
        "KL divergence": 0.00032220023545263224,
        "KS statistic": 0.0032325811233734148,
        "W2 distance": 1.3282147122741774e-12,
        "Sliced Wasserstein distance": 4.946304703050096e-12
    },
    "forecast_metrics": {
        "mse": 0.10697904974222183,
        "mae": 0.2370287925004959
    }
}