{
    "config": {
        "seed": 42,
        "dataset_name": "exchange_rate",
        "missing_rate": 0.5,
        "missing_type": "MAR",
        "completeness_rate": 0.2,
        "imputation_method": "xgboost",
        "forecast_model": "TimesNet"
    },
    "imputed_metrics": {
        "RMSE": 0.13640365870485804,
        "MAE": 0.13640365870485804,
        "R2": 0.9327586352710879,
        "KL divergence": 0.015002798052114042,
        "KS statistic": 0.11099901169494317,
        "W2 distance": 8.938298454869797e-10,
        "Sliced Wasserstein distance": 4.01986567846377e-10
    },
    "forecast_metrics": {
        "mse": 0.16883331537246704,
        "mae": 0.29003217816352844
    }
}