{
    "config": {
        "seed": 42,
        "dataset_name": "exchange_rate",
        "missing_rate": 0.8,
        "missing_type": "MAR",
        "completeness_rate": 0.2,
        "imputation_method": "xgboost",
        "forecast_model": "TimesNet"
    },
    "imputed_metrics": {
        "RMSE": 0.22469649348755863,
        "MAE": 0.22469649348755863,
        "R2": 0.8894084368192242,
        "KL divergence": 0.024539066696788115,
        "KS statistic": 0.17733898863449185,
        "W2 distance": 1.779971671315574e-09,
        "Sliced Wasserstein distance": 5.593534308277611e-10
    },
    "forecast_metrics": {
        "mse": 0.20076249539852142,
        "mae": 0.31871065497398376
    }
}