{
    "config": {
        "seed": 42,
        "dataset_name": "exchange_rate",
        "missing_rate": 0.3,
        "missing_type": "F-MNAR",
        "completeness_rate": 0.2,
        "imputation_method": "IIM",
        "forecast_model": "TimesNet"
    },
    "imputed_metrics": {
        "RMSE": 0.3322671608019943,
        "MAE": 0.1278948439022124,
        "R2": 0.8887728799934519,
        "KL divergence": 0.024988272473919545,
        "KS statistic": 0.08388239169823751,
        "W2 distance": 6.624059533173885e-10,
        "Sliced Wasserstein distance": 7.126715099032772e-10
    },
    "forecast_metrics": {
        "mse": 0.1294524222612381,
        "mae": 0.25717055797576904
    }
}