{
    "config": {
        "seed": 42,
        "dataset_name": "exchange_rate",
        "missing_rate": 0.3,
        "missing_type": "MAR",
        "completeness_rate": 0.8,
        "imputation_method": "mean",
        "forecast_model": "TimesNet"
    },
    "imputed_metrics": {
        "RMSE": 0.2390939379141058,
        "MAE": 0.05537854391648133,
        "R2": 0.941793785305338,
        "KL divergence": 0.013715819582509127,
        "KS statistic": 0.04577087794432548,
        "W2 distance": 3.0686084686620715e-10,
        "Sliced Wasserstein distance": 4.0710142548600677e-10
    },
    "forecast_metrics": {
        "mse": 0.12693488597869873,
        "mae": 0.25753289461135864
    }
}