{
    "config": {
        "seed": 42,
        "dataset_name": "exchange_rate",
        "missing_rate": 0.4,
        "missing_type": "F-MNAR",
        "completeness_rate": 0.9,
        "imputation_method": "IIM",
        "forecast_model": "TimesNet"
    },
    "imputed_metrics": {
        "RMSE": 0.0010273701870157465,
        "MAE": 0.0010273701870157465,
        "R2": 0.9999448282759902,
        "KL divergence": 4.461382062444653e-05,
        "KS statistic": 0.0004529731510459562,
        "W2 distance": 6.968427328946568e-13,
        "Sliced Wasserstein distance": 2.5112182123023766e-12
    },
    "forecast_metrics": {
        "mse": 0.10558311641216278,
        "mae": 0.2354826182126999
    }
}