{
    "config": {
        "seed": 42,
        "dataset_name": "exchange_rate",
        "missing_rate": 0.5,
        "missing_type": "F-MNAR",
        "completeness_rate": 0.7,
        "imputation_method": "mean",
        "forecast_model": "TimesNet"
    },
    "imputed_metrics": {
        "RMSE": 0.4406244840841584,
        "MAE": 0.15848574958962652,
        "R2": 0.8023169292768033,
        "KL divergence": 0.0460457819379228,
        "KS statistic": 0.12751194201943666,
        "W2 distance": 2.501309778430442e-09,
        "Sliced Wasserstein distance": 5.568551800613208e-10
    },
    "forecast_metrics": {
        "mse": 0.17823836207389832,
        "mae": 0.2793669104576111
    }
}