{
    "config": {
        "seed": 42,
        "dataset_name": "exchange_rate",
        "missing_rate": 0.9,
        "missing_type": "F-MNAR",
        "completeness_rate": 0.4,
        "imputation_method": "mean",
        "forecast_model": "TimesNet"
    },
    "imputed_metrics": {
        "RMSE": 0.797748846678246,
        "MAE": 0.49009448007931905,
        "R2": 0.3487490160080027,
        "KL divergence": 0.11347151039194144,
        "KS statistic": 0.37257041673529895,
        "W2 distance": 8.468258285627154e-09,
        "Sliced Wasserstein distance": 3.091665653891502e-09
    },
    "forecast_metrics": {
        "mse": 1.2135542631149292,
        "mae": 0.6410472989082336
    }
}