{
    "config": {
        "seed": 42,
        "dataset_name": "exchange_rate",
        "missing_rate": 0.9,
        "missing_type": "D-MNAR",
        "completeness_rate": 0.4,
        "imputation_method": "mean",
        "forecast_model": "TimesNet"
    },
    "imputed_metrics": {
        "RMSE": 0.8300714015071553,
        "MAE": 0.5262282233184838,
        "R2": 0.29562608031023463,
        "KL divergence": 0.11349300810142898,
        "KS statistic": 0.4143674847636304,
        "W2 distance": 8.728505365055247e-09,
        "Sliced Wasserstein distance": 3.4624792627853854e-09
    },
    "forecast_metrics": {
        "mse": 0.8534533381462097,
        "mae": 0.5834463238716125
    }
}