{
    "config": {
        "seed": 42,
        "dataset_name": "exchange_rate",
        "missing_rate": 0.9,
        "missing_type": "F-MNAR",
        "completeness_rate": 0.1,
        "imputation_method": "IIM",
        "forecast_model": "TimesNet"
    },
    "imputed_metrics": {
        "RMSE": 0.6640773707882407,
        "MAE": 0.6640773707882407,
        "R2": 0.06850445549051043,
        "KL divergence": 0.141618404553599,
        "KS statistic": 0.27917558886509636,
        "W2 distance": 2.991403436640691e-09,
        "Sliced Wasserstein distance": 1.162372128889318e-09
    },
    "forecast_metrics": {
        "mse": 0.11535684019327164,
        "mae": 0.2486303299665451
    }
}