{
    "config": {
        "seed": 42,
        "dataset_name": "exchange_rate",
        "missing_rate": 0.5,
        "missing_type": "MAR",
        "completeness_rate": 0.5,
        "imputation_method": "IIM",
        "forecast_model": "TimesNet"
    },
    "imputed_metrics": {
        "RMSE": 0.17789209000063252,
        "MAE": 0.05359673964333076,
        "R2": 0.9677669884047604,
        "KL divergence": 0.023339042216976122,
        "KS statistic": 0.03419947290396969,
        "W2 distance": 2.845482969133603e-09,
        "Sliced Wasserstein distance": 4.4198047472232866e-10
    },
    "forecast_metrics": {
        "mse": 0.11719474196434021,
        "mae": 0.24370063841342926
    }
}