{
    "config": {
        "seed": 42,
        "dataset_name": "exchange_rate",
        "missing_rate": 0.9,
        "missing_type": "MAR",
        "completeness_rate": 0.7,
        "imputation_method": "IIM",
        "forecast_model": "TimesNet"
    },
    "imputed_metrics": {
        "RMSE": 0.4020713867083855,
        "MAE": 0.17341415972928356,
        "R2": 0.8355460890192455,
        "KL divergence": 0.04090864410065148,
        "KS statistic": 0.09296244440784056,
        "W2 distance": 3.3340973122904798e-09,
        "Sliced Wasserstein distance": 6.453508178725186e-10
    },
    "forecast_metrics": {
        "mse": 0.12091626971960068,
        "mae": 0.24942916631698608
    }
}