{
    "config": {
        "seed": 42,
        "dataset_name": "exchange_rate",
        "missing_rate": 0.6,
        "missing_type": "MAR",
        "completeness_rate": 0.8,
        "imputation_method": "knn",
        "forecast_model": "TimesNet"
    },
    "imputed_metrics": {
        "RMSE": 0.01871234935566046,
        "MAE": 0.01871234935566046,
        "R2": 0.9949533546660436,
        "KL divergence": 0.0015116425597434362,
        "KS statistic": 0.011468456596936256,
        "W2 distance": 1.4704592574298726e-11,
        "Sliced Wasserstein distance": 4.484531809494706e-11
    },
    "forecast_metrics": {
        "mse": 0.11055881530046463,
        "mae": 0.24006280303001404
    }
}