{
    "config": {
        "seed": 42,
        "dataset_name": "exchange_rate",
        "missing_rate": 0.3,
        "missing_type": "F-MNAR",
        "completeness_rate": 0.1,
        "imputation_method": "xgboost",
        "forecast_model": "TimesNet"
    },
    "imputed_metrics": {
        "RMSE": 0.08138477398968122,
        "MAE": 0.08138477398968122,
        "R2": 0.9615501087985848,
        "KL divergence": 0.010238773893638798,
        "KS statistic": 0.07990858178224346,
        "W2 distance": 2.809621738710005e-10,
        "Sliced Wasserstein distance": 2.1563310716830326e-10
    },
    "forecast_metrics": {
        "mse": 0.132794588804245,
        "mae": 0.2584952712059021
    }
}