{
    "config": {
        "seed": 42,
        "dataset_name": "exchange_rate",
        "missing_rate": 0.1,
        "missing_type": "MCAR",
        "completeness_rate": 0.4,
        "imputation_method": "mean",
        "forecast_model": "TimesNet"
    },
    "imputed_metrics": {
        "RMSE": 0.05024591746392341,
        "MAE": 0.05024591746392341,
        "R2": 0.9415015177696318,
        "KL divergence": 0.01275664048091943,
        "KS statistic": 0.034755394498435184,
        "W2 distance": 1.5715134676832786e-10,
        "Sliced Wasserstein distance": 4.1395941823784415e-10
    },
    "forecast_metrics": {
        "mse": 0.11665203422307968,
        "mae": 0.244666188955307
    }
}