{
    "config": {
        "seed": 42,
        "dataset_name": "exchange_rate",
        "missing_rate": 0.8,
        "missing_type": "F-MNAR",
        "completeness_rate": 0.2,
        "imputation_method": "xgboost",
        "forecast_model": "TimesNet"
    },
    "imputed_metrics": {
        "RMSE": 0.24823408201028918,
        "MAE": 0.24823408201028918,
        "R2": 0.8663898952104083,
        "KL divergence": 0.026619326524722653,
        "KS statistic": 0.2137209685389557,
        "W2 distance": 1.7041226132843725e-09,
        "Sliced Wasserstein distance": 4.815534138909584e-10
    },
    "forecast_metrics": {
        "mse": 0.20942415297031403,
        "mae": 0.32794973254203796
    }
}