{
    "config": {
        "seed": 42,
        "dataset_name": "exchange_rate",
        "missing_rate": 0.9,
        "missing_type": "MCAR",
        "completeness_rate": 0.9,
        "imputation_method": "forward",
        "forecast_model": "TimesNet"
    },
    "imputed_metrics": {
        "RMSE": 0.0291113148458307,
        "MAE": 0.006201334922178366,
        "R2": 0.9991371091386733,
        "KL divergence": 0.001128791886019782,
        "KS statistic": 0.0030266842365343437,
        "W2 distance": 4.5975150855328696e-12,
        "Sliced Wasserstein distance": 7.66665078017651e-12
    },
    "forecast_metrics": {
        "mse": 0.1049799993634224,
        "mae": 0.23490683734416962
    }
}