{
    "config": {
        "seed": 42,
        "dataset_name": "exchange_rate",
        "missing_rate": 0.2,
        "missing_type": "MCAR",
        "completeness_rate": 0.9,
        "imputation_method": "knn",
        "forecast_model": "TimesNet"
    },
    "imputed_metrics": {
        "RMSE": 0.007441856997359401,
        "MAE": 0.0008133160136920935,
        "R2": 0.9999436109383565,
        "KL divergence": 2.13142501435995e-05,
        "KS statistic": 0.000411793773678142,
        "W2 distance": 3.7012008432174e-13,
        "Sliced Wasserstein distance": 3.009785961782368e-13
    },
    "forecast_metrics": {
        "mse": 0.10521938651800156,
        "mae": 0.23494747281074524
    }
}