{
    "config": {
        "seed": 42,
        "dataset_name": "exchange_rate",
        "missing_rate": 0.7,
        "missing_type": "MAR",
        "completeness_rate": 0.2,
        "imputation_method": "xgboost",
        "forecast_model": "TimesNet"
    },
    "imputed_metrics": {
        "RMSE": 0.3047226826802481,
        "MAE": 0.1934964603279347,
        "R2": 0.9047431281284777,
        "KL divergence": 0.02106381573766124,
        "KS statistic": 0.15559627738428594,
        "W2 distance": 1.4977481310937725e-09,
        "Sliced Wasserstein distance": 5.178737617352511e-10
    },
    "forecast_metrics": {
        "mse": 0.18788307905197144,
        "mae": 0.30634909868240356
    }
}