{
    "config": {
        "seed": 42,
        "dataset_name": "exchange_rate",
        "missing_rate": 0.9,
        "missing_type": "MAR",
        "completeness_rate": 0.4,
        "imputation_method": "mean",
        "forecast_model": "TimesNet"
    },
    "imputed_metrics": {
        "RMSE": 0.7978310434868411,
        "MAE": 0.4874123817664263,
        "R2": 0.34670210680989066,
        "KL divergence": 0.11643520612553798,
        "KS statistic": 0.3608754735628397,
        "W2 distance": 8.765305360637867e-09,
        "Sliced Wasserstein distance": 4.155004267602854e-09
    },
    "forecast_metrics": {
        "mse": 1.1494832038879395,
        "mae": 0.6406403183937073
    }
}