{
    "config": {
        "seed": 42,
        "dataset_name": "exchange_rate",
        "missing_rate": 0.9,
        "missing_type": "D-MNAR",
        "completeness_rate": 0.8,
        "imputation_method": "knn",
        "forecast_model": "TimesNet"
    },
    "imputed_metrics": {
        "RMSE": 0.10101971989638574,
        "MAE": 0.10101971989638574,
        "R2": 0.9258799378139184,
        "KL divergence": 0.015816020073118477,
        "KS statistic": 0.06868720144951408,
        "W2 distance": 4.469536605768419e-10,
        "Sliced Wasserstein distance": 1.8271058750941204e-10
    },
    "forecast_metrics": {
        "mse": 0.12567301094532013,
        "mae": 0.2565734088420868
    }
}