{
    "config": {
        "seed": 42,
        "dataset_name": "exchange_rate",
        "missing_rate": 0.8,
        "missing_type": "MCAR",
        "completeness_rate": 0.4,
        "imputation_method": "IIM",
        "forecast_model": "TimesNet"
    },
    "imputed_metrics": {
        "RMSE": 0.3954468991184282,
        "MAE": 0.22118719297656944,
        "R2": 0.8359116414992571,
        "KL divergence": 0.0439486047356574,
        "KS statistic": 0.12477351342447701,
        "W2 distance": 1.788057218435981e-09,
        "Sliced Wasserstein distance": 7.342965552873955e-10
    },
    "forecast_metrics": {
        "mse": 0.16777803003787994,
        "mae": 0.2977670431137085
    }
}