{
    "config": {
        "seed": 42,
        "dataset_name": "exchange_rate",
        "missing_rate": 0.5,
        "missing_type": "MAR",
        "completeness_rate": 0.3,
        "imputation_method": "forward",
        "forecast_model": "TimesNet"
    },
    "imputed_metrics": {
        "RMSE": 0.03562630337334401,
        "MAE": 0.012483840557349031,
        "R2": 0.9987076690346881,
        "KL divergence": 0.0037613328744675184,
        "KS statistic": 0.005950420029649151,
        "W2 distance": 6.242237411692455e-10,
        "Sliced Wasserstein distance": 9.996554300784097e-12
    },
    "forecast_metrics": {
        "mse": 0.10728750377893448,
        "mae": 0.23717054724693298
    }
}