{
    "config": {
        "seed": 42,
        "dataset_name": "exchange_rate",
        "missing_rate": 0.4,
        "missing_type": "D-MNAR",
        "completeness_rate": 0.8,
        "imputation_method": "forward",
        "forecast_model": "TimesNet"
    },
    "imputed_metrics": {
        "RMSE": 0.01413021869720743,
        "MAE": 0.002969818181705357,
        "R2": 0.9997967034567818,
        "KL divergence": 9.951535623369331e-05,
        "KS statistic": 0.0014000988305056827,
        "W2 distance": 7.569549767226991e-13,
        "Sliced Wasserstein distance": 6.523271274050523e-13
    },
    "forecast_metrics": {
        "mse": 0.10579740256071091,
        "mae": 0.23589807748794556
    }
}