{
    "config": {
        "seed": 42,
        "dataset_name": "exchange_rate",
        "missing_rate": 0.9,
        "missing_type": "D-MNAR",
        "completeness_rate": 0.7,
        "imputation_method": "IIM",
        "forecast_model": "TimesNet"
    },
    "imputed_metrics": {
        "RMSE": 0.1655230107647328,
        "MAE": 0.1655230107647328,
        "R2": 0.8061918768465806,
        "KL divergence": 0.05783432072408035,
        "KS statistic": 0.12450584747158622,
        "W2 distance": 2.0422187408249677e-09,
        "Sliced Wasserstein distance": 8.52059934163385e-10
    },
    "forecast_metrics": {
        "mse": 0.13391514122486115,
        "mae": 0.27038538455963135
    }
}