{
    "config": {
        "seed": 42,
        "dataset_name": "exchange_rate",
        "missing_rate": 0.8,
        "missing_type": "MCAR",
        "completeness_rate": 0.4,
        "imputation_method": "forward",
        "forecast_model": "TimesNet"
    },
    "imputed_metrics": {
        "RMSE": 0.05613723992025526,
        "MAE": 0.0203722232217023,
        "R2": 0.9967912613981867,
        "KL divergence": 0.005187080155590695,
        "KS statistic": 0.007144621973315763,
        "W2 distance": 6.276365861296601e-10,
        "Sliced Wasserstein distance": 1.6905480033314054e-11
    },
    "forecast_metrics": {
        "mse": 0.1048600897192955,
        "mae": 0.23489370942115784
    }
}