{
    "config": {
        "seed": 42,
        "dataset_name": "exchange_rate",
        "missing_rate": 0.1,
        "missing_type": "F-MNAR",
        "completeness_rate": 0.8,
        "imputation_method": "mean",
        "forecast_model": "TimesNet"
    },
    "imputed_metrics": {
        "RMSE": 0.1601209467940302,
        "MAE": 0.02064532117725055,
        "R2": 0.9738947097789487,
        "KL divergence": 0.005147104260579153,
        "KS statistic": 0.01328034920112008,
        "W2 distance": 4.143157894228048e-11,
        "Sliced Wasserstein distance": 3.0767557047978087e-10
    },
    "forecast_metrics": {
        "mse": 0.12015162408351898,
        "mae": 0.24577020108699799
    }
}