{
    "config": {
        "seed": 42,
        "dataset_name": "exchange_rate",
        "missing_rate": 0.6,
        "missing_type": "D-MNAR",
        "completeness_rate": 0.8,
        "imputation_method": "knn",
        "forecast_model": "TimesNet"
    },
    "imputed_metrics": {
        "RMSE": 0.060905738994035834,
        "MAE": 0.01691750475290551,
        "R2": 0.9962229854225881,
        "KL divergence": 0.0013851772550428085,
        "KS statistic": 0.010253664964585735,
        "W2 distance": 5.879970428135859e-12,
        "Sliced Wasserstein distance": 1.2062860257317716e-11
    },
    "forecast_metrics": {
        "mse": 0.10933143645524979,
        "mae": 0.23816166818141937
    }
}