{
    "config": {
        "seed": 42,
        "dataset_name": "exchange_rate",
        "missing_rate": 0.2,
        "missing_type": "MCAR",
        "completeness_rate": 0.6,
        "imputation_method": "IIM",
        "forecast_model": "TimesNet"
    },
    "imputed_metrics": {
        "RMSE": 0.017689716948782363,
        "MAE": 0.0029367097956323114,
        "R2": 0.9996721347791514,
        "KL divergence": 9.833258953620769e-05,
        "KS statistic": 0.004920935595453797,
        "W2 distance": 2.3143677306857506e-12,
        "Sliced Wasserstein distance": 1.3294814640040007e-12
    },
    "forecast_metrics": {
        "mse": 0.10368969291448593,
        "mae": 0.23172692954540253
    }
}