{
    "config": {
        "seed": 42,
        "dataset_name": "exchange_rate",
        "missing_rate": 0.5,
        "missing_type": "F-MNAR",
        "completeness_rate": 0.9,
        "imputation_method": "knn",
        "forecast_model": "TimesNet"
    },
    "imputed_metrics": {
        "RMSE": 0.016232339649777827,
        "MAE": 0.0027270306986458886,
        "R2": 0.9997317161872453,
        "KL divergence": 0.000191434082983327,
        "KS statistic": 0.0015854060286608466,
        "W2 distance": 5.2925202362356196e-12,
        "Sliced Wasserstein distance": 4.628058575600842e-12
    },
    "forecast_metrics": {
        "mse": 0.10489072650671005,
        "mae": 0.23471961915493011
    }
}