{
    "config": {
        "seed": 42,
        "dataset_name": "exchange_rate",
        "missing_rate": 0.1,
        "missing_type": "F-MNAR",
        "completeness_rate": 0.3,
        "imputation_method": "IIM",
        "forecast_model": "TimesNet"
    },
    "imputed_metrics": {
        "RMSE": 0.007862485730153954,
        "MAE": 0.007862485730153954,
        "R2": 0.9969594450628781,
        "KL divergence": 0.010665150446872473,
        "KS statistic": 0.008956514577499589,
        "W2 distance": 1.9443851052196278e-09,
        "Sliced Wasserstein distance": 1.174627817678467e-10
    },
    "forecast_metrics": {
        "mse": 0.10430507361888885,
        "mae": 0.23344099521636963
    }
}