{
    "config": {
        "seed": 42,
        "dataset_name": "exchange_rate",
        "missing_rate": 0.5,
        "missing_type": "F-MNAR",
        "completeness_rate": 0.1,
        "imputation_method": "mean",
        "forecast_model": "TimesNet"
    },
    "imputed_metrics": {
        "RMSE": 0.6802010111233104,
        "MAE": 0.37423394760011935,
        "R2": 0.5289068674396428,
        "KL divergence": 0.08640791231947301,
        "KS statistic": 0.3041714709273595,
        "W2 distance": 3.435976311048662e-09,
        "Sliced Wasserstein distance": 1.8707760016464736e-09
    },
    "forecast_metrics": {
        "mse": 0.3024282455444336,
        "mae": 0.37974345684051514
    }
}