{
    "config": {
        "seed": 42,
        "dataset_name": "exchange_rate",
        "missing_rate": 0.9,
        "missing_type": "D-MNAR",
        "completeness_rate": 0.3,
        "imputation_method": "IIM",
        "forecast_model": "TimesNet"
    },
    "imputed_metrics": {
        "RMSE": 0.4384720589242677,
        "MAE": 0.4384720589242677,
        "R2": 0.5218822557662073,
        "KL divergence": 0.08535509658261632,
        "KS statistic": 0.24201120079064403,
        "W2 distance": 3.2745724567461357e-09,
        "Sliced Wasserstein distance": 1.2854427742545838e-09
    },
    "forecast_metrics": {
        "mse": 0.21085244417190552,
        "mae": 0.3294808864593506
    }
}