{
    "config": {
        "seed": 42,
        "dataset_name": "exchange_rate",
        "missing_rate": 0.6,
        "missing_type": "F-MNAR",
        "completeness_rate": 0.9,
        "imputation_method": "IIM",
        "forecast_model": "TimesNet"
    },
    "imputed_metrics": {
        "RMSE": 0.01310750403261987,
        "MAE": 0.0022389181686903142,
        "R2": 0.9998246307957893,
        "KL divergence": 0.00010259911596044615,
        "KS statistic": 0.001214791632350519,
        "W2 distance": 1.880637417349484e-12,
        "Sliced Wasserstein distance": 1.9065313207522146e-12
    },
    "forecast_metrics": {
        "mse": 0.10564305633306503,
        "mae": 0.2356880158185959
    }
}