{
    "config": {
        "seed": 42,
        "dataset_name": "exchange_rate",
        "missing_rate": 0.7,
        "missing_type": "MCAR",
        "completeness_rate": 0.2,
        "imputation_method": "knn",
        "forecast_model": "TimesNet"
    },
    "imputed_metrics": {
        "RMSE": 0.4366941884395049,
        "MAE": 0.4366941884395049,
        "R2": 0.48111530124079027,
        "KL divergence": 0.09740497798828583,
        "KS statistic": 0.23945807939383956,
        "W2 distance": 3.866542123820215e-09,
        "Sliced Wasserstein distance": 2.221368436672474e-09
    },
    "forecast_metrics": {
        "mse": 0.40906304121017456,
        "mae": 0.45023566484451294
    }
}