{
    "config": {
        "seed": 42,
        "dataset_name": "exchange_rate",
        "missing_rate": 0.2,
        "missing_type": "MAR",
        "completeness_rate": 0.4,
        "imputation_method": "xgboost",
        "forecast_model": "TimesNet"
    },
    "imputed_metrics": {
        "RMSE": 0.12718729527661102,
        "MAE": 0.03667073562173794,
        "R2": 0.9837270497505475,
        "KL divergence": 0.0049028356700559226,
        "KS statistic": 0.03749382309339482,
        "W2 distance": 1.6457412734429603e-10,
        "Sliced Wasserstein distance": 8.686341598944413e-11
    },
    "forecast_metrics": {
        "mse": 0.1193612664937973,
        "mae": 0.2415621280670166
    }
}