{
    "config": {
        "seed": 42,
        "dataset_name": "exchange_rate",
        "missing_rate": 0.7,
        "missing_type": "MAR",
        "completeness_rate": 0.9,
        "imputation_method": "knn",
        "forecast_model": "TimesNet"
    },
    "imputed_metrics": {
        "RMSE": 0.027953448393680535,
        "MAE": 0.005892262957958674,
        "R2": 0.9992043849149365,
        "KL divergence": 0.00029442442243326203,
        "KS statistic": 0.002923735793114808,
        "W2 distance": 1.4037150740059232e-12,
        "Sliced Wasserstein distance": 1.8403765042337255e-12
    },
    "forecast_metrics": {
        "mse": 0.10427143424749374,
        "mae": 0.23236705362796783
    }
}