{
    "config": {
        "seed": 42,
        "dataset_name": "exchange_rate",
        "missing_rate": 0.3,
        "missing_type": "D-MNAR",
        "completeness_rate": 0.9,
        "imputation_method": "forward",
        "forecast_model": "TimesNet"
    },
    "imputed_metrics": {
        "RMSE": 0.0009027543106541186,
        "MAE": 0.0009027543106541186,
        "R2": 0.9999430512772146,
        "KL divergence": 1.3573265408429311e-05,
        "KS statistic": 0.0004529731510459562,
        "W2 distance": 4.168205358494017e-13,
        "Sliced Wasserstein distance": 9.978764184146816e-13
    },
    "forecast_metrics": {
        "mse": 0.10535984486341476,
        "mae": 0.23523512482643127
    }
}