{
    "config": {
        "seed": 42,
        "dataset_name": "exchange_rate",
        "missing_rate": 0.9,
        "missing_type": "F-MNAR",
        "completeness_rate": 0.7,
        "imputation_method": "xgboost",
        "forecast_model": "TimesNet"
    },
    "imputed_metrics": {
        "RMSE": 0.10611266571114371,
        "MAE": 0.10611266571114371,
        "R2": 0.9451832833185865,
        "KL divergence": 0.011252184795524499,
        "KS statistic": 0.11589935760171306,
        "W2 distance": 1.1061173557917996e-09,
        "Sliced Wasserstein distance": 3.0226894843338693e-10
    },
    "forecast_metrics": {
        "mse": 0.14681586623191833,
        "mae": 0.2729332149028778
    }
}