{
    "config": {
        "seed": 42,
        "dataset_name": "exchange_rate",
        "missing_rate": 0.4,
        "missing_type": "MAR",
        "completeness_rate": 0.8,
        "imputation_method": "IIM",
        "forecast_model": "TimesNet"
    },
    "imputed_metrics": {
        "RMSE": 0.004330715169608409,
        "MAE": 0.004330715169608409,
        "R2": 0.9994304444012247,
        "KL divergence": 0.00038120183023841676,
        "KS statistic": 0.002264865755229781,
        "W2 distance": 1.4768697200462667e-11,
        "Sliced Wasserstein distance": 4.769444179083429e-12
    },
    "forecast_metrics": {
        "mse": 0.10879219323396683,
        "mae": 0.23952198028564453
    }
}