{
    "config": {
        "seed": 42,
        "dataset_name": "exchange_rate",
        "missing_rate": 0.3,
        "missing_type": "MAR",
        "completeness_rate": 0.9,
        "imputation_method": "forward",
        "forecast_model": "TimesNet"
    },
    "imputed_metrics": {
        "RMSE": 0.007485857607783713,
        "MAE": 0.0008612190160604507,
        "R2": 0.9999429421568551,
        "KL divergence": 1.6166888830740902e-05,
        "KS statistic": 0.00032943501894251357,
        "W2 distance": 3.76613536333843e-13,
        "Sliced Wasserstein distance": 4.1584705405393444e-13
    },
    "forecast_metrics": {
        "mse": 0.10578862577676773,
        "mae": 0.2356569766998291
    }
}