{
    "config": {
        "seed": 42,
        "dataset_name": "exchange_rate",
        "missing_rate": 0.9,
        "missing_type": "MAR",
        "completeness_rate": 0.4,
        "imputation_method": "forward",
        "forecast_model": "TimesNet"
    },
    "imputed_metrics": {
        "RMSE": 0.09469457133758936,
        "MAE": 0.04067435194575267,
        "R2": 0.9907762034036759,
        "KL divergence": 0.011309322090212306,
        "KS statistic": 0.01490693460714874,
        "W2 distance": 7.847715624086019e-10,
        "Sliced Wasserstein distance": 5.3385551449360685e-11
    },
    "forecast_metrics": {
        "mse": 0.10385064035654068,
        "mae": 0.23249229788780212
    }
}