{
    "config": {
        "seed": 42,
        "dataset_name": "exchange_rate",
        "missing_rate": 0.6,
        "missing_type": "MCAR",
        "completeness_rate": 0.8,
        "imputation_method": "knn",
        "forecast_model": "TimesNet"
    },
    "imputed_metrics": {
        "RMSE": 0.047545549727823204,
        "MAE": 0.012981015432208965,
        "R2": 0.9976982827463676,
        "KL divergence": 0.0006869941168075207,
        "KS statistic": 0.005868061274913523,
        "W2 distance": 6.865088216879333e-12,
        "Sliced Wasserstein distance": 1.0726874003780372e-11
    },
    "forecast_metrics": {
        "mse": 0.10640324652194977,
        "mae": 0.23506981134414673
    }
}