{
    "config": {
        "seed": 42,
        "dataset_name": "exchange_rate",
        "missing_rate": 0.3,
        "missing_type": "MCAR",
        "completeness_rate": 0.4,
        "imputation_method": "knn",
        "forecast_model": "TimesNet"
    },
    "imputed_metrics": {
        "RMSE": 0.08498070931344637,
        "MAE": 0.023194832274629755,
        "R2": 0.9926468583818601,
        "KL divergence": 0.0018267238845209575,
        "KS statistic": 0.013877450172953384,
        "W2 distance": 4.08083966320705e-11,
        "Sliced Wasserstein distance": 1.3999367676085761e-11
    },
    "forecast_metrics": {
        "mse": 0.10691376030445099,
        "mae": 0.2323901504278183
    }
}