{
    "config": {
        "seed": 42,
        "dataset_name": "exchange_rate",
        "missing_rate": 0.5,
        "missing_type": "F-MNAR",
        "completeness_rate": 0.8,
        "imputation_method": "forward",
        "forecast_model": "TimesNet"
    },
    "imputed_metrics": {
        "RMSE": 0.004500160714869217,
        "MAE": 0.004500160714869217,
        "R2": 0.9995407618754916,
        "KL divergence": 0.00016321721479435473,
        "KS statistic": 0.001647175094712568,
        "W2 distance": 1.6077011160603131e-12,
        "Sliced Wasserstein distance": 6.250346581198972e-12
    },
    "forecast_metrics": {
        "mse": 0.10574053227901459,
        "mae": 0.2355937361717224
    }
}