{
    "config": {
        "seed": 42,
        "dataset_name": "exchange_rate",
        "missing_rate": 0.3,
        "missing_type": "D-MNAR",
        "completeness_rate": 0.3,
        "imputation_method": "knn",
        "forecast_model": "TimesNet"
    },
    "imputed_metrics": {
        "RMSE": 0.24175850142656752,
        "MAE": 0.08342291167801699,
        "R2": 0.9404892070753624,
        "KL divergence": 0.01447762610996493,
        "KS statistic": 0.04986822599242299,
        "W2 distance": 2.526502907769401e-10,
        "Sliced Wasserstein distance": 2.2715644156419668e-10
    },
    "forecast_metrics": {
        "mse": 0.12232227623462677,
        "mae": 0.25178760290145874
    }
}