{
    "config": {
        "seed": 42,
        "dataset_name": "exchange_rate",
        "missing_rate": 0.1,
        "missing_type": "F-MNAR",
        "completeness_rate": 0.5,
        "imputation_method": "IIM",
        "forecast_model": "TimesNet"
    },
    "imputed_metrics": {
        "RMSE": 0.008168051553893801,
        "MAE": 0.0009480210168115749,
        "R2": 0.999934492651734,
        "KL divergence": 3.411736577953498e-05,
        "KS statistic": 0.0028207873496952727,
        "W2 distance": 4.0204978056180584e-13,
        "Sliced Wasserstein distance": 5.18700518863841e-13
    },
    "forecast_metrics": {
        "mse": 0.10546838492155075,
        "mae": 0.23515895009040833
    }
}