{
    "config": {
        "seed": 42,
        "dataset_name": "exchange_rate",
        "missing_rate": 0.7,
        "missing_type": "MCAR",
        "completeness_rate": 0.2,
        "imputation_method": "mean",
        "forecast_model": "TimesNet"
    },
    "imputed_metrics": {
        "RMSE": 0.7654034662246442,
        "MAE": 0.4872797123992989,
        "R2": 0.40311277124322986,
        "KL divergence": 0.1115732262487581,
        "KS statistic": 0.3417064733981222,
        "W2 distance": 5.691981194231635e-09,
        "Sliced Wasserstein distance": 2.6029040939876384e-09
    },
    "forecast_metrics": {
        "mse": 0.4968813359737396,
        "mae": 0.48483598232269287
    }
}