{
    "config": {
        "seed": 42,
        "dataset_name": "exchange_rate",
        "missing_rate": 0.6,
        "missing_type": "MCAR",
        "completeness_rate": 0.4,
        "imputation_method": "xgboost",
        "forecast_model": "TimesNet"
    },
    "imputed_metrics": {
        "RMSE": 0.218908519166589,
        "MAE": 0.10998745405686268,
        "R2": 0.9525889564074281,
        "KL divergence": 0.01233327725395757,
        "KS statistic": 0.10012765606984023,
        "W2 distance": 8.540526634939284e-10,
        "Sliced Wasserstein distance": 3.136823487751734e-10
    },
    "forecast_metrics": {
        "mse": 0.1279771476984024,
        "mae": 0.25952962040901184
    }
}