{
    "config": {
        "seed": 42,
        "dataset_name": "exchange_rate",
        "missing_rate": 0.9,
        "missing_type": "MCAR",
        "completeness_rate": 0.3,
        "imputation_method": "forward",
        "forecast_model": "TimesNet"
    },
    "imputed_metrics": {
        "RMSE": 0.04219121321590282,
        "MAE": 0.04219121321590282,
        "R2": 0.9916090791590069,
        "KL divergence": 0.006986475453548799,
        "KS statistic": 0.014124526437160272,
        "W2 distance": 6.444193971297986e-10,
        "Sliced Wasserstein distance": 3.4787117948334054e-11
    },
    "forecast_metrics": {
        "mse": 0.10163620114326477,
        "mae": 0.23004917800426483
    }
}