{
    "config": {
        "seed": 42,
        "dataset_name": "exchange_rate",
        "missing_rate": 0.5,
        "missing_type": "D-MNAR",
        "completeness_rate": 0.2,
        "imputation_method": "mean",
        "forecast_model": "TimesNet"
    },
    "imputed_metrics": {
        "RMSE": 0.3672127047541793,
        "MAE": 0.3672127047541793,
        "R2": 0.5403959853573918,
        "KL divergence": 0.08491905160561725,
        "KS statistic": 0.2908499423488717,
        "W2 distance": 3.389505565704082e-09,
        "Sliced Wasserstein distance": 1.8029222234945432e-09
    },
    "forecast_metrics": {
        "mse": 0.2245536893606186,
        "mae": 0.3340965807437897
    }
}