{
    "config": {
        "seed": 42,
        "dataset_name": "exchange_rate",
        "missing_rate": 0.5,
        "missing_type": "MCAR",
        "completeness_rate": 0.5,
        "imputation_method": "mean",
        "forecast_model": "TimesNet"
    },
    "imputed_metrics": {
        "RMSE": 0.2006444637496138,
        "MAE": 0.2006444637496138,
        "R2": 0.7628996322838932,
        "KL divergence": 0.05571292543149166,
        "KS statistic": 0.14171882721133255,
        "W2 distance": 2.4722786590734708e-09,
        "Sliced Wasserstein distance": 9.944517733798313e-10
    },
    "forecast_metrics": {
        "mse": 0.18298684060573578,
        "mae": 0.306988388299942
    }
}