{
    "config": {
        "seed": 42,
        "dataset_name": "exchange_rate",
        "missing_rate": 0.2,
        "missing_type": "MAR",
        "completeness_rate": 0.4,
        "imputation_method": "knn",
        "forecast_model": "TimesNet"
    },
    "imputed_metrics": {
        "RMSE": 0.06579089359764871,
        "MAE": 0.01389567483623444,
        "R2": 0.9955927894669205,
        "KL divergence": 0.0012368888246888266,
        "KS statistic": 0.01099489375720639,
        "W2 distance": 2.2156005863027872e-11,
        "Sliced Wasserstein distance": 1.71893294616058e-11
    },
    "forecast_metrics": {
        "mse": 0.10493890941143036,
        "mae": 0.2318030446767807
    }
}