{
    "config": {
        "seed": 42,
        "dataset_name": "exchange_rate",
        "missing_rate": 0.6,
        "missing_type": "MCAR",
        "completeness_rate": 0.3,
        "imputation_method": "mean",
        "forecast_model": "TimesNet"
    },
    "imputed_metrics": {
        "RMSE": 0.35536093211173336,
        "MAE": 0.35536093211173336,
        "R2": 0.5733053420970289,
        "KL divergence": 0.08553218722678868,
        "KS statistic": 0.24530555098006918,
        "W2 distance": 4.009352290651096e-09,
        "Sliced Wasserstein distance": 1.903202829998729e-09
    },
    "forecast_metrics": {
        "mse": 0.28491678833961487,
        "mae": 0.376385360956192
    }
}