{
    "config": {
        "seed": 42,
        "dataset_name": "exchange_rate",
        "missing_rate": 0.2,
        "missing_type": "D-MNAR",
        "completeness_rate": 0.4,
        "imputation_method": "knn",
        "forecast_model": "TimesNet"
    },
    "imputed_metrics": {
        "RMSE": 0.013774447994840731,
        "MAE": 0.013774447994840731,
        "R2": 0.9964602050337096,
        "KL divergence": 0.0012626941658181899,
        "KS statistic": 0.014309833635315435,
        "W2 distance": 1.1023220743862842e-11,
        "Sliced Wasserstein distance": 1.3008341556234694e-11
    },
    "forecast_metrics": {
        "mse": 0.10731395334005356,
        "mae": 0.23363472521305084
    }
}