{
    "config": {
        "seed": 42,
        "dataset_name": "exchange_rate",
        "missing_rate": 0.7,
        "missing_type": "F-MNAR",
        "completeness_rate": 0.8,
        "imputation_method": "mean",
        "forecast_model": "TimesNet"
    },
    "imputed_metrics": {
        "RMSE": 0.12967657066685478,
        "MAE": 0.12967657066685478,
        "R2": 0.8443090620413418,
        "KL divergence": 0.032469729756884974,
        "KS statistic": 0.09343600724757042,
        "W2 distance": 1.5251095124870827e-09,
        "Sliced Wasserstein distance": 8.929421963917852e-10
    },
    "forecast_metrics": {
        "mse": 0.30256062746047974,
        "mae": 0.3286222219467163
    }
}