{
    "config": {
        "seed": 42,
        "dataset_name": "exchange_rate",
        "missing_rate": 0.7,
        "missing_type": "MAR",
        "completeness_rate": 0.8,
        "imputation_method": "xgboost",
        "forecast_model": "TimesNet"
    },
    "imputed_metrics": {
        "RMSE": 0.14086922227619333,
        "MAE": 0.047682093312745435,
        "R2": 0.9806403445054525,
        "KL divergence": 0.005433535845162746,
        "KS statistic": 0.041838247405699226,
        "W2 distance": 2.9408702194847587e-10,
        "Sliced Wasserstein distance": 6.584680585893597e-11
    },
    "forecast_metrics": {
        "mse": 0.12465962767601013,
        "mae": 0.2543419301509857
    }
}