{
    "config": {
        "seed": 42,
        "dataset_name": "exchange_rate",
        "missing_rate": 0.4,
        "missing_type": "F-MNAR",
        "completeness_rate": 0.3,
        "imputation_method": "mean",
        "forecast_model": "TimesNet"
    },
    "imputed_metrics": {
        "RMSE": 0.2449290979833877,
        "MAE": 0.2449290979833877,
        "R2": 0.7073714082521428,
        "KL divergence": 0.06120606420443282,
        "KS statistic": 0.20175835941360568,
        "W2 distance": 1.8751636954165896e-09,
        "Sliced Wasserstein distance": 1.2442006896408345e-09
    },
    "forecast_metrics": {
        "mse": 0.17457658052444458,
        "mae": 0.3045787215232849
    }
}