{
    "config": {
        "seed": 42,
        "dataset_name": "exchange_rate",
        "missing_rate": 0.8,
        "missing_type": "MAR",
        "completeness_rate": 0.9,
        "imputation_method": "mean",
        "forecast_model": "TimesNet"
    },
    "imputed_metrics": {
        "RMSE": 0.07640402025517125,
        "MAE": 0.07640402025517125,
        "R2": 0.909972619702422,
        "KL divergence": 0.018921366161898354,
        "KS statistic": 0.051288914511612584,
        "W2 distance": 1.0360290768866878e-09,
        "Sliced Wasserstein distance": 5.356612826833515e-10
    },
    "forecast_metrics": {
        "mse": 0.26515623927116394,
        "mae": 0.30129286646842957
    }
}