{
    "config": {
        "seed": 42,
        "dataset_name": "exchange_rate",
        "missing_rate": 0.5,
        "missing_type": "MCAR",
        "completeness_rate": 0.3,
        "imputation_method": "forward",
        "forecast_model": "TimesNet"
    },
    "imputed_metrics": {
        "RMSE": 0.030332156322623417,
        "MAE": 0.010832419792396865,
        "R2": 0.9990632174376479,
        "KL divergence": 0.00023898431426067272,
        "KS statistic": 0.00382968209520672,
        "W2 distance": 1.85808673216807e-12,
        "Sliced Wasserstein distance": 8.347089790286907e-12
    },
    "forecast_metrics": {
        "mse": 0.10238814353942871,
        "mae": 0.2308254837989807
    }
}