{
    "config": {
        "seed": 42,
        "dataset_name": "exchange_rate",
        "missing_rate": 0.5,
        "missing_type": "D-MNAR",
        "completeness_rate": 0.1,
        "imputation_method": "IIM",
        "forecast_model": "TimesNet"
    },
    "imputed_metrics": {
        "RMSE": 0.32291254559952565,
        "MAE": 0.32291254559952565,
        "R2": 0.5788282977592601,
        "KL divergence": 0.07778289898271384,
        "KS statistic": 0.12946796244440784,
        "W2 distance": 1.0642516209568483e-09,
        "Sliced Wasserstein distance": 1.2603607995516528e-09
    },
    "forecast_metrics": {
        "mse": 0.14116087555885315,
        "mae": 0.2704540193080902
    }
}