{
    "config": {
        "seed": 42,
        "dataset_name": "exchange_rate",
        "missing_rate": 0.9,
        "missing_type": "MCAR",
        "completeness_rate": 0.9,
        "imputation_method": "knn",
        "forecast_model": "TimesNet"
    },
    "imputed_metrics": {
        "RMSE": 0.03748673507789642,
        "MAE": 0.008686674133595217,
        "R2": 0.9985691718990062,
        "KL divergence": 0.0005353800619883036,
        "KS statistic": 0.004653269642563004,
        "W2 distance": 2.503954874293781e-12,
        "Sliced Wasserstein distance": 4.994270739766655e-12
    },
    "forecast_metrics": {
        "mse": 0.10866299271583557,
        "mae": 0.23961412906646729
    }
}