{
    "config": {
        "seed": 42,
        "dataset_name": "exchange_rate",
        "missing_rate": 0.1,
        "missing_type": "MAR",
        "completeness_rate": 0.9,
        "imputation_method": "IIM",
        "forecast_model": "TimesNet"
    },
    "imputed_metrics": {
        "RMSE": 0.0001624426091994485,
        "MAE": 0.0001624426091994485,
        "R2": 0.9999936655557079,
        "KL divergence": 2.001609598503451e-06,
        "KS statistic": 0.0001441278207873497,
        "W2 distance": 3.515670726765047e-13,
        "Sliced Wasserstein distance": 2.0840380349237906e-13
    },
    "forecast_metrics": {
        "mse": 0.10535119473934174,
        "mae": 0.23516587913036346
    }
}