{
    "config": {
        "seed": 42,
        "dataset_name": "exchange_rate",
        "missing_rate": 0.5,
        "missing_type": "F-MNAR",
        "completeness_rate": 0.8,
        "imputation_method": "IIM",
        "forecast_model": "TimesNet"
    },
    "imputed_metrics": {
        "RMSE": 0.04592056293485534,
        "MAE": 0.007794622037816879,
        "R2": 0.9978304239276655,
        "KL divergence": 0.00045433273599035205,
        "KS statistic": 0.0041385274254653265,
        "W2 distance": 1.0015057654733864e-11,
        "Sliced Wasserstein distance": 6.3949987420668365e-12
    },
    "forecast_metrics": {
        "mse": 0.10547813773155212,
        "mae": 0.23332174122333527
    }
}