{
    "config": {
        "seed": 42,
        "dataset_name": "exchange_rate",
        "missing_rate": 0.6,
        "missing_type": "MCAR",
        "completeness_rate": 0.7,
        "imputation_method": "knn",
        "forecast_model": "TimesNet"
    },
    "imputed_metrics": {
        "RMSE": 0.024831322804707144,
        "MAE": 0.024831322804707144,
        "R2": 0.9917524690480402,
        "KL divergence": 0.005121081195430916,
        "KS statistic": 0.013589194531378686,
        "W2 distance": 4.1715856103035213e-10,
        "Sliced Wasserstein distance": 1.952576778750957e-11
    },
    "forecast_metrics": {
        "mse": 0.10834462940692902,
        "mae": 0.23512819409370422
    }
}