{
    "config": {
        "seed": 42,
        "dataset_name": "exchange_rate",
        "missing_rate": 0.9,
        "missing_type": "F-MNAR",
        "completeness_rate": 0.1,
        "imputation_method": "mean",
        "forecast_model": "TimesNet"
    },
    "imputed_metrics": {
        "RMSE": 0.9544239035622035,
        "MAE": 0.7062554668389995,
        "R2": 0.06465177146566792,
        "KL divergence": 0.14549058284855565,
        "KS statistic": 0.5416323505188602,
        "W2 distance": 1.0862707782824973e-08,
        "Sliced Wasserstein distance": 4.113544855311074e-09
    },
    "forecast_metrics": {
        "mse": 1.716307282447815,
        "mae": 0.8552305102348328
    }
}