{
    "config": {
        "seed": 42,
        "dataset_name": "exchange_rate",
        "missing_rate": 0.6,
        "missing_type": "D-MNAR",
        "completeness_rate": 0.7,
        "imputation_method": "forward",
        "forecast_model": "TimesNet"
    },
    "imputed_metrics": {
        "RMSE": 0.03313546175725169,
        "MAE": 0.005920972845928835,
        "R2": 0.9988820605521422,
        "KL divergence": 0.000389599076999253,
        "KS statistic": 0.0033972986328446716,
        "W2 distance": 1.8446893396981023e-12,
        "Sliced Wasserstein distance": 2.2709564795900598e-12
    },
    "forecast_metrics": {
        "mse": 0.1047820895910263,
        "mae": 0.23489581048488617
    }
}