{
    "config": {
        "seed": 42,
        "dataset_name": "exchange_rate",
        "missing_rate": 0.2,
        "missing_type": "F-MNAR",
        "completeness_rate": 0.8,
        "imputation_method": "forward",
        "forecast_model": "TimesNet"
    },
    "imputed_metrics": {
        "RMSE": 0.008998791420529676,
        "MAE": 0.0013128068952012154,
        "R2": 0.9999175481132436,
        "KL divergence": 2.3162793821960456e-05,
        "KS statistic": 0.00063828034920112,
        "W2 distance": 4.788823453831759e-13,
        "Sliced Wasserstein distance": 3.5135858542902674e-12
    },
    "forecast_metrics": {
        "mse": 0.10558333247900009,
        "mae": 0.23555110394954681
    }
}