{
    "config": {
        "seed": 42,
        "dataset_name": "exchange_rate",
        "missing_rate": 0.3,
        "missing_type": "MCAR",
        "completeness_rate": 0.3,
        "imputation_method": "forward",
        "forecast_model": "TimesNet"
    },
    "imputed_metrics": {
        "RMSE": 0.01968028628575561,
        "MAE": 0.005469541616319799,
        "R2": 0.999605638009118,
        "KL divergence": 0.0001142593856870967,
        "KS statistic": 0.002450172953384945,
        "W2 distance": 1.2867226780686061e-12,
        "Sliced Wasserstein distance": 5.764358876668793e-12
    },
    "forecast_metrics": {
        "mse": 0.10442426055669785,
        "mae": 0.2343040108680725
    }
}