{
    "config": {
        "seed": 42,
        "dataset_name": "exchange_rate",
        "missing_rate": 0.8,
        "missing_type": "MAR",
        "completeness_rate": 0.2,
        "imputation_method": "knn",
        "forecast_model": "TimesNet"
    },
    "imputed_metrics": {
        "RMSE": 0.8453037858044631,
        "MAE": 0.5307513995908018,
        "R2": 0.2724583595530723,
        "KL divergence": 0.14563275638498963,
        "KS statistic": 0.14346895074946467,
        "W2 distance": 1.7502752525139851e-09,
        "Sliced Wasserstein distance": 1.6330464424005411e-09
    },
    "forecast_metrics": {
        "mse": 0.16422803699970245,
        "mae": 0.2999912202358246
    }
}