{
    "config": {
        "seed": 42,
        "dataset_name": "exchange_rate",
        "missing_rate": 0.3,
        "missing_type": "D-MNAR",
        "completeness_rate": 0.1,
        "imputation_method": "mean",
        "forecast_model": "TimesNet"
    },
    "imputed_metrics": {
        "RMSE": 0.22212431732824367,
        "MAE": 0.22212431732824367,
        "R2": 0.7228480250511515,
        "KL divergence": 0.05363058454496165,
        "KS statistic": 0.17945972656893427,
        "W2 distance": 1.2390949946115762e-09,
        "Sliced Wasserstein distance": 1.1865268510101295e-09
    },
    "forecast_metrics": {
        "mse": 0.16388852894306183,
        "mae": 0.28706997632980347
    }
}