{
    "config": {
        "seed": 42,
        "dataset_name": "exchange_rate",
        "missing_rate": 0.5,
        "missing_type": "F-MNAR",
        "completeness_rate": 0.3,
        "imputation_method": "forward",
        "forecast_model": "TimesNet"
    },
    "imputed_metrics": {
        "RMSE": 0.012053776184714794,
        "MAE": 0.012053776184714794,
        "R2": 0.9984663305772209,
        "KL divergence": 0.004946141837467026,
        "KS statistic": 0.00539449843518366,
        "W2 distance": 6.073764294865387e-10,
        "Sliced Wasserstein distance": 7.406840059601848e-12
    },
    "forecast_metrics": {
        "mse": 0.10689711570739746,
        "mae": 0.23747994005680084
    }
}