{
    "config": {
        "seed": 42,
        "dataset_name": "exchange_rate",
        "missing_rate": 0.5,
        "missing_type": "MCAR",
        "completeness_rate": 0.5,
        "imputation_method": "IIM",
        "forecast_model": "TimesNet"
    },
    "imputed_metrics": {
        "RMSE": 0.11417164479489511,
        "MAE": 0.036676044825657846,
        "R2": 0.9866572493802361,
        "KL divergence": 0.005000940923811674,
        "KS statistic": 0.029999176412452644,
        "W2 distance": 1.9829364795845305e-10,
        "Sliced Wasserstein distance": 3.544214698969822e-11
    },
    "forecast_metrics": {
        "mse": 0.11467347294092178,
        "mae": 0.24123559892177582
    }
}