{
    "config": {
        "seed": 42,
        "dataset_name": "exchange_rate",
        "missing_rate": 0.5,
        "missing_type": "F-MNAR",
        "completeness_rate": 0.3,
        "imputation_method": "knn",
        "forecast_model": "TimesNet"
    },
    "imputed_metrics": {
        "RMSE": 0.23505844916937074,
        "MAE": 0.23505844916937074,
        "R2": 0.7579123640929663,
        "KL divergence": 0.05074784827589345,
        "KS statistic": 0.1587670894416076,
        "W2 distance": 1.2862835220215448e-09,
        "Sliced Wasserstein distance": 1.0080667303375982e-09
    },
    "forecast_metrics": {
        "mse": 0.1424161046743393,
        "mae": 0.27174222469329834
    }
}