{
    "config": {
        "seed": 42,
        "dataset_name": "exchange_rate",
        "missing_rate": 0.4,
        "missing_type": "MCAR",
        "completeness_rate": 0.6,
        "imputation_method": "mean",
        "forecast_model": "TimesNet"
    },
    "imputed_metrics": {
        "RMSE": 0.15992989667008858,
        "MAE": 0.15992989667008858,
        "R2": 0.8101709235472832,
        "KL divergence": 0.044602485789063805,
        "KS statistic": 0.1125432383462362,
        "W2 distance": 1.5912898268171067e-09,
        "Sliced Wasserstein distance": 7.852560381029117e-10
    },
    "forecast_metrics": {
        "mse": 0.15655048191547394,
        "mae": 0.28662171959877014
    }
}