{
    "config": {
        "seed": 42,
        "dataset_name": "exchange_rate",
        "missing_rate": 0.7,
        "missing_type": "MAR",
        "completeness_rate": 0.3,
        "imputation_method": "knn",
        "forecast_model": "TimesNet"
    },
    "imputed_metrics": {
        "RMSE": 0.9146039764768107,
        "MAE": 0.5069482131476555,
        "R2": 0.14827695624830606,
        "KL divergence": 0.14067754670500945,
        "KS statistic": 0.28203755559215943,
        "W2 distance": 2.4908613080219974e-09,
        "Sliced Wasserstein distance": 1.7691788702147373e-09
    },
    "forecast_metrics": {
        "mse": 0.11965636163949966,
        "mae": 0.2512577772140503
    }
}