{
    "config": {
        "seed": 42,
        "dataset_name": "exchange_rate",
        "missing_rate": 0.8,
        "missing_type": "D-MNAR",
        "completeness_rate": 0.7,
        "imputation_method": "mean",
        "forecast_model": "TimesNet"
    },
    "imputed_metrics": {
        "RMSE": 0.2599741022305598,
        "MAE": 0.2599741022305598,
        "R2": 0.6834384686704462,
        "KL divergence": 0.06954051780317035,
        "KS statistic": 0.20301433042332398,
        "W2 distance": 5.6631069740059594e-09,
        "Sliced Wasserstein distance": 1.9723937078367083e-09
    },
    "forecast_metrics": {
        "mse": 0.2918480932712555,
        "mae": 0.35892823338508606
    }
}