{
    "config": {
        "seed": 42,
        "dataset_name": "exchange_rate",
        "missing_rate": 0.4,
        "missing_type": "D-MNAR",
        "completeness_rate": 0.7,
        "imputation_method": "xgboost",
        "forecast_model": "TimesNet"
    },
    "imputed_metrics": {
        "RMSE": 0.044783965087079276,
        "MAE": 0.044783965087079276,
        "R2": 0.9805304556298804,
        "KL divergence": 0.0059417378439744276,
        "KS statistic": 0.05773348706967551,
        "W2 distance": 4.617494152472909e-10,
        "Sliced Wasserstein distance": 1.0425631391704944e-10
    },
    "forecast_metrics": {
        "mse": 0.11432310193777084,
        "mae": 0.2472425103187561
    }
}