{
    "config": {
        "seed": 42,
        "dataset_name": "exchange_rate",
        "missing_rate": 0.8,
        "missing_type": "MCAR",
        "completeness_rate": 0.8,
        "imputation_method": "IIM",
        "forecast_model": "TimesNet"
    },
    "imputed_metrics": {
        "RMSE": 0.024783617596146012,
        "MAE": 0.024783617596146012,
        "R2": 0.9934115383432279,
        "KL divergence": 0.001892137094316959,
        "KS statistic": 0.009141821775654752,
        "W2 distance": 1.3276306674753883e-11,
        "Sliced Wasserstein distance": 4.7907539195119e-11
    },
    "forecast_metrics": {
        "mse": 0.10879512876272202,
        "mae": 0.2377166748046875
    }
}