{
    "config": {
        "seed": 42,
        "dataset_name": "exchange_rate",
        "missing_rate": 0.5,
        "missing_type": "D-MNAR",
        "completeness_rate": 0.4,
        "imputation_method": "knn",
        "forecast_model": "TimesNet"
    },
    "imputed_metrics": {
        "RMSE": 0.09385034293326024,
        "MAE": 0.09385034293326024,
        "R2": 0.9460130266310447,
        "KL divergence": 0.01601627632207432,
        "KS statistic": 0.0756671059133586,
        "W2 distance": 3.7148401001906105e-10,
        "Sliced Wasserstein distance": 2.9933585718760534e-10
    },
    "forecast_metrics": {
        "mse": 0.1425626128911972,
        "mae": 0.2607627213001251
    }
}