{
    "config": {
        "seed": 42,
        "dataset_name": "exchange_rate",
        "missing_rate": 0.9,
        "missing_type": "MCAR",
        "completeness_rate": 0.7,
        "imputation_method": "xgboost",
        "forecast_model": "TimesNet"
    },
    "imputed_metrics": {
        "RMSE": 0.09817695197433612,
        "MAE": 0.09817695197433612,
        "R2": 0.954691378805776,
        "KL divergence": 0.009633289476132295,
        "KS statistic": 0.11009306539285126,
        "W2 distance": 8.378744929731685e-10,
        "Sliced Wasserstein distance": 3.014150356252774e-10
    },
    "forecast_metrics": {
        "mse": 0.13388264179229736,
        "mae": 0.2660626769065857
    }
}