{
    "config": {
        "seed": 42,
        "dataset_name": "exchange_rate",
        "missing_rate": 0.5,
        "missing_type": "MAR",
        "completeness_rate": 0.7,
        "imputation_method": "forward",
        "forecast_model": "TimesNet"
    },
    "imputed_metrics": {
        "RMSE": 0.040351171304512184,
        "MAE": 0.004801603166770068,
        "R2": 0.9983421527294457,
        "KL divergence": 0.0005410050983135068,
        "KS statistic": 0.002923735793114808,
        "W2 distance": 2.138961588183203e-12,
        "Sliced Wasserstein distance": 1.1979115769604296e-12
    },
    "forecast_metrics": {
        "mse": 0.10523387789726257,
        "mae": 0.23504674434661865
    }
}