{
    "config": {
        "seed": 42,
        "dataset_name": "exchange_rate",
        "missing_rate": 0.5,
        "missing_type": "MAR",
        "completeness_rate": 0.3,
        "imputation_method": "knn",
        "forecast_model": "TimesNet"
    },
    "imputed_metrics": {
        "RMSE": 0.4941244699506371,
        "MAE": 0.21857301197301865,
        "R2": 0.7513978101396298,
        "KL divergence": 0.05916002177742292,
        "KS statistic": 0.08050568275407675,
        "W2 distance": 7.147460041892671e-10,
        "Sliced Wasserstein distance": 9.747757265708314e-10
    },
    "forecast_metrics": {
        "mse": 0.1336265504360199,
        "mae": 0.2650216817855835
    }
}