{
    "config": {
        "seed": 42,
        "dataset_name": "exchange_rate",
        "missing_rate": 0.9,
        "missing_type": "F-MNAR",
        "completeness_rate": 0.6,
        "imputation_method": "IIM",
        "forecast_model": "TimesNet"
    },
    "imputed_metrics": {
        "RMSE": 0.5422974700323542,
        "MAE": 0.25152267611106094,
        "R2": 0.6976806763194907,
        "KL divergence": 0.05061952131550654,
        "KS statistic": 0.1305180365672871,
        "W2 distance": 3.444559528753227e-09,
        "Sliced Wasserstein distance": 1.1031265021487094e-09
    },
    "forecast_metrics": {
        "mse": 0.12033598870038986,
        "mae": 0.25157392024993896
    }
}