{
    "config": {
        "seed": 42,
        "dataset_name": "exchange_rate",
        "missing_rate": 0.7,
        "missing_type": "F-MNAR",
        "completeness_rate": 0.8,
        "imputation_method": "forward",
        "forecast_model": "TimesNet"
    },
    "imputed_metrics": {
        "RMSE": 0.007822743419656376,
        "MAE": 0.007822743419656376,
        "R2": 0.9991572174379239,
        "KL divergence": 0.00027806760932950624,
        "KS statistic": 0.002656069840224016,
        "W2 distance": 3.1542357845220812e-12,
        "Sliced Wasserstein distance": 1.6232236732073383e-11
    },
    "forecast_metrics": {
        "mse": 0.10451631247997284,
        "mae": 0.23447278141975403
    }
}