{
    "config": {
        "seed": 42,
        "dataset_name": "exchange_rate",
        "missing_rate": 0.9,
        "missing_type": "F-MNAR",
        "completeness_rate": 0.7,
        "imputation_method": "knn",
        "forecast_model": "TimesNet"
    },
    "imputed_metrics": {
        "RMSE": 0.47548143592095293,
        "MAE": 0.15808126167071876,
        "R2": 0.7698031597520218,
        "KL divergence": 0.08268047418442548,
        "KS statistic": 0.11132844671388568,
        "W2 distance": 1.751161506726821e-09,
        "Sliced Wasserstein distance": 5.718887700405607e-10
    },
    "forecast_metrics": {
        "mse": 0.12803535163402557,
        "mae": 0.2631380259990692
    }
}