{
    "config": {
        "seed": 42,
        "dataset_name": "exchange_rate",
        "missing_rate": 0.7,
        "missing_type": "D-MNAR",
        "completeness_rate": 0.8,
        "imputation_method": "knn",
        "forecast_model": "TimesNet"
    },
    "imputed_metrics": {
        "RMSE": 0.029119770958788104,
        "MAE": 0.029119770958788104,
        "R2": 0.9908263705445685,
        "KL divergence": 0.0031435812165953258,
        "KS statistic": 0.020548509306539287,
        "W2 distance": 4.223019701515951e-11,
        "Sliced Wasserstein distance": 2.4275071952946342e-11
    },
    "forecast_metrics": {
        "mse": 0.10926775634288788,
        "mae": 0.23807792365550995
    }
}