{
    "config": {
        "seed": 42,
        "dataset_name": "exchange_rate",
        "missing_rate": 0.8,
        "missing_type": "F-MNAR",
        "completeness_rate": 0.4,
        "imputation_method": "xgboost",
        "forecast_model": "TimesNet"
    },
    "imputed_metrics": {
        "RMSE": 0.16277055708602184,
        "MAE": 0.16277055708602184,
        "R2": 0.9188066438018504,
        "KL divergence": 0.01884466734513462,
        "KS statistic": 0.1491311151375391,
        "W2 distance": 1.1284478796890207e-09,
        "Sliced Wasserstein distance": 4.459460524466465e-10
    },
    "forecast_metrics": {
        "mse": 0.16352881491184235,
        "mae": 0.2887530028820038
    }
}