{
    "config": {
        "seed": 42,
        "dataset_name": "exchange_rate",
        "missing_rate": 0.9,
        "missing_type": "F-MNAR",
        "completeness_rate": 0.5,
        "imputation_method": "IIM",
        "forecast_model": "TimesNet"
    },
    "imputed_metrics": {
        "RMSE": 0.252075079257357,
        "MAE": 0.252075079257357,
        "R2": 0.6958308721246922,
        "KL divergence": 0.050764773045901886,
        "KS statistic": 0.1304356778125515,
        "W2 distance": 3.450181402870334e-09,
        "Sliced Wasserstein distance": 1.106528359538611e-09
    },
    "forecast_metrics": {
        "mse": 0.12045399844646454,
        "mae": 0.25168752670288086
    }
}