{
    "config": {
        "seed": 42,
        "dataset_name": "exchange_rate",
        "missing_rate": 0.4,
        "missing_type": "MAR",
        "completeness_rate": 0.7,
        "imputation_method": "forward",
        "forecast_model": "TimesNet"
    },
    "imputed_metrics": {
        "RMSE": 0.023629279663917112,
        "MAE": 0.0031543128288314508,
        "R2": 0.9994314964358846,
        "KL divergence": 0.00019469967503343117,
        "KS statistic": 0.002450172953384945,
        "W2 distance": 1.3788248363672524e-12,
        "Sliced Wasserstein distance": 8.147387987474505e-13
    },
    "forecast_metrics": {
        "mse": 0.10432712733745575,
        "mae": 0.23460941016674042
    }
}