{
    "config": {
        "seed": 42,
        "dataset_name": "exchange_rate",
        "missing_rate": 0.6,
        "missing_type": "F-MNAR",
        "completeness_rate": 0.5,
        "imputation_method": "mean",
        "forecast_model": "TimesNet"
    },
    "imputed_metrics": {
        "RMSE": 0.24500844731393498,
        "MAE": 0.24500844731393498,
        "R2": 0.7183220985537982,
        "KL divergence": 0.06594389271154816,
        "KS statistic": 0.1905163893921924,
        "W2 distance": 3.426852604331686e-09,
        "Sliced Wasserstein distance": 1.2911443299881093e-09
    },
    "forecast_metrics": {
        "mse": 0.19305135309696198,
        "mae": 0.3172319829463959
    }
}