{
    "config": {
        "seed": 42,
        "dataset_name": "exchange_rate",
        "missing_rate": 0.8,
        "missing_type": "F-MNAR",
        "completeness_rate": 0.1,
        "imputation_method": "IIM",
        "forecast_model": "TimesNet"
    },
    "imputed_metrics": {
        "RMSE": 1.0190094259862656,
        "MAE": 0.6632646517393022,
        "R2": -0.05727662236894426,
        "KL divergence": 0.14349851397799226,
        "KS statistic": 0.21495634985999013,
        "W2 distance": 4.99181574508123e-09,
        "Sliced Wasserstein distance": 1.5674965669301645e-09
    },
    "forecast_metrics": {
        "mse": 0.10834696143865585,
        "mae": 0.23727750778198242
    }
}