{
    "config": {
        "seed": 42,
        "dataset_name": "exchange_rate",
        "missing_rate": 0.2,
        "missing_type": "D-MNAR",
        "completeness_rate": 0.1,
        "imputation_method": "forward",
        "forecast_model": "TimesNet"
    },
    "imputed_metrics": {
        "RMSE": 0.017379597197179835,
        "MAE": 0.004438959383062388,
        "R2": 0.9996924528971094,
        "KL divergence": 7.337326887804494e-05,
        "KS statistic": 0.0026560698402240154,
        "W2 distance": 9.171204019342668e-13,
        "Sliced Wasserstein distance": 3.569731199824617e-12
    },
    "forecast_metrics": {
        "mse": 0.10570283234119415,
        "mae": 0.23601427674293518
    }
}