{
    "config": {
        "seed": 42,
        "dataset_name": "exchange_rate",
        "missing_rate": 0.2,
        "missing_type": "MAR",
        "completeness_rate": 0.8,
        "imputation_method": "xgboost",
        "forecast_model": "TimesNet"
    },
    "imputed_metrics": {
        "RMSE": 0.06883599566070497,
        "MAE": 0.013053202731234538,
        "R2": 0.9950783180227671,
        "KL divergence": 0.001526930491276215,
        "KS statistic": 0.012250864766924724,
        "W2 distance": 2.317132654266233e-11,
        "Sliced Wasserstein distance": 1.7038576103584744e-11
    },
    "forecast_metrics": {
        "mse": 0.10963596403598785,
        "mae": 0.23821835219860077
    }
}