{
    "config": {
        "seed": 42,
        "dataset_name": "exchange_rate",
        "missing_rate": 0.6,
        "missing_type": "MCAR",
        "completeness_rate": 0.9,
        "imputation_method": "forward",
        "forecast_model": "TimesNet"
    },
    "imputed_metrics": {
        "RMSE": 0.011737144626179998,
        "MAE": 0.0019439214880861003,
        "R2": 0.9998597324733864,
        "KL divergence": 5.3385320737508206e-05,
        "KS statistic": 0.0007618184813045627,
        "W2 distance": 4.3800927692806133e-13,
        "Sliced Wasserstein distance": 2.3795757281834145e-12
    },
    "forecast_metrics": {
        "mse": 0.10467521101236343,
        "mae": 0.23454496264457703
    }
}