{
    "config": {
        "seed": 42,
        "dataset_name": "exchange_rate",
        "missing_rate": 0.8,
        "missing_type": "MAR",
        "completeness_rate": 0.1,
        "imputation_method": "xgboost",
        "forecast_model": "TimesNet"
    },
    "imputed_metrics": {
        "RMSE": 0.23109671815877258,
        "MAE": 0.23109671815877258,
        "R2": 0.880831268792875,
        "KL divergence": 0.026129594711718745,
        "KS statistic": 0.17954208532366994,
        "W2 distance": 1.8849091507740893e-09,
        "Sliced Wasserstein distance": 5.61198285753413e-10
    },
    "forecast_metrics": {
        "mse": 0.21226127445697784,
        "mae": 0.3269823491573334
    }
}