{
    "config": {
        "seed": 42,
        "dataset_name": "exchange_rate",
        "missing_rate": 0.6,
        "missing_type": "MCAR",
        "completeness_rate": 0.4,
        "imputation_method": "forward",
        "forecast_model": "TimesNet"
    },
    "imputed_metrics": {
        "RMSE": 0.010982878796672226,
        "MAE": 0.010982878796672226,
        "R2": 0.9984882660216012,
        "KL divergence": 0.000871692236653219,
        "KS statistic": 0.0037267336517871844,
        "W2 distance": 4.365082099213058e-12,
        "Sliced Wasserstein distance": 2.1158316042973938e-11
    },
    "forecast_metrics": {
        "mse": 0.10516353696584702,
        "mae": 0.2356748878955841
    }
}