{
    "config": {
        "seed": 42,
        "dataset_name": "exchange_rate",
        "missing_rate": 0.4,
        "missing_type": "D-MNAR",
        "completeness_rate": 0.3,
        "imputation_method": "IIM",
        "forecast_model": "TimesNet"
    },
    "imputed_metrics": {
        "RMSE": 0.3184799661762664,
        "MAE": 0.12463871689432278,
        "R2": 0.899343305436251,
        "KL divergence": 0.02482154964536237,
        "KS statistic": 0.07268160105419207,
        "W2 distance": 3.9596806630019086e-10,
        "Sliced Wasserstein distance": 3.6708828154270886e-10
    },
    "forecast_metrics": {
        "mse": 0.13421763479709625,
        "mae": 0.2607758939266205
    }
}