{
    "config": {
        "seed": 42,
        "dataset_name": "exchange_rate",
        "missing_rate": 0.2,
        "missing_type": "F-MNAR",
        "completeness_rate": 0.7,
        "imputation_method": "IIM",
        "forecast_model": "TimesNet"
    },
    "imputed_metrics": {
        "RMSE": 0.01702811183233196,
        "MAE": 0.0019492624510833942,
        "R2": 0.9997138330800056,
        "KL divergence": 7.370789443864022e-05,
        "KS statistic": 0.005929830340965244,
        "W2 distance": 3.593709619661649e-12,
        "Sliced Wasserstein distance": 1.4721235807561744e-12
    },
    "forecast_metrics": {
        "mse": 0.10470277816057205,
        "mae": 0.23339690268039703
    }
}