{
    "config": {
        "seed": 42,
        "dataset_name": "exchange_rate",
        "missing_rate": 0.2,
        "missing_type": "F-MNAR",
        "completeness_rate": 0.2,
        "imputation_method": "xgboost",
        "forecast_model": "TimesNet"
    },
    "imputed_metrics": {
        "RMSE": 0.054419757380548175,
        "MAE": 0.054419757380548175,
        "R2": 0.9736509613813058,
        "KL divergence": 0.008049300730447644,
        "KS statistic": 0.054706802833141166,
        "W2 distance": 2.6720134079817893e-10,
        "Sliced Wasserstein distance": 1.351595921892689e-10
    },
    "forecast_metrics": {
        "mse": 0.12391195446252823,
        "mae": 0.24954853951931
    }
}