{
    "config": {
        "seed": 42,
        "dataset_name": "exchange_rate",
        "missing_rate": 0.8,
        "missing_type": "MAR",
        "completeness_rate": 0.3,
        "imputation_method": "knn",
        "forecast_model": "TimesNet"
    },
    "imputed_metrics": {
        "RMSE": 0.4675590801812771,
        "MAE": 0.4675590801812771,
        "R2": 0.3652907523605514,
        "KL divergence": 0.12170817566344828,
        "KS statistic": 0.2512971503870861,
        "W2 distance": 3.753202133591868e-09,
        "Sliced Wasserstein distance": 2.05532771521452e-09
    },
    "forecast_metrics": {
        "mse": 0.17731814086437225,
        "mae": 0.3144025504589081
    }
}