{
    "config": {
        "seed": 42,
        "dataset_name": "exchange_rate",
        "missing_rate": 0.9,
        "missing_type": "F-MNAR",
        "completeness_rate": 0.7,
        "imputation_method": "mean",
        "forecast_model": "TimesNet"
    },
    "imputed_metrics": {
        "RMSE": 0.5840835232294159,
        "MAE": 0.27930200413084727,
        "R2": 0.6526381355357989,
        "KL divergence": 0.07767695350311021,
        "KS statistic": 0.2172623949925877,
        "W2 distance": 7.058927813349687e-09,
        "Sliced Wasserstein distance": 2.1041851285307043e-09
    },
    "forecast_metrics": {
        "mse": 0.8207205533981323,
        "mae": 0.4832708239555359
    }
}