{
    "config": {
        "seed": 42,
        "dataset_name": "exchange_rate",
        "missing_rate": 0.8,
        "missing_type": "MAR",
        "completeness_rate": 0.3,
        "imputation_method": "IIM",
        "forecast_model": "TimesNet"
    },
    "imputed_metrics": {
        "RMSE": 0.39181028802923307,
        "MAE": 0.39181028802923307,
        "R2": 0.56616754988953,
        "KL divergence": 0.10188874384800481,
        "KS statistic": 0.2131856366331741,
        "W2 distance": 4.022521966461064e-09,
        "Sliced Wasserstein distance": 1.8102198337383773e-09
    },
    "forecast_metrics": {
        "mse": 0.21581944823265076,
        "mae": 0.3423156142234802
    }
}