{
    "config": {
        "seed": 42,
        "dataset_name": "exchange_rate",
        "missing_rate": 0.7,
        "missing_type": "MCAR",
        "completeness_rate": 0.4,
        "imputation_method": "forward",
        "forecast_model": "TimesNet"
    },
    "imputed_metrics": {
        "RMSE": 0.01464591026350833,
        "MAE": 0.01464591026350833,
        "R2": 0.9980278747534663,
        "KL divergence": 0.001037002057376006,
        "KS statistic": 0.0060533684730686875,
        "W2 distance": 6.425777800541997e-12,
        "Sliced Wasserstein distance": 2.524429538335889e-11
    },
    "forecast_metrics": {
        "mse": 0.10450857877731323,
        "mae": 0.2344309389591217
    }
}