{
    "config": {
        "seed": 42,
        "dataset_name": "exchange_rate",
        "missing_rate": 0.9,
        "missing_type": "MAR",
        "completeness_rate": 0.6,
        "imputation_method": "IIM",
        "forecast_model": "TimesNet"
    },
    "imputed_metrics": {
        "RMSE": 0.42448557096676853,
        "MAE": 0.21201093088365455,
        "R2": 0.8205929442172746,
        "KL divergence": 0.04565067742297539,
        "KS statistic": 0.11200790644045462,
        "W2 distance": 3.599140199676254e-09,
        "Sliced Wasserstein distance": 1.1386456084379518e-09
    },
    "forecast_metrics": {
        "mse": 0.14860239624977112,
        "mae": 0.27620306611061096
    }
}