{
    "config": {
        "seed": 42,
        "dataset_name": "exchange_rate",
        "missing_rate": 0.9,
        "missing_type": "MCAR",
        "completeness_rate": 0.3,
        "imputation_method": "knn",
        "forecast_model": "TimesNet"
    },
    "imputed_metrics": {
        "RMSE": 0.6015688238854107,
        "MAE": 0.35776289336069256,
        "R2": 0.6315293767765471,
        "KL divergence": 0.09283715758348504,
        "KS statistic": 0.11003129632679955,
        "W2 distance": 4.837643464443258e-10,
        "Sliced Wasserstein distance": 7.880125117900431e-10
    },
    "forecast_metrics": {
        "mse": 0.12641970813274384,
        "mae": 0.25883373618125916
    }
}