{
    "config": {
        "seed": 42,
        "dataset_name": "exchange_rate",
        "missing_rate": 0.6,
        "missing_type": "MCAR",
        "completeness_rate": 0.7,
        "imputation_method": "mean",
        "forecast_model": "TimesNet"
    },
    "imputed_metrics": {
        "RMSE": 0.44625499642344674,
        "MAE": 0.17505592270221854,
        "R2": 0.7972324702917113,
        "KL divergence": 0.052254543805609226,
        "KS statistic": 0.1325975951243617,
        "W2 distance": 2.584458500793287e-09,
        "Sliced Wasserstein distance": 9.536170587933116e-10
    },
    "forecast_metrics": {
        "mse": 0.1839573234319687,
        "mae": 0.2999688386917114
    }
}