{
    "config": {
        "seed": 42,
        "dataset_name": "exchange_rate",
        "missing_rate": 0.7,
        "missing_type": "D-MNAR",
        "completeness_rate": 0.1,
        "imputation_method": "IIM",
        "forecast_model": "TimesNet"
    },
    "imputed_metrics": {
        "RMSE": 0.5199961091305695,
        "MAE": 0.5199961091305695,
        "R2": 0.25116601677651107,
        "KL divergence": 0.10318186405041478,
        "KS statistic": 0.2554768571899193,
        "W2 distance": 3.780346587483303e-09,
        "Sliced Wasserstein distance": 1.964495518940384e-09
    },
    "forecast_metrics": {
        "mse": 0.14759722352027893,
        "mae": 0.2794215679168701
    }
}