{
    "config": {
        "seed": 42,
        "dataset_name": "exchange_rate",
        "missing_rate": 0.6,
        "missing_type": "D-MNAR",
        "completeness_rate": 0.9,
        "imputation_method": "mean",
        "forecast_model": "TimesNet"
    },
    "imputed_metrics": {
        "RMSE": 0.2670140323926698,
        "MAE": 0.059850799429902825,
        "R2": 0.9274060550415846,
        "KL divergence": 0.014659601870141755,
        "KS statistic": 0.03800856531049251,
        "W2 distance": 5.714764118584427e-10,
        "Sliced Wasserstein distance": 3.179340523264037e-10
    },
    "forecast_metrics": {
        "mse": 0.15893104672431946,
        "mae": 0.26826971769332886
    }
}