{
    "config": {
        "seed": 42,
        "dataset_name": "exchange_rate",
        "missing_rate": 0.7,
        "missing_type": "D-MNAR",
        "completeness_rate": 0.7,
        "imputation_method": "knn",
        "forecast_model": "TimesNet"
    },
    "imputed_metrics": {
        "RMSE": 0.09033357805555654,
        "MAE": 0.09033357805555654,
        "R2": 0.9452863521109316,
        "KL divergence": 0.016797272480001048,
        "KS statistic": 0.08742381815186955,
        "W2 distance": 1.2669080012774238e-09,
        "Sliced Wasserstein distance": 3.8248462044944436e-10
    },
    "forecast_metrics": {
        "mse": 0.1164947897195816,
        "mae": 0.2485898733139038
    }
}