{
    "config": {
        "seed": 42,
        "dataset_name": "exchange_rate",
        "missing_rate": 0.9,
        "missing_type": "D-MNAR",
        "completeness_rate": 0.4,
        "imputation_method": "xgboost",
        "forecast_model": "TimesNet"
    },
    "imputed_metrics": {
        "RMSE": 0.3280962444248843,
        "MAE": 0.2165096342255244,
        "R2": 0.8641579289213737,
        "KL divergence": 0.031247644118450837,
        "KS statistic": 0.19333717674188766,
        "W2 distance": 2.162011646099492e-09,
        "Sliced Wasserstein distance": 6.108603314163183e-10
    },
    "forecast_metrics": {
        "mse": 0.17088091373443604,
        "mae": 0.29881784319877625
    }
}