{
    "config": {
        "seed": 42,
        "dataset_name": "exchange_rate",
        "missing_rate": 0.1,
        "missing_type": "MCAR",
        "completeness_rate": 0.2,
        "imputation_method": "IIM",
        "forecast_model": "TimesNet"
    },
    "imputed_metrics": {
        "RMSE": 0.08137518143525974,
        "MAE": 0.015008667566401237,
        "R2": 0.9932714935430313,
        "KL divergence": 0.003623491694027422,
        "KS statistic": 0.009450667105913357,
        "W2 distance": 2.912829956191445e-10,
        "Sliced Wasserstein distance": 9.391709119866669e-11
    },
    "forecast_metrics": {
        "mse": 0.10900704562664032,
        "mae": 0.23658327758312225
    }
}