{
    "config": {
        "seed": 42,
        "dataset_name": "exchange_rate",
        "missing_rate": 0.2,
        "missing_type": "F-MNAR",
        "completeness_rate": 0.8,
        "imputation_method": "IIM",
        "forecast_model": "TimesNet"
    },
    "imputed_metrics": {
        "RMSE": 0.008527900735088786,
        "MAE": 0.001110600077046783,
        "R2": 0.9999282535946834,
        "KL divergence": 1.5832184774488956e-05,
        "KS statistic": 0.0005765112831493988,
        "W2 distance": 4.626885418152913e-13,
        "Sliced Wasserstein distance": 4.5009517649191415e-13
    },
    "forecast_metrics": {
        "mse": 0.10596414655447006,
        "mae": 0.23595711588859558
    }
}