{
    "config": {
        "seed": 42,
        "dataset_name": "exchange_rate",
        "missing_rate": 0.9,
        "missing_type": "F-MNAR",
        "completeness_rate": 0.9,
        "imputation_method": "IIM",
        "forecast_model": "TimesNet"
    },
    "imputed_metrics": {
        "RMSE": 0.009842833607757295,
        "MAE": 0.009842833607757295,
        "R2": 0.997672321136018,
        "KL divergence": 0.0007926925664095713,
        "KS statistic": 0.0059915994070169655,
        "W2 distance": 5.725769430301938e-12,
        "Sliced Wasserstein distance": 8.50065286405727e-12
    },
    "forecast_metrics": {
        "mse": 0.10663799196481705,
        "mae": 0.2372046858072281
    }
}