{
    "config": {
        "seed": 42,
        "dataset_name": "exchange_rate",
        "missing_rate": 0.3,
        "missing_type": "F-MNAR",
        "completeness_rate": 0.8,
        "imputation_method": "xgboost",
        "forecast_model": "TimesNet"
    },
    "imputed_metrics": {
        "RMSE": 0.09640015598806642,
        "MAE": 0.02131448931343956,
        "R2": 0.9903115077550876,
        "KL divergence": 0.0018920962336891002,
        "KS statistic": 0.014659858342941855,
        "W2 distance": 6.732068728306871e-11,
        "Sliced Wasserstein distance": 3.840705764619772e-11
    },
    "forecast_metrics": {
        "mse": 0.11492206901311874,
        "mae": 0.24332502484321594
    }
}