{
    "config": {
        "seed": 42,
        "dataset_name": "exchange_rate",
        "missing_rate": 0.6,
        "missing_type": "MAR",
        "completeness_rate": 0.2,
        "imputation_method": "IIM",
        "forecast_model": "TimesNet"
    },
    "imputed_metrics": {
        "RMSE": 0.6740763796341219,
        "MAE": 0.4202002523587129,
        "R2": 0.43732443749577155,
        "KL divergence": 0.10700807650424797,
        "KS statistic": 0.14538379179706803,
        "W2 distance": 2.409022685622991e-09,
        "Sliced Wasserstein distance": 1.6203493602477364e-09
    },
    "forecast_metrics": {
        "mse": 0.1349521279335022,
        "mae": 0.2655631899833679
    }
}