{
    "config": {
        "seed": 42,
        "dataset_name": "exchange_rate",
        "missing_rate": 0.1,
        "missing_type": "D-MNAR",
        "completeness_rate": 0.3,
        "imputation_method": "IIM",
        "forecast_model": "TimesNet"
    },
    "imputed_metrics": {
        "RMSE": 0.05255694010550252,
        "MAE": 0.007145674929087121,
        "R2": 0.9970755735247733,
        "KL divergence": 0.00505193160891318,
        "KS statistic": 0.0060533684730686875,
        "W2 distance": 9.01624403265878e-10,
        "Sliced Wasserstein distance": 1.1983196805064627e-10
    },
    "forecast_metrics": {
        "mse": 0.10360846668481827,
        "mae": 0.22996662557125092
    }
}