{
    "config": {
        "seed": 42,
        "dataset_name": "exchange_rate",
        "missing_rate": 0.5,
        "missing_type": "F-MNAR",
        "completeness_rate": 0.8,
        "imputation_method": "knn",
        "forecast_model": "TimesNet"
    },
    "imputed_metrics": {
        "RMSE": 0.01001794566473927,
        "MAE": 0.01001794566473927,
        "R2": 0.9978282790848039,
        "KL divergence": 0.0003972456366744413,
        "KS statistic": 0.005270960303080217,
        "W2 distance": 1.6574306809289602e-11,
        "Sliced Wasserstein distance": 9.711792632273746e-12
    },
    "forecast_metrics": {
        "mse": 0.10634803771972656,
        "mae": 0.23440329730510712
    }
}