{
    "config": {
        "seed": 42,
        "dataset_name": "exchange_rate",
        "missing_rate": 0.2,
        "missing_type": "F-MNAR",
        "completeness_rate": 0.9,
        "imputation_method": "xgboost",
        "forecast_model": "TimesNet"
    },
    "imputed_metrics": {
        "RMSE": 0.04891238736208209,
        "MAE": 0.006703241701605295,
        "R2": 0.997570677636157,
        "KL divergence": 0.0008474673136607409,
        "KS statistic": 0.006073958161752594,
        "W2 distance": 1.5101960538276363e-11,
        "Sliced Wasserstein distance": 1.1976321967791034e-11
    },
    "forecast_metrics": {
        "mse": 0.10666141659021378,
        "mae": 0.23532043397426605
    }
}