{
    "config": {
        "seed": 42,
        "dataset_name": "exchange_rate",
        "missing_rate": 0.3,
        "missing_type": "MAR",
        "completeness_rate": 0.7,
        "imputation_method": "forward",
        "forecast_model": "TimesNet"
    },
    "imputed_metrics": {
        "RMSE": 0.02249144394917982,
        "MAE": 0.0021984933848854422,
        "R2": 0.9994849292319602,
        "KL divergence": 0.00016762884596082297,
        "KS statistic": 0.0020795585570746174,
        "W2 distance": 1.3220938592502324e-12,
        "Sliced Wasserstein distance": 1.5820434708325287e-12
    },
    "forecast_metrics": {
        "mse": 0.10531283169984818,
        "mae": 0.2353672981262207
    }
}