{
    "config": {
        "seed": 42,
        "dataset_name": "exchange_rate",
        "missing_rate": 0.9,
        "missing_type": "MAR",
        "completeness_rate": 0.7,
        "imputation_method": "forward",
        "forecast_model": "TimesNet"
    },
    "imputed_metrics": {
        "RMSE": 0.09899174127480467,
        "MAE": 0.02142278321513631,
        "R2": 0.9900223066100553,
        "KL divergence": 0.020049885282760093,
        "KS statistic": 0.01171553286114314,
        "W2 distance": 6.501980176054799e-11,
        "Sliced Wasserstein distance": 1.1032657030041657e-11
    },
    "forecast_metrics": {
        "mse": 0.10363917052745819,
        "mae": 0.23084989190101624
    }
}