{
    "config": {
        "seed": 42,
        "dataset_name": "exchange_rate",
        "missing_rate": 0.4,
        "missing_type": "F-MNAR",
        "completeness_rate": 0.8,
        "imputation_method": "IIM",
        "forecast_model": "TimesNet"
    },
    "imputed_metrics": {
        "RMSE": 0.0051036499143653985,
        "MAE": 0.0051036499143653985,
        "R2": 0.998661072640313,
        "KL divergence": 0.00030215023604686744,
        "KS statistic": 0.0029443254817987153,
        "W2 distance": 3.8864313125491744e-12,
        "Sliced Wasserstein distance": 1.4501945332937074e-11
    },
    "forecast_metrics": {
        "mse": 0.10374634712934494,
        "mae": 0.23195797204971313
    }
}