{
    "config": {
        "seed": 42,
        "dataset_name": "exchange_rate",
        "missing_rate": 0.3,
        "missing_type": "F-MNAR",
        "completeness_rate": 0.3,
        "imputation_method": "forward",
        "forecast_model": "TimesNet"
    },
    "imputed_metrics": {
        "RMSE": 0.02861705082031247,
        "MAE": 0.00587154451921881,
        "R2": 0.9991661614367476,
        "KL divergence": 0.0037454216571924724,
        "KS statistic": 0.002903146104430901,
        "W2 distance": 6.068864772166323e-10,
        "Sliced Wasserstein distance": 5.094998786765626e-12
    },
    "forecast_metrics": {
        "mse": 0.10583555698394775,
        "mae": 0.23602788150310516
    }
}