{
    "config": {
        "seed": 42,
        "dataset_name": "exchange_rate",
        "missing_rate": 0.1,
        "missing_type": "D-MNAR",
        "completeness_rate": 0.9,
        "imputation_method": "IIM",
        "forecast_model": "TimesNet"
    },
    "imputed_metrics": {
        "RMSE": 0.00017388272127114997,
        "MAE": 0.00017388272127114997,
        "R2": 0.9999953291793706,
        "KL divergence": 1.2703912391637872e-06,
        "KS statistic": 0.0001235381321034426,
        "W2 distance": 3.5868418145038984e-13,
        "Sliced Wasserstein distance": 1.8401371934844679e-13
    },
    "forecast_metrics": {
        "mse": 0.10526923835277557,
        "mae": 0.23510199785232544
    }
}