{
    "config": {
        "seed": 42,
        "dataset_name": "exchange_rate",
        "missing_rate": 0.1,
        "missing_type": "MCAR",
        "completeness_rate": 0.9,
        "imputation_method": "xgboost",
        "forecast_model": "TimesNet"
    },
    "imputed_metrics": {
        "RMSE": 0.03566024835809876,
        "MAE": 0.0034600501158900524,
        "R2": 0.9987248544272463,
        "KL divergence": 0.0003642727991956733,
        "KS statistic": 0.003273760500741229,
        "W2 distance": 4.670515529849123e-12,
        "Sliced Wasserstein distance": 9.589663086435956e-12
    },
    "forecast_metrics": {
        "mse": 0.1043742299079895,
        "mae": 0.23279757797718048
    }
}