{
    "config": {
        "seed": 42,
        "dataset_name": "exchange_rate",
        "missing_rate": 0.5,
        "missing_type": "D-MNAR",
        "completeness_rate": 0.2,
        "imputation_method": "forward",
        "forecast_model": "TimesNet"
    },
    "imputed_metrics": {
        "RMSE": 0.015645073721074047,
        "MAE": 0.015645073721074047,
        "R2": 0.9982827247023285,
        "KL divergence": 0.005784593341528942,
        "KS statistic": 0.007288749794103113,
        "W2 distance": 6.570576062310625e-10,
        "Sliced Wasserstein distance": 9.533059735696754e-12
    },
    "forecast_metrics": {
        "mse": 0.10159242153167725,
        "mae": 0.22995494306087494
    }
}