{
    "config": {
        "seed": 42,
        "dataset_name": "exchange_rate",
        "missing_rate": 0.6,
        "missing_type": "D-MNAR",
        "completeness_rate": 0.4,
        "imputation_method": "IIM",
        "forecast_model": "TimesNet"
    },
    "imputed_metrics": {
        "RMSE": 0.14806523781720457,
        "MAE": 0.14806523781720457,
        "R2": 0.8868892555554416,
        "KL divergence": 0.03455035781842554,
        "KS statistic": 0.10177483116455278,
        "W2 distance": 2.143420958471158e-09,
        "Sliced Wasserstein distance": 3.280863087553121e-10
    },
    "forecast_metrics": {
        "mse": 0.13495422899723053,
        "mae": 0.2630370259284973
    }
}