{
    "config": {
        "seed": 42,
        "dataset_name": "exchange_rate",
        "missing_rate": 0.7,
        "missing_type": "MAR",
        "completeness_rate": 0.5,
        "imputation_method": "xgboost",
        "forecast_model": "TimesNet"
    },
    "imputed_metrics": {
        "RMSE": 0.11683577938027308,
        "MAE": 0.11683577938027308,
        "R2": 0.9444821293970499,
        "KL divergence": 0.015323508210572592,
        "KS statistic": 0.1279443254817987,
        "W2 distance": 9.015860287065673e-10,
        "Sliced Wasserstein distance": 2.3422969107420713e-10
    },
    "forecast_metrics": {
        "mse": 0.1300041526556015,
        "mae": 0.2621472179889679
    }
}