{
    "config": {
        "seed": 42,
        "dataset_name": "exchange_rate",
        "missing_rate": 0.4,
        "missing_type": "F-MNAR",
        "completeness_rate": 0.5,
        "imputation_method": "IIM",
        "forecast_model": "TimesNet"
    },
    "imputed_metrics": {
        "RMSE": 0.09591048130895828,
        "MAE": 0.025136615050405008,
        "R2": 0.9908628753096304,
        "KL divergence": 0.013822339346081772,
        "KS statistic": 0.02448113984516554,
        "W2 distance": 2.154050451992888e-09,
        "Sliced Wasserstein distance": 6.351446583931818e-11
    },
    "forecast_metrics": {
        "mse": 0.11715491861104965,
        "mae": 0.2478066235780716
    }
}