{
    "config": {
        "seed": 42,
        "dataset_name": "exchange_rate",
        "missing_rate": 0.4,
        "missing_type": "D-MNAR",
        "completeness_rate": 0.7,
        "imputation_method": "IIM",
        "forecast_model": "TimesNet"
    },
    "imputed_metrics": {
        "RMSE": 0.061169378764359426,
        "MAE": 0.010381491412844621,
        "R2": 0.9961904044850631,
        "KL divergence": 0.01080581832620575,
        "KS statistic": 0.01618349530555098,
        "W2 distance": 1.9678372430859038e-09,
        "Sliced Wasserstein distance": 7.568479370499378e-11
    },
    "forecast_metrics": {
        "mse": 0.10268402099609375,
        "mae": 0.2287592887878418
    }
}