{
    "config": {
        "seed": 42,
        "dataset_name": "exchange_rate",
        "missing_rate": 0.9,
        "missing_type": "D-MNAR",
        "completeness_rate": 0.5,
        "imputation_method": "IIM",
        "forecast_model": "TimesNet"
    },
    "imputed_metrics": {
        "RMSE": 0.2200548519448868,
        "MAE": 0.2200548519448868,
        "R2": 0.7763007902532447,
        "KL divergence": 0.060684263339619,
        "KS statistic": 0.12469115466974139,
        "W2 distance": 2.4103383917384336e-09,
        "Sliced Wasserstein distance": 7.589485400689124e-10
    },
    "forecast_metrics": {
        "mse": 0.13392968475818634,
        "mae": 0.26347506046295166
    }
}