{
    "config": {
        "seed": 42,
        "dataset_name": "exchange_rate",
        "missing_rate": 0.1,
        "missing_type": "D-MNAR",
        "completeness_rate": 0.8,
        "imputation_method": "knn",
        "forecast_model": "TimesNet"
    },
    "imputed_metrics": {
        "RMSE": 0.001041388338559834,
        "MAE": 0.001041388338559834,
        "R2": 0.9999176473728306,
        "KL divergence": 3.452887871822788e-05,
        "KS statistic": 0.0006176906605172129,
        "W2 distance": 3.734364870944921e-13,
        "Sliced Wasserstein distance": 2.665352098355378e-13
    },
    "forecast_metrics": {
        "mse": 0.10543779283761978,
        "mae": 0.23546721041202545
    }
}