{
    "config": {
        "seed": 42,
        "dataset_name": "exchange_rate",
        "missing_rate": 0.5,
        "missing_type": "F-MNAR",
        "completeness_rate": 0.5,
        "imputation_method": "forward",
        "forecast_model": "TimesNet"
    },
    "imputed_metrics": {
        "RMSE": 0.007444705274455414,
        "MAE": 0.007444705274455414,
        "R2": 0.9974159743306356,
        "KL divergence": 0.0041584948413428595,
        "KS statistic": 0.003706143963103278,
        "W2 distance": 5.8695562259542e-10,
        "Sliced Wasserstein distance": 5.742502561409519e-12
    },
    "forecast_metrics": {
        "mse": 0.10511239618062973,
        "mae": 0.23484955728054047
    }
}