{
    "config": {
        "seed": 42,
        "dataset_name": "exchange_rate",
        "missing_rate": 0.6,
        "missing_type": "MCAR",
        "completeness_rate": 0.2,
        "imputation_method": "knn",
        "forecast_model": "TimesNet"
    },
    "imputed_metrics": {
        "RMSE": 0.6370833205794015,
        "MAE": 0.36027794645283834,
        "R2": 0.5867387386218534,
        "KL divergence": 0.08568970034602,
        "KS statistic": 0.15271372096853894,
        "W2 distance": 2.1119145915962253e-09,
        "Sliced Wasserstein distance": 1.4823807339395537e-09
    },
    "forecast_metrics": {
        "mse": 0.2071533203125,
        "mae": 0.33107325434684753
    }
}