{
    "config": {
        "seed": 42,
        "dataset_name": "exchange_rate",
        "missing_rate": 0.7,
        "missing_type": "D-MNAR",
        "completeness_rate": 0.9,
        "imputation_method": "knn",
        "forecast_model": "TimesNet"
    },
    "imputed_metrics": {
        "RMSE": 0.005146257274785381,
        "MAE": 0.005146257274785381,
        "R2": 0.9993852506130066,
        "KL divergence": 0.00016094923992094785,
        "KS statistic": 0.0023884038873332237,
        "W2 distance": 2.9082426362226817e-12,
        "Sliced Wasserstein distance": 4.265006041814146e-12
    },
    "forecast_metrics": {
        "mse": 0.10363723337650299,
        "mae": 0.23136772215366364
    }
}