{
    "config": {
        "seed": 42,
        "dataset_name": "exchange_rate",
        "missing_rate": 0.3,
        "missing_type": "D-MNAR",
        "completeness_rate": 0.2,
        "imputation_method": "IIM",
        "forecast_model": "TimesNet"
    },
    "imputed_metrics": {
        "RMSE": 0.11253374742874207,
        "MAE": 0.11253374742874207,
        "R2": 0.9149517085339162,
        "KL divergence": 0.021828669320740002,
        "KS statistic": 0.06681353977927854,
        "W2 distance": 1.128218591764263e-09,
        "Sliced Wasserstein distance": 5.239782767632785e-10
    },
    "forecast_metrics": {
        "mse": 0.12636926770210266,
        "mae": 0.2531111538410187
    }
}