{
    "config": {
        "seed": 42,
        "dataset_name": "exchange_rate",
        "missing_rate": 0.6,
        "missing_type": "MCAR",
        "completeness_rate": 0.3,
        "imputation_method": "IIM",
        "forecast_model": "TimesNet"
    },
    "imputed_metrics": {
        "RMSE": 0.43365106500624845,
        "MAE": 0.20835323204770836,
        "R2": 0.8110641250513837,
        "KL divergence": 0.049183071187662915,
        "KS statistic": 0.0730933948278702,
        "W2 distance": 1.2514040476545872e-09,
        "Sliced Wasserstein distance": 1.0139226309863956e-09
    },
    "forecast_metrics": {
        "mse": 0.1477929949760437,
        "mae": 0.2745167016983032
    }
}