{
    "config": {
        "seed": 42,
        "dataset_name": "exchange_rate",
        "missing_rate": 0.2,
        "missing_type": "D-MNAR",
        "completeness_rate": 0.9,
        "imputation_method": "knn",
        "forecast_model": "TimesNet"
    },
    "imputed_metrics": {
        "RMSE": 0.00765498223361986,
        "MAE": 0.0008523007301776707,
        "R2": 0.9999403348686423,
        "KL divergence": 1.5529927323893902e-05,
        "KS statistic": 0.0007000494152528413,
        "W2 distance": 4.0475703944020457e-13,
        "Sliced Wasserstein distance": 2.101490991922387e-12
    },
    "forecast_metrics": {
        "mse": 0.10490604490041733,
        "mae": 0.23480026423931122
    }
}