{
    "config": {
        "seed": 42,
        "dataset_name": "exchange_rate",
        "missing_rate": 0.3,
        "missing_type": "D-MNAR",
        "completeness_rate": 0.2,
        "imputation_method": "knn",
        "forecast_model": "TimesNet"
    },
    "imputed_metrics": {
        "RMSE": 0.34594668933481754,
        "MAE": 0.13707499536822088,
        "R2": 0.8781429712273214,
        "KL divergence": 0.02724198468613177,
        "KS statistic": 0.08680612749135233,
        "W2 distance": 3.499735182159121e-10,
        "Sliced Wasserstein distance": 7.023882763057428e-10
    },
    "forecast_metrics": {
        "mse": 0.13110609352588654,
        "mae": 0.25617021322250366
    }
}