{
    "config": {
        "seed": 42,
        "dataset_name": "exchange_rate",
        "missing_rate": 0.4,
        "missing_type": "MAR",
        "completeness_rate": 0.1,
        "imputation_method": "mean",
        "forecast_model": "TimesNet"
    },
    "imputed_metrics": {
        "RMSE": 0.2810056459119693,
        "MAE": 0.2810056459119693,
        "R2": 0.6514629873978093,
        "KL divergence": 0.06568892183934359,
        "KS statistic": 0.2136797891615879,
        "W2 distance": 2.2577080740990877e-09,
        "Sliced Wasserstein distance": 1.3976281378931208e-09
    },
    "forecast_metrics": {
        "mse": 0.2269144505262375,
        "mae": 0.328146755695343
    }
}