{
    "config": {
        "seed": 42,
        "dataset_name": "exchange_rate",
        "missing_rate": 0.7,
        "missing_type": "D-MNAR",
        "completeness_rate": 0.3,
        "imputation_method": "forward",
        "forecast_model": "TimesNet"
    },
    "imputed_metrics": {
        "RMSE": 0.06284100802972807,
        "MAE": 0.0238318416567582,
        "R2": 0.9959791440657995,
        "KL divergence": 0.0013454059127087936,
        "KS statistic": 0.009409487728545544,
        "W2 distance": 2.1316229354671364e-11,
        "Sliced Wasserstein distance": 2.913972471869028e-11
    },
    "forecast_metrics": {
        "mse": 0.10516446083784103,
        "mae": 0.23312775790691376
    }
}