{
    "config": {
        "seed": 42,
        "dataset_name": "exchange_rate",
        "missing_rate": 0.3,
        "missing_type": "MCAR",
        "completeness_rate": 0.3,
        "imputation_method": "mean",
        "forecast_model": "TimesNet"
    },
    "imputed_metrics": {
        "RMSE": 0.17822634368787843,
        "MAE": 0.17822634368787843,
        "R2": 0.7858577943788061,
        "KL divergence": 0.042900876854822446,
        "KS statistic": 0.12261159611266678,
        "W2 distance": 1.052926781985196e-09,
        "Sliced Wasserstein distance": 1.083320838639224e-09
    },
    "forecast_metrics": {
        "mse": 0.15903893113136292,
        "mae": 0.2884623110294342
    }
}