{
    "config": {
        "seed": 42,
        "dataset_name": "exchange_rate",
        "missing_rate": 0.9,
        "missing_type": "F-MNAR",
        "completeness_rate": 0.4,
        "imputation_method": "forward",
        "forecast_model": "TimesNet"
    },
    "imputed_metrics": {
        "RMSE": 0.11440069854709013,
        "MAE": 0.04570575116365519,
        "R2": 0.9864072375940539,
        "KL divergence": 0.009675583690750183,
        "KS statistic": 0.022628067863613904,
        "W2 distance": 7.51211042321798e-10,
        "Sliced Wasserstein distance": 5.281698111400663e-11
    },
    "forecast_metrics": {
        "mse": 0.10414082556962967,
        "mae": 0.2341867983341217
    }
}