{
    "config": {
        "seed": 42,
        "dataset_name": "exchange_rate",
        "missing_rate": 0.4,
        "missing_type": "D-MNAR",
        "completeness_rate": 0.3,
        "imputation_method": "mean",
        "forecast_model": "TimesNet"
    },
    "imputed_metrics": {
        "RMSE": 0.25667368774751864,
        "MAE": 0.25667368774751864,
        "R2": 0.6678056534744553,
        "KL divergence": 0.06544443365720384,
        "KS statistic": 0.19321363860978422,
        "W2 distance": 2.1861746499301603e-09,
        "Sliced Wasserstein distance": 1.32091518280197e-09
    },
    "forecast_metrics": {
        "mse": 0.21242013573646545,
        "mae": 0.3262253403663635
    }
}