{
    "config": {
        "seed": 42,
        "dataset_name": "exchange_rate",
        "missing_rate": 0.7,
        "missing_type": "F-MNAR",
        "completeness_rate": 0.1,
        "imputation_method": "xgboost",
        "forecast_model": "TimesNet"
    },
    "imputed_metrics": {
        "RMSE": 0.3244672853493163,
        "MAE": 0.21827179313265074,
        "R2": 0.881984740841715,
        "KL divergence": 0.024548308666595638,
        "KS statistic": 0.187283808268819,
        "W2 distance": 1.3941601379694836e-09,
        "Sliced Wasserstein distance": 7.2142747531844e-10
    },
    "forecast_metrics": {
        "mse": 0.20646128058433533,
        "mae": 0.32635533809661865
    }
}