{
    "config": {
        "seed": 42,
        "dataset_name": "exchange_rate",
        "missing_rate": 0.1,
        "missing_type": "D-MNAR",
        "completeness_rate": 0.4,
        "imputation_method": "mean",
        "forecast_model": "TimesNet"
    },
    "imputed_metrics": {
        "RMSE": 0.2287032632573794,
        "MAE": 0.04882858419824974,
        "R2": 0.9467429692208338,
        "KL divergence": 0.012346087042671245,
        "KS statistic": 0.042167682424641736,
        "W2 distance": 1.2153290528722263e-10,
        "Sliced Wasserstein distance": 4.883067438327193e-10
    },
    "forecast_metrics": {
        "mse": 0.11344800144433975,
        "mae": 0.24216395616531372
    }
}