{
    "config": {
        "seed": 42,
        "dataset_name": "exchange_rate",
        "missing_rate": 0.9,
        "missing_type": "D-MNAR",
        "completeness_rate": 0.2,
        "imputation_method": "knn",
        "forecast_model": "TimesNet"
    },
    "imputed_metrics": {
        "RMSE": 0.8520208512561734,
        "MAE": 0.8520208512561734,
        "R2": -0.58683606204736,
        "KL divergence": 0.15317984782654323,
        "KS statistic": 0.3752470762642069,
        "W2 distance": 4.800666084560868e-09,
        "Sliced Wasserstein distance": 2.203000169758115e-09
    },
    "forecast_metrics": {
        "mse": 0.13187402486801147,
        "mae": 0.26256638765335083
    }
}