{
    "config": {
        "seed": 42,
        "dataset_name": "exchange_rate",
        "missing_rate": 0.6,
        "missing_type": "D-MNAR",
        "completeness_rate": 0.4,
        "imputation_method": "xgboost",
        "forecast_model": "TimesNet"
    },
    "imputed_metrics": {
        "RMSE": 0.11667859594671694,
        "MAE": 0.11667859594671694,
        "R2": 0.9466973993708526,
        "KL divergence": 0.015812708385662254,
        "KS statistic": 0.12287926206555756,
        "W2 distance": 9.014089978553898e-10,
        "Sliced Wasserstein distance": 3.759936189064024e-10
    },
    "forecast_metrics": {
        "mse": 0.1449982076883316,
        "mae": 0.2723909318447113
    }
}