{
    "config": {
        "seed": 42,
        "dataset_name": "exchange_rate",
        "missing_rate": 0.9,
        "missing_type": "MCAR",
        "completeness_rate": 0.3,
        "imputation_method": "xgboost",
        "forecast_model": "TimesNet"
    },
    "imputed_metrics": {
        "RMSE": 0.32512942921576293,
        "MAE": 0.2083200707325096,
        "R2": 0.8992365801000404,
        "KL divergence": 0.01994007004675144,
        "KS statistic": 0.1623908746499753,
        "W2 distance": 1.2428145512472696e-09,
        "Sliced Wasserstein distance": 4.4767250087877956e-10
    },
    "forecast_metrics": {
        "mse": 0.20098227262496948,
        "mae": 0.3264399468898773
    }
}