{
    "config": {
        "seed": 42,
        "dataset_name": "exchange_rate",
        "missing_rate": 0.4,
        "missing_type": "F-MNAR",
        "completeness_rate": 0.5,
        "imputation_method": "xgboost",
        "forecast_model": "TimesNet"
    },
    "imputed_metrics": {
        "RMSE": 0.15587168929269488,
        "MAE": 0.05881079116534857,
        "R2": 0.9753275747827644,
        "KL divergence": 0.009528675094513238,
        "KS statistic": 0.07340224015812881,
        "W2 distance": 2.255157635421384e-10,
        "Sliced Wasserstein distance": 1.3211661617347882e-10
    },
    "forecast_metrics": {
        "mse": 0.1227773129940033,
        "mae": 0.25186818838119507
    }
}