{
    "config": {
        "seed": 42,
        "dataset_name": "exchange_rate",
        "missing_rate": 0.5,
        "missing_type": "D-MNAR",
        "completeness_rate": 0.4,
        "imputation_method": "mean",
        "forecast_model": "TimesNet"
    },
    "imputed_metrics": {
        "RMSE": 0.25529036596077764,
        "MAE": 0.25529036596077764,
        "R2": 0.6988268829986117,
        "KL divergence": 0.06135419829719978,
        "KS statistic": 0.21186789655740407,
        "W2 distance": 2.673866351027158e-09,
        "Sliced Wasserstein distance": 1.3956340048254496e-09
    },
    "forecast_metrics": {
        "mse": 0.18016356229782104,
        "mae": 0.3082081973552704
    }
}