{
    "config": {
        "seed": 42,
        "dataset_name": "exchange_rate",
        "missing_rate": 0.3,
        "missing_type": "F-MNAR",
        "completeness_rate": 0.5,
        "imputation_method": "xgboost",
        "forecast_model": "TimesNet"
    },
    "imputed_metrics": {
        "RMSE": 0.04159341932668949,
        "MAE": 0.04159341932668949,
        "R2": 0.9835831447443503,
        "KL divergence": 0.007385716130448881,
        "KS statistic": 0.05478916158787679,
        "W2 distance": 2.0971479358978256e-10,
        "Sliced Wasserstein distance": 6.778250509507858e-11
    },
    "forecast_metrics": {
        "mse": 0.12088421732187271,
        "mae": 0.24932174384593964
    }
}