{
    "config": {
        "seed": 42,
        "dataset_name": "exchange_rate",
        "missing_rate": 0.4,
        "missing_type": "MAR",
        "completeness_rate": 0.2,
        "imputation_method": "forward",
        "forecast_model": "TimesNet"
    },
    "imputed_metrics": {
        "RMSE": 0.01111224488181256,
        "MAE": 0.01111224488181256,
        "R2": 0.9989701453790085,
        "KL divergence": 0.0006073998767037185,
        "KS statistic": 0.004797397463350355,
        "W2 distance": 3.623862155143071e-12,
        "Sliced Wasserstein distance": 7.585496623810096e-12
    },
    "forecast_metrics": {
        "mse": 0.10655740648508072,
        "mae": 0.23680603504180908
    }
}