{
    "config": {
        "seed": 42,
        "dataset_name": "exchange_rate",
        "missing_rate": 0.8,
        "missing_type": "MCAR",
        "completeness_rate": 0.3,
        "imputation_method": "knn",
        "forecast_model": "TimesNet"
    },
    "imputed_metrics": {
        "RMSE": 0.37110086126597547,
        "MAE": 0.37110086126597547,
        "R2": 0.6171498282295951,
        "KL divergence": 0.08310172865817596,
        "KS statistic": 0.18102454290891123,
        "W2 distance": 3.425885186456373e-09,
        "Sliced Wasserstein distance": 1.6547539057558622e-09
    },
    "forecast_metrics": {
        "mse": 0.23175758123397827,
        "mae": 0.3506489098072052
    }
}