{
    "config": {
        "seed": 42,
        "dataset_name": "exchange_rate",
        "missing_rate": 0.8,
        "missing_type": "MCAR",
        "completeness_rate": 0.9,
        "imputation_method": "xgboost",
        "forecast_model": "TimesNet"
    },
    "imputed_metrics": {
        "RMSE": 0.10579129893758471,
        "MAE": 0.0282216299619544,
        "R2": 0.9888152496402912,
        "KL divergence": 0.0030538722996929697,
        "KS statistic": 0.024316422335694286,
        "W2 distance": 2.036294232400217e-10,
        "Sliced Wasserstein distance": 7.803575571612404e-11
    },
    "forecast_metrics": {
        "mse": 0.11988106369972229,
        "mae": 0.2490788698196411
    }
}