{
    "config": {
        "seed": 42,
        "dataset_name": "exchange_rate",
        "missing_rate": 0.8,
        "missing_type": "F-MNAR",
        "completeness_rate": 0.3,
        "imputation_method": "IIM",
        "forecast_model": "TimesNet"
    },
    "imputed_metrics": {
        "RMSE": 0.5297825168688418,
        "MAE": 0.5297825168688418,
        "R2": 0.03201686794631753,
        "KL divergence": 0.09959675014077825,
        "KS statistic": 0.1749505847471586,
        "W2 distance": 3.8220552840563225e-09,
        "Sliced Wasserstein distance": 2.1711712300394867e-09
    },
    "forecast_metrics": {
        "mse": 0.07442867010831833,
        "mae": 0.18607781827449799
    }
}