{
    "config": {
        "seed": 42,
        "dataset_name": "exchange_rate",
        "missing_rate": 0.2,
        "missing_type": "MCAR",
        "completeness_rate": 0.7,
        "imputation_method": "xgboost",
        "forecast_model": "TimesNet"
    },
    "imputed_metrics": {
        "RMSE": 0.020992713563920427,
        "MAE": 0.020992713563920427,
        "R2": 0.9909917796290015,
        "KL divergence": 0.004550475320216089,
        "KS statistic": 0.023266348212815022,
        "W2 distance": 2.6676136805092996e-10,
        "Sliced Wasserstein distance": 4.498542679829246e-11
    },
    "forecast_metrics": {
        "mse": 0.10886605829000473,
        "mae": 0.23678022623062134
    }
}