{
    "config": {
        "seed": 42,
        "dataset_name": "exchange_rate",
        "missing_rate": 0.5,
        "missing_type": "D-MNAR",
        "completeness_rate": 0.3,
        "imputation_method": "forward",
        "forecast_model": "TimesNet"
    },
    "imputed_metrics": {
        "RMSE": 0.034745536673262335,
        "MAE": 0.012091505033452972,
        "R2": 0.9987707781395698,
        "KL divergence": 0.0005478144751114291,
        "KS statistic": 0.005909240652281338,
        "W2 distance": 3.24818876498843e-12,
        "Sliced Wasserstein distance": 4.900550321414873e-12
    },
    "forecast_metrics": {
        "mse": 0.10123249143362045,
        "mae": 0.22892184555530548
    }
}