{
    "config": {
        "seed": 42,
        "dataset_name": "exchange_rate",
        "missing_rate": 0.1,
        "missing_type": "MAR",
        "completeness_rate": 0.8,
        "imputation_method": "IIM",
        "forecast_model": "TimesNet"
    },
    "imputed_metrics": {
        "RMSE": 0.0004159741887011041,
        "MAE": 0.0004159741887011041,
        "R2": 0.9999861548306671,
        "KL divergence": 5.582673359870425e-06,
        "KS statistic": 0.0003706143963103278,
        "W2 distance": 3.261946342621637e-13,
        "Sliced Wasserstein distance": 2.7376626104891873e-13
    },
    "forecast_metrics": {
        "mse": 0.10536884516477585,
        "mae": 0.23525285720825195
    }
}