{
    "config": {
        "seed": 42,
        "dataset_name": "exchange_rate",
        "missing_rate": 0.3,
        "missing_type": "D-MNAR",
        "completeness_rate": 0.1,
        "imputation_method": "IIM",
        "forecast_model": "TimesNet"
    },
    "imputed_metrics": {
        "RMSE": 0.1062990372284512,
        "MAE": 0.1062990372284512,
        "R2": 0.9206653347107597,
        "KL divergence": 0.022256492508791546,
        "KS statistic": 0.06125432383462362,
        "W2 distance": 1.4581718645314066e-09,
        "Sliced Wasserstein distance": 5.059281604673965e-10
    },
    "forecast_metrics": {
        "mse": 0.12530624866485596,
        "mae": 0.2510889768600464
    }
}