{
    "config": {
        "seed": 42,
        "dataset_name": "exchange_rate",
        "missing_rate": 0.8,
        "missing_type": "D-MNAR",
        "completeness_rate": 0.2,
        "imputation_method": "xgboost",
        "forecast_model": "TimesNet"
    },
    "imputed_metrics": {
        "RMSE": 0.23782757011764163,
        "MAE": 0.23782757011764163,
        "R2": 0.8763260859108122,
        "KL divergence": 0.02456171393562839,
        "KS statistic": 0.1945725580629221,
        "W2 distance": 1.5766299631138221e-09,
        "Sliced Wasserstein distance": 6.112850255937518e-10
    },
    "forecast_metrics": {
        "mse": 0.19876189529895782,
        "mae": 0.31887513399124146
    }
}