{
    "config": {
        "seed": 42,
        "dataset_name": "exchange_rate",
        "missing_rate": 0.7,
        "missing_type": "MAR",
        "completeness_rate": 0.4,
        "imputation_method": "forward",
        "forecast_model": "TimesNet"
    },
    "imputed_metrics": {
        "RMSE": 0.04293560685344407,
        "MAE": 0.01656312369244739,
        "R2": 0.9981229863186857,
        "KL divergence": 0.004852704549626574,
        "KS statistic": 0.008194696096195027,
        "W2 distance": 6.444784668864227e-10,
        "Sliced Wasserstein distance": 9.171734357594143e-12
    },
    "forecast_metrics": {
        "mse": 0.10350468754768372,
        "mae": 0.23214629292488098
    }
}