{
    "config": {
        "seed": 42,
        "dataset_name": "exchange_rate",
        "missing_rate": 0.7,
        "missing_type": "F-MNAR",
        "completeness_rate": 0.8,
        "imputation_method": "knn",
        "forecast_model": "TimesNet"
    },
    "imputed_metrics": {
        "RMSE": 0.12709262918897563,
        "MAE": 0.02915332493793405,
        "R2": 0.9835535202299137,
        "KL divergence": 0.004278016800305235,
        "KS statistic": 0.011797891615878768,
        "W2 distance": 2.918959540395897e-11,
        "Sliced Wasserstein distance": 1.418504827421306e-10
    },
    "forecast_metrics": {
        "mse": 0.11140084266662598,
        "mae": 0.24033041298389435
    }
}