{
    "config": {
        "seed": 42,
        "dataset_name": "exchange_rate",
        "missing_rate": 0.3,
        "missing_type": "D-MNAR",
        "completeness_rate": 0.3,
        "imputation_method": "IIM",
        "forecast_model": "TimesNet"
    },
    "imputed_metrics": {
        "RMSE": 0.05902999819555163,
        "MAE": 0.05902999819555163,
        "R2": 0.9671347998887735,
        "KL divergence": 0.012349255001917157,
        "KS statistic": 0.03329352660187778,
        "W2 distance": 7.93628469608317e-10,
        "Sliced Wasserstein distance": 3.0050748449553955e-10
    },
    "forecast_metrics": {
        "mse": 0.12021715193986893,
        "mae": 0.24898932874202728
    }
}