{
    "config": {
        "seed": 42,
        "dataset_name": "exchange_rate",
        "missing_rate": 0.3,
        "missing_type": "MAR",
        "completeness_rate": 0.8,
        "imputation_method": "forward",
        "forecast_model": "TimesNet"
    },
    "imputed_metrics": {
        "RMSE": 0.0020818056753687387,
        "MAE": 0.0020818056753687387,
        "R2": 0.9998222367035959,
        "KL divergence": 6.367289619994527e-05,
        "KS statistic": 0.0011324328776148905,
        "W2 distance": 8.598934218852075e-13,
        "Sliced Wasserstein distance": 3.1497487661114755e-12
    },
    "forecast_metrics": {
        "mse": 0.1055636778473854,
        "mae": 0.23551501333713531
    }
}