{
    "config": {
        "seed": 42,
        "dataset_name": "exchange_rate",
        "missing_rate": 0.2,
        "missing_type": "D-MNAR",
        "completeness_rate": 0.9,
        "imputation_method": "mean",
        "forecast_model": "TimesNet"
    },
    "imputed_metrics": {
        "RMSE": 0.022144732799938636,
        "MAE": 0.022144732799938636,
        "R2": 0.9719067204131158,
        "KL divergence": 0.005398642390036177,
        "KS statistic": 0.014000988305056828,
        "W2 distance": 9.151041758139208e-11,
        "Sliced Wasserstein distance": 1.288357890064807e-10
    },
    "forecast_metrics": {
        "mse": 0.12755484879016876,
        "mae": 0.24893727898597717
    }
}