{
    "config": {
        "seed": 42,
        "dataset_name": "exchange_rate",
        "missing_rate": 0.2,
        "missing_type": "MCAR",
        "completeness_rate": 0.7,
        "imputation_method": "forward",
        "forecast_model": "TimesNet"
    },
    "imputed_metrics": {
        "RMSE": 0.0012620790284884954,
        "MAE": 0.0012620790284884954,
        "R2": 0.9998782934246649,
        "KL divergence": 0.0034702249193895793,
        "KS statistic": 0.0011736122549827047,
        "W2 distance": 6.112539675438228e-10,
        "Sliced Wasserstein distance": 7.081875272371434e-13
    },
    "forecast_metrics": {
        "mse": 0.10509588569402695,
        "mae": 0.2349083572626114
    }
}