{
    "config": {
        "seed": 42,
        "dataset_name": "exchange_rate",
        "missing_rate": 0.5,
        "missing_type": "MCAR",
        "completeness_rate": 0.5,
        "imputation_method": "xgboost",
        "forecast_model": "TimesNet"
    },
    "imputed_metrics": {
        "RMSE": 0.1759733375521819,
        "MAE": 0.0721286084753508,
        "R2": 0.9689855194642994,
        "KL divergence": 0.008668507854811183,
        "KS statistic": 0.07408169988469775,
        "W2 distance": 6.00852508566435e-10,
        "Sliced Wasserstein distance": 1.8754008823794469e-10
    },
    "forecast_metrics": {
        "mse": 0.12637481093406677,
        "mae": 0.25350862741470337
    }
}