{
    "config": {
        "seed": 42,
        "dataset_name": "exchange_rate",
        "missing_rate": 0.8,
        "missing_type": "D-MNAR",
        "completeness_rate": 0.7,
        "imputation_method": "xgboost",
        "forecast_model": "TimesNet"
    },
    "imputed_metrics": {
        "RMSE": 0.09829577725633663,
        "MAE": 0.09829577725633663,
        "R2": 0.953160040252917,
        "KL divergence": 0.010846242788695773,
        "KS statistic": 0.11031955196837423,
        "W2 distance": 8.499303479796639e-10,
        "Sliced Wasserstein distance": 2.1312329464351308e-10
    },
    "forecast_metrics": {
        "mse": 0.14534960687160492,
        "mae": 0.27887359261512756
    }
}