{
    "config": {
        "seed": 42,
        "dataset_name": "exchange_rate",
        "missing_rate": 0.9,
        "missing_type": "MCAR",
        "completeness_rate": 0.4,
        "imputation_method": "knn",
        "forecast_model": "TimesNet"
    },
    "imputed_metrics": {
        "RMSE": 0.4474140483378222,
        "MAE": 0.2528007297894385,
        "R2": 0.7961778118565774,
        "KL divergence": 0.0513860673685382,
        "KS statistic": 0.1241352330752759,
        "W2 distance": 1.8504984411813486e-09,
        "Sliced Wasserstein distance": 6.091318864121715e-10
    },
    "forecast_metrics": {
        "mse": 0.15632441639900208,
        "mae": 0.29047635197639465
    }
}