{
    "config": {
        "seed": 42,
        "dataset_name": "exchange_rate",
        "missing_rate": 0.8,
        "missing_type": "F-MNAR",
        "completeness_rate": 0.1,
        "imputation_method": "knn",
        "forecast_model": "TimesNet"
    },
    "imputed_metrics": {
        "RMSE": 0.924977320624174,
        "MAE": 0.924977320624174,
        "R2": -0.9536881521992031,
        "KL divergence": 0.1633695902397806,
        "KS statistic": 0.38533602371932135,
        "W2 distance": 4.47647510049281e-09,
        "Sliced Wasserstein distance": 2.1631657336875367e-09
    },
    "forecast_metrics": {
        "mse": 0.08444409817457199,
        "mae": 0.21172164380550385
    }
}