{
    "config": {
        "seed": 42,
        "dataset_name": "exchange_rate",
        "missing_rate": 0.8,
        "missing_type": "MAR",
        "completeness_rate": 0.6,
        "imputation_method": "xgboost",
        "forecast_model": "TimesNet"
    },
    "imputed_metrics": {
        "RMSE": 0.2472418793079172,
        "MAE": 0.130679315260182,
        "R2": 0.9383024466142535,
        "KL divergence": 0.01554098635204788,
        "KS statistic": 0.14274831164552793,
        "W2 distance": 1.0992852738531292e-09,
        "Sliced Wasserstein distance": 2.9201333883356935e-10
    },
    "forecast_metrics": {
        "mse": 0.14334481954574585,
        "mae": 0.27645143866539
    }
}