{
    "config": {
        "seed": 42,
        "dataset_name": "exchange_rate",
        "missing_rate": 0.9,
        "missing_type": "D-MNAR",
        "completeness_rate": 0.2,
        "imputation_method": "IIM",
        "forecast_model": "TimesNet"
    },
    "imputed_metrics": {
        "RMSE": 0.9248457618737754,
        "MAE": 0.6204541383524633,
        "R2": 0.1706841050431036,
        "KL divergence": 0.1315139315355679,
        "KS statistic": 0.2690866414099819,
        "W2 distance": 4.196409092346182e-09,
        "Sliced Wasserstein distance": 2.1789267506383736e-09
    },
    "forecast_metrics": {
        "mse": 0.22122524678707123,
        "mae": 0.3383513391017914
    }
}