{
    "config": {
        "seed": 42,
        "dataset_name": "exchange_rate",
        "missing_rate": 0.4,
        "missing_type": "MAR",
        "completeness_rate": 0.2,
        "imputation_method": "xgboost",
        "forecast_model": "TimesNet"
    },
    "imputed_metrics": {
        "RMSE": 0.2286904754299538,
        "MAE": 0.10797307221932184,
        "R2": 0.9474438344225798,
        "KL divergence": 0.011744612407011901,
        "KS statistic": 0.09086229616208202,
        "W2 distance": 6.129325727091731e-10,
        "Sliced Wasserstein distance": 3.1916268195761014e-10
    },
    "forecast_metrics": {
        "mse": 0.1462530940771103,
        "mae": 0.26706796884536743
    }
}