{
    "config": {
        "seed": 42,
        "dataset_name": "exchange_rate",
        "missing_rate": 0.9,
        "missing_type": "MAR",
        "completeness_rate": 0.9,
        "imputation_method": "knn",
        "forecast_model": "TimesNet"
    },
    "imputed_metrics": {
        "RMSE": 0.008581322604478829,
        "MAE": 0.008581322604478829,
        "R2": 0.9980280200895082,
        "KL divergence": 0.0009425657780907984,
        "KS statistic": 0.003397298632844671,
        "W2 distance": 7.508672898169021e-12,
        "Sliced Wasserstein distance": 5.201962412719809e-12
    },
    "forecast_metrics": {
        "mse": 0.10742948949337006,
        "mae": 0.23559515178203583
    }
}