{
    "config": {
        "seed": 42,
        "dataset_name": "exchange_rate",
        "missing_rate": 0.9,
        "missing_type": "MAR",
        "completeness_rate": 0.8,
        "imputation_method": "forward",
        "forecast_model": "TimesNet"
    },
    "imputed_metrics": {
        "RMSE": 0.02024473180880503,
        "MAE": 0.02024473180880503,
        "R2": 0.9953822061988925,
        "KL divergence": 0.002585641612866172,
        "KS statistic": 0.012189095700873002,
        "W2 distance": 2.8048285748344805e-11,
        "Sliced Wasserstein distance": 4.663195629851681e-11
    },
    "forecast_metrics": {
        "mse": 0.1084088683128357,
        "mae": 0.2357950508594513
    }
}