{
    "config": {
        "seed": 42,
        "dataset_name": "exchange_rate",
        "missing_rate": 0.5,
        "missing_type": "D-MNAR",
        "completeness_rate": 0.4,
        "imputation_method": "xgboost",
        "forecast_model": "TimesNet"
    },
    "imputed_metrics": {
        "RMSE": 0.09320124810601035,
        "MAE": 0.09320124810601035,
        "R2": 0.9595348358489448,
        "KL divergence": 0.012526277595636456,
        "KS statistic": 0.10148657552297809,
        "W2 distance": 5.879198612401426e-10,
        "Sliced Wasserstein distance": 3.1490054919743715e-10
    },
    "forecast_metrics": {
        "mse": 0.1282077431678772,
        "mae": 0.2583038806915283
    }
}