{
    "config": {
        "seed": 42,
        "dataset_name": "exchange_rate",
        "missing_rate": 0.2,
        "missing_type": "MAR",
        "completeness_rate": 0.6,
        "imputation_method": "xgboost",
        "forecast_model": "TimesNet"
    },
    "imputed_metrics": {
        "RMSE": 0.030371935240687545,
        "MAE": 0.030371935240687545,
        "R2": 0.9866106000643876,
        "KL divergence": 0.004578952764909288,
        "KS statistic": 0.03924394663152693,
        "W2 distance": 1.8407908822124751e-10,
        "Sliced Wasserstein distance": 6.316129402559349e-11
    },
    "forecast_metrics": {
        "mse": 0.11430540680885315,
        "mae": 0.24186432361602783
    }
}