{
    "config": {
        "seed": 42,
        "dataset_name": "exchange_rate",
        "missing_rate": 0.4,
        "missing_type": "MAR",
        "completeness_rate": 0.9,
        "imputation_method": "knn",
        "forecast_model": "TimesNet"
    },
    "imputed_metrics": {
        "RMSE": 0.01379800695133321,
        "MAE": 0.002136785755917643,
        "R2": 0.9998061503836908,
        "KL divergence": 6.877060890523792e-05,
        "KS statistic": 0.0010912535002470763,
        "W2 distance": 5.707763459034249e-13,
        "Sliced Wasserstein distance": 6.6960683532985e-13
    },
    "forecast_metrics": {
        "mse": 0.1058344617486,
        "mae": 0.23558495938777924
    }
}