{
    "config": {
        "seed": 42,
        "dataset_name": "exchange_rate",
        "missing_rate": 0.6,
        "missing_type": "F-MNAR",
        "completeness_rate": 0.6,
        "imputation_method": "IIM",
        "forecast_model": "TimesNet"
    },
    "imputed_metrics": {
        "RMSE": 0.3491912788744231,
        "MAE": 0.12692895841239782,
        "R2": 0.8879390291338712,
        "KL divergence": 0.028612357590813483,
        "KS statistic": 0.09143880744523143,
        "W2 distance": 8.256291705700936e-10,
        "Sliced Wasserstein distance": 2.7345424421710267e-10
    },
    "forecast_metrics": {
        "mse": 0.14241664111614227,
        "mae": 0.26645970344543457
    }
}