{
    "config": {
        "seed": 42,
        "dataset_name": "exchange_rate",
        "missing_rate": 0.9,
        "missing_type": "F-MNAR",
        "completeness_rate": 0.2,
        "imputation_method": "forward",
        "forecast_model": "TimesNet"
    },
    "imputed_metrics": {
        "RMSE": 0.11815192402521181,
        "MAE": 0.06295009092534012,
        "R2": 0.9846990226172927,
        "KL divergence": 0.022830784067532965,
        "KS statistic": 0.03201696590347554,
        "W2 distance": 7.4579826157321e-10,
        "Sliced Wasserstein distance": 5.611128996338892e-11
    },
    "forecast_metrics": {
        "mse": 0.1062920019030571,
        "mae": 0.2367429882287979
    }
}