{
    "config": {
        "seed": 42,
        "dataset_name": "exchange_rate",
        "missing_rate": 0.5,
        "missing_type": "F-MNAR",
        "completeness_rate": 0.5,
        "imputation_method": "xgboost",
        "forecast_model": "TimesNet"
    },
    "imputed_metrics": {
        "RMSE": 0.07417289439820465,
        "MAE": 0.07417289439820465,
        "R2": 0.9685878088694384,
        "KL divergence": 0.010830108512749539,
        "KS statistic": 0.08985340141657058,
        "W2 distance": 3.2044364927854125e-10,
        "Sliced Wasserstein distance": 1.8429047823751147e-10
    },
    "forecast_metrics": {
        "mse": 0.13140584528446198,
        "mae": 0.2559908330440521
    }
}