{
    "config": {
        "seed": 42,
        "dataset_name": "exchange_rate",
        "missing_rate": 0.6,
        "missing_type": "MCAR",
        "completeness_rate": 0.2,
        "imputation_method": "IIM",
        "forecast_model": "TimesNet"
    },
    "imputed_metrics": {
        "RMSE": 0.36279328628360535,
        "MAE": 0.36279328628360535,
        "R2": 0.6132671253429776,
        "KL divergence": 0.07782968711679134,
        "KS statistic": 0.1850189425135892,
        "W2 distance": 2.5075739113347578e-09,
        "Sliced Wasserstein distance": 1.2013480062214295e-09
    },
    "forecast_metrics": {
        "mse": 0.2521572411060333,
        "mae": 0.36144784092903137
    }
}