{
    "config": {
        "seed": 42,
        "dataset_name": "exchange_rate",
        "missing_rate": 0.1,
        "missing_type": "MCAR",
        "completeness_rate": 0.2,
        "imputation_method": "xgboost",
        "forecast_model": "TimesNet"
    },
    "imputed_metrics": {
        "RMSE": 0.025554939746982575,
        "MAE": 0.025554939746982575,
        "R2": 0.9885496483135138,
        "KL divergence": 0.0025673341930284787,
        "KS statistic": 0.020774995882062268,
        "W2 distance": 5.661547979756399e-11,
        "Sliced Wasserstein distance": 1.0198807130527371e-10
    },
    "forecast_metrics": {
        "mse": 0.10971908271312714,
        "mae": 0.23707428574562073
    }
}