{
    "config": {
        "seed": 42,
        "dataset_name": "exchange_rate",
        "missing_rate": 0.5,
        "missing_type": "MCAR",
        "completeness_rate": 0.8,
        "imputation_method": "forward",
        "forecast_model": "TimesNet"
    },
    "imputed_metrics": {
        "RMSE": 0.0036846363881631854,
        "MAE": 0.0036846363881631854,
        "R2": 0.9997194041564026,
        "KL divergence": 0.00010356153796518961,
        "KS statistic": 0.0009883050568275408,
        "W2 distance": 6.505414950380697e-13,
        "Sliced Wasserstein distance": 3.814666661573629e-12
    },
    "forecast_metrics": {
        "mse": 0.10516463965177536,
        "mae": 0.23493055999279022
    }
}