{
    "config": {
        "seed": 42,
        "dataset_name": "exchange_rate",
        "missing_rate": 0.3,
        "missing_type": "F-MNAR",
        "completeness_rate": 0.7,
        "imputation_method": "IIM",
        "forecast_model": "TimesNet"
    },
    "imputed_metrics": {
        "RMSE": 0.06564487471812774,
        "MAE": 0.006708330268868696,
        "R2": 0.9959783606903458,
        "KL divergence": 0.000846785484824683,
        "KS statistic": 0.009244770219074288,
        "W2 distance": 2.3757867375441758e-11,
        "Sliced Wasserstein distance": 1.3379285587154799e-11
    },
    "forecast_metrics": {
        "mse": 0.10312257707118988,
        "mae": 0.23004893958568573
    }
}