{
    "config": {
        "seed": 42,
        "dataset_name": "exchange_rate",
        "missing_rate": 0.2,
        "missing_type": "MCAR",
        "completeness_rate": 0.8,
        "imputation_method": "knn",
        "forecast_model": "TimesNet"
    },
    "imputed_metrics": {
        "RMSE": 0.002535122411029926,
        "MAE": 0.002535122411029926,
        "R2": 0.9997104288486065,
        "KL divergence": 8.534987047868235e-05,
        "KS statistic": 0.001008894745511448,
        "W2 distance": 6.697180621185054e-13,
        "Sliced Wasserstein distance": 1.3427021879281687e-12
    },
    "forecast_metrics": {
        "mse": 0.10642234236001968,
        "mae": 0.2359554022550583
    }
}