{
    "config": {
        "seed": 42,
        "dataset_name": "exchange_rate",
        "missing_rate": 0.1,
        "missing_type": "MAR",
        "completeness_rate": 0.6,
        "imputation_method": "forward",
        "forecast_model": "TimesNet"
    },
    "imputed_metrics": {
        "RMSE": 0.0009335630813834446,
        "MAE": 0.0009335630813834446,
        "R2": 0.9999095121297292,
        "KL divergence": 3.148637998748687e-05,
        "KS statistic": 0.0008853566134080053,
        "W2 distance": 2.982503091556949e-12,
        "Sliced Wasserstein distance": 4.358687232028476e-13
    },
    "forecast_metrics": {
        "mse": 0.10560920834541321,
        "mae": 0.23525014519691467
    }
}