{
    "config": {
        "seed": 42,
        "dataset_name": "exchange_rate",
        "missing_rate": 0.3,
        "missing_type": "MCAR",
        "completeness_rate": 0.5,
        "imputation_method": "forward",
        "forecast_model": "TimesNet"
    },
    "imputed_metrics": {
        "RMSE": 0.020497366364273416,
        "MAE": 0.002996111566318034,
        "R2": 0.9995722122400267,
        "KL divergence": 0.0005014523352212224,
        "KS statistic": 0.001482457585241311,
        "W2 distance": 5.938962033271104e-13,
        "Sliced Wasserstein distance": 1.8384472427464986e-12
    },
    "forecast_metrics": {
        "mse": 0.10581102967262268,
        "mae": 0.23590043187141418
    }
}