{
    "config": {
        "seed": 42,
        "dataset_name": "exchange_rate",
        "missing_rate": 0.1,
        "missing_type": "F-MNAR",
        "completeness_rate": 0.2,
        "imputation_method": "xgboost",
        "forecast_model": "TimesNet"
    },
    "imputed_metrics": {
        "RMSE": 0.11176823276117338,
        "MAE": 0.027108725996792232,
        "R2": 0.9871149763339342,
        "KL divergence": 0.003111039650893875,
        "KS statistic": 0.028907922912205567,
        "W2 distance": 7.951961446896289e-11,
        "Sliced Wasserstein distance": 6.699509889000842e-11
    },
    "forecast_metrics": {
        "mse": 0.11177785694599152,
        "mae": 0.23816339671611786
    }
}