{
    "config": {
        "seed": 42,
        "dataset_name": "exchange_rate",
        "missing_rate": 0.4,
        "missing_type": "MCAR",
        "completeness_rate": 0.9,
        "imputation_method": "IIM",
        "forecast_model": "TimesNet"
    },
    "imputed_metrics": {
        "RMSE": 0.0008285678333113685,
        "MAE": 0.0008285678333113685,
        "R2": 0.9999590759341628,
        "KL divergence": 1.335313950153728e-05,
        "KS statistic": 0.0004529731510459562,
        "W2 distance": 3.056400246102793e-13,
        "Sliced Wasserstein distance": 9.244522075022016e-13
    },
    "forecast_metrics": {
        "mse": 0.10539459437131882,
        "mae": 0.2352430671453476
    }
}