{
    "config": {
        "seed": 42,
        "dataset_name": "exchange_rate",
        "missing_rate": 0.8,
        "missing_type": "MCAR",
        "completeness_rate": 0.3,
        "imputation_method": "forward",
        "forecast_model": "TimesNet"
    },
    "imputed_metrics": {
        "RMSE": 0.026737898136596376,
        "MAE": 0.026737898136596376,
        "R2": 0.9961218330176624,
        "KL divergence": 0.001202656972352974,
        "KS statistic": 0.009491846483281172,
        "W2 distance": 8.947736088035478e-12,
        "Sliced Wasserstein distance": 2.6065145622438146e-11
    },
    "forecast_metrics": {
        "mse": 0.10405084490776062,
        "mae": 0.23150038719177246
    }
}