{
    "config": {
        "seed": 42,
        "dataset_name": "exchange_rate",
        "missing_rate": 0.8,
        "missing_type": "MAR",
        "completeness_rate": 0.3,
        "imputation_method": "mean",
        "forecast_model": "TimesNet"
    },
    "imputed_metrics": {
        "RMSE": 0.48937388591682524,
        "MAE": 0.48937388591682524,
        "R2": 0.40878110933447886,
        "KL divergence": 0.11529602307510459,
        "KS statistic": 0.36797891615878764,
        "W2 distance": 7.449811634246678e-09,
        "Sliced Wasserstein distance": 3.0839864098236035e-09
    },
    "forecast_metrics": {
        "mse": 0.5334917306900024,
        "mae": 0.5051057934761047
    }
}