{
    "config": {
        "seed": 42,
        "dataset_name": "exchange_rate",
        "missing_rate": 0.2,
        "missing_type": "F-MNAR",
        "completeness_rate": 0.3,
        "imputation_method": "xgboost",
        "forecast_model": "TimesNet"
    },
    "imputed_metrics": {
        "RMSE": 0.13900154131076162,
        "MAE": 0.044222081209684835,
        "R2": 0.9806707962194422,
        "KL divergence": 0.007553063185391725,
        "KS statistic": 0.05077417229451492,
        "W2 distance": 2.1792644209747516e-10,
        "Sliced Wasserstein distance": 1.1813771380217984e-10
    },
    "forecast_metrics": {
        "mse": 0.12362600862979889,
        "mae": 0.24890857934951782
    }
}