{
    "config": {
        "seed": 42,
        "dataset_name": "exchange_rate",
        "missing_rate": 0.1,
        "missing_type": "MAR",
        "completeness_rate": 0.6,
        "imputation_method": "mean",
        "forecast_model": "TimesNet"
    },
    "imputed_metrics": {
        "RMSE": 0.041891286206063465,
        "MAE": 0.041891286206063465,
        "R2": 0.9496758815904528,
        "KL divergence": 0.012891274497142492,
        "KS statistic": 0.03506423982869379,
        "W2 distance": 1.9769253020086827e-10,
        "Sliced Wasserstein distance": 3.3357433263694175e-10
    },
    "forecast_metrics": {
        "mse": 0.10571134090423584,
        "mae": 0.2331238090991974
    }
}