{
    "config": {
        "seed": 42,
        "dataset_name": "exchange_rate",
        "missing_rate": 0.6,
        "missing_type": "MAR",
        "completeness_rate": 0.2,
        "imputation_method": "mean",
        "forecast_model": "TimesNet"
    },
    "imputed_metrics": {
        "RMSE": 0.4226650080178494,
        "MAE": 0.4226650080178494,
        "R2": 0.4787307934506123,
        "KL divergence": 0.09683395250415469,
        "KS statistic": 0.32064322187448524,
        "W2 distance": 4.872635880865078e-09,
        "Sliced Wasserstein distance": 2.067995211328406e-09
    },
    "forecast_metrics": {
        "mse": 0.3284967541694641,
        "mae": 0.3989492654800415
    }
}