{
    "config": {
        "seed": 42,
        "dataset_name": "exchange_rate",
        "missing_rate": 0.2,
        "missing_type": "MAR",
        "completeness_rate": 0.2,
        "imputation_method": "mean",
        "forecast_model": "TimesNet"
    },
    "imputed_metrics": {
        "RMSE": 0.4159461411565938,
        "MAE": 0.1392881234462386,
        "R2": 0.8238403551347955,
        "KL divergence": 0.03356847001393855,
        "KS statistic": 0.10362790314610444,
        "W2 distance": 6.462804322248895e-10,
        "Sliced Wasserstein distance": 8.241897466853321e-10
    },
    "forecast_metrics": {
        "mse": 0.14769615232944489,
        "mae": 0.2712635397911072
    }
}