{
    "config": {
        "seed": 42,
        "dataset_name": "exchange_rate",
        "missing_rate": 0.4,
        "missing_type": "F-MNAR",
        "completeness_rate": 0.4,
        "imputation_method": "forward",
        "forecast_model": "TimesNet"
    },
    "imputed_metrics": {
        "RMSE": 0.024323064679375124,
        "MAE": 0.006736448441813735,
        "R2": 0.999397622396605,
        "KL divergence": 0.00023166558274447454,
        "KS statistic": 0.003417888321528579,
        "W2 distance": 1.3509574223079012e-12,
        "Sliced Wasserstein distance": 6.859892258669753e-12
    },
    "forecast_metrics": {
        "mse": 0.10347744077444077,
        "mae": 0.23223990201950073
    }
}