{
    "config": {
        "seed": 42,
        "dataset_name": "exchange_rate",
        "missing_rate": 0.7,
        "missing_type": "D-MNAR",
        "completeness_rate": 0.6,
        "imputation_method": "knn",
        "forecast_model": "TimesNet"
    },
    "imputed_metrics": {
        "RMSE": 0.4787918546506626,
        "MAE": 0.20340186310669417,
        "R2": 0.7665866273859132,
        "KL divergence": 0.05439011029497479,
        "KS statistic": 0.1722945149069346,
        "W2 distance": 2.827692623119986e-09,
        "Sliced Wasserstein distance": 9.164652829221609e-10
    },
    "forecast_metrics": {
        "mse": 0.15451247990131378,
        "mae": 0.2848798632621765
    }
}