{
    "config": {
        "seed": 42,
        "dataset_name": "exchange_rate",
        "missing_rate": 0.3,
        "missing_type": "D-MNAR",
        "completeness_rate": 0.6,
        "imputation_method": "forward",
        "forecast_model": "TimesNet"
    },
    "imputed_metrics": {
        "RMSE": 0.023974028227642698,
        "MAE": 0.0032598092958702712,
        "R2": 0.999414786613841,
        "KL divergence": 0.00016604098737454202,
        "KS statistic": 0.0020383791797068027,
        "W2 distance": 1.3489621615801612e-12,
        "Sliced Wasserstein distance": 1.0304433680588056e-11
    },
    "forecast_metrics": {
        "mse": 0.10388375073671341,
        "mae": 0.23405702412128448
    }
}