{
    "config": {
        "seed": 42,
        "dataset_name": "exchange_rate",
        "missing_rate": 0.4,
        "missing_type": "MAR",
        "completeness_rate": 0.9,
        "imputation_method": "mean",
        "forecast_model": "TimesNet"
    },
    "imputed_metrics": {
        "RMSE": 0.04072097628071246,
        "MAE": 0.04072097628071246,
        "R2": 0.951382381017068,
        "KL divergence": 0.010141734501763111,
        "KS statistic": 0.025963597430406854,
        "W2 distance": 2.713297639823564e-10,
        "Sliced Wasserstein distance": 2.1290371774922993e-10
    },
    "forecast_metrics": {
        "mse": 0.13793066143989563,
        "mae": 0.25806570053100586
    }
}