{
    "config": {
        "seed": 42,
        "dataset_name": "exchange_rate",
        "missing_rate": 0.9,
        "missing_type": "MAR",
        "completeness_rate": 0.8,
        "imputation_method": "xgboost",
        "forecast_model": "TimesNet"
    },
    "imputed_metrics": {
        "RMSE": 0.06503412828741442,
        "MAE": 0.06503412828741442,
        "R2": 0.971069504393032,
        "KL divergence": 0.0074205846367932544,
        "KS statistic": 0.055056827540767586,
        "W2 distance": 5.000439056645685e-10,
        "Sliced Wasserstein distance": 1.4029024190847827e-10
    },
    "forecast_metrics": {
        "mse": 0.14673511683940887,
        "mae": 0.2717367708683014
    }
}