{
    "config": {
        "seed": 42,
        "dataset_name": "exchange_rate",
        "missing_rate": 0.6,
        "missing_type": "D-MNAR",
        "completeness_rate": 0.1,
        "imputation_method": "xgboost",
        "forecast_model": "TimesNet"
    },
    "imputed_metrics": {
        "RMSE": 0.1713405922325047,
        "MAE": 0.1713405922325047,
        "R2": 0.9148816165839312,
        "KL divergence": 0.018221879024407157,
        "KS statistic": 0.15100477680777466,
        "W2 distance": 8.704696932710204e-10,
        "Sliced Wasserstein distance": 4.5137862733366523e-10
    },
    "forecast_metrics": {
        "mse": 0.15651541948318481,
        "mae": 0.28132522106170654
    }
}