{
    "config": {
        "seed": 42,
        "dataset_name": "exchange_rate",
        "missing_rate": 0.5,
        "missing_type": "F-MNAR",
        "completeness_rate": 0.3,
        "imputation_method": "mean",
        "forecast_model": "TimesNet"
    },
    "imputed_metrics": {
        "RMSE": 0.6087496029543614,
        "MAE": 0.3109490205761917,
        "R2": 0.6226801884594838,
        "KL divergence": 0.07552231439497901,
        "KS statistic": 0.25391204084994234,
        "W2 distance": 2.9679896389549225e-09,
        "Sliced Wasserstein distance": 1.5615170668381705e-09
    },
    "forecast_metrics": {
        "mse": 0.19668114185333252,
        "mae": 0.3217000663280487
    }
}