{
    "config": {
        "seed": 42,
        "dataset_name": "exchange_rate",
        "missing_rate": 0.8,
        "missing_type": "F-MNAR",
        "completeness_rate": 0.2,
        "imputation_method": "mean",
        "forecast_model": "TimesNet"
    },
    "imputed_metrics": {
        "RMSE": 0.882252411433716,
        "MAE": 0.6152008261910205,
        "R2": 0.20252984875756974,
        "KL divergence": 0.13116015532731562,
        "KS statistic": 0.4803986163729205,
        "W2 distance": 8.86363853623129e-09,
        "Sliced Wasserstein distance": 3.2212342390754614e-09
    },
    "forecast_metrics": {
        "mse": 0.8403432965278625,
        "mae": 0.606532096862793
    }
}