{
    "config": {
        "seed": 42,
        "dataset_name": "exchange_rate",
        "missing_rate": 0.6,
        "missing_type": "F-MNAR",
        "completeness_rate": 0.5,
        "imputation_method": "xgboost",
        "forecast_model": "TimesNet"
    },
    "imputed_metrics": {
        "RMSE": 0.1979554517083242,
        "MAE": 0.09253452034137029,
        "R2": 0.9593791800368531,
        "KL divergence": 0.012719654197394467,
        "KS statistic": 0.10587217921265031,
        "W2 distance": 5.201398503906677e-10,
        "Sliced Wasserstein distance": 1.8365570228175796e-10
    },
    "forecast_metrics": {
        "mse": 0.13507182896137238,
        "mae": 0.26345717906951904
    }
}