{
    "config": {
        "seed": 42,
        "dataset_name": "exchange_rate",
        "missing_rate": 0.7,
        "missing_type": "F-MNAR",
        "completeness_rate": 0.3,
        "imputation_method": "forward",
        "forecast_model": "TimesNet"
    },
    "imputed_metrics": {
        "RMSE": 0.021873820963154045,
        "MAE": 0.021873820963154045,
        "R2": 0.9967566719865857,
        "KL divergence": 0.00677645701497517,
        "KS statistic": 0.010315434030637456,
        "W2 distance": 6.467863569123721e-10,
        "Sliced Wasserstein distance": 9.6802517022346e-12
    },
    "forecast_metrics": {
        "mse": 0.10461399704217911,
        "mae": 0.23330196738243103
    }
}