{
    "config": {
        "seed": 42,
        "dataset_name": "exchange_rate",
        "missing_rate": 0.8,
        "missing_type": "D-MNAR",
        "completeness_rate": 0.1,
        "imputation_method": "IIM",
        "forecast_model": "TimesNet"
    },
    "imputed_metrics": {
        "RMSE": 0.8076504088023212,
        "MAE": 0.5338930500368266,
        "R2": 0.34578689446363564,
        "KL divergence": 0.11260214854591703,
        "KS statistic": 0.263074452314281,
        "W2 distance": 4.808475983681793e-09,
        "Sliced Wasserstein distance": 2.371135059382671e-09
    },
    "forecast_metrics": {
        "mse": 0.25594794750213623,
        "mae": 0.3605702519416809
    }
}