{
    "config": {
        "seed": 42,
        "dataset_name": "exchange_rate",
        "missing_rate": 0.6,
        "missing_type": "F-MNAR",
        "completeness_rate": 0.7,
        "imputation_method": "forward",
        "forecast_model": "TimesNet"
    },
    "imputed_metrics": {
        "RMSE": 0.00647449268884448,
        "MAE": 0.00647449268884448,
        "R2": 0.9992916756094635,
        "KL divergence": 0.0009619927303039808,
        "KS statistic": 0.004467962444407841,
        "W2 distance": 4.2193647912932676e-12,
        "Sliced Wasserstein distance": 4.615671883313616e-12
    },
    "forecast_metrics": {
        "mse": 0.1049358919262886,
        "mae": 0.23441986739635468
    }
}