{
    "config": {
        "seed": 42,
        "dataset_name": "exchange_rate",
        "missing_rate": 0.6,
        "missing_type": "MCAR",
        "completeness_rate": 0.4,
        "imputation_method": "knn",
        "forecast_model": "TimesNet"
    },
    "imputed_metrics": {
        "RMSE": 0.14636095276204472,
        "MAE": 0.14636095276204472,
        "R2": 0.8816042756246885,
        "KL divergence": 0.029350347598846176,
        "KS statistic": 0.06545462032614068,
        "W2 distance": 6.124549271754045e-10,
        "Sliced Wasserstein distance": 3.8767622827559964e-10
    },
    "forecast_metrics": {
        "mse": 0.1443721354007721,
        "mae": 0.2750702500343323
    }
}