{
    "config": {
        "seed": 42,
        "dataset_name": "exchange_rate",
        "missing_rate": 0.3,
        "missing_type": "MAR",
        "completeness_rate": 0.6,
        "imputation_method": "xgboost",
        "forecast_model": "TimesNet"
    },
    "imputed_metrics": {
        "RMSE": 0.047261752374196345,
        "MAE": 0.047261752374196345,
        "R2": 0.9787902601835529,
        "KL divergence": 0.008351334282415603,
        "KS statistic": 0.059195354966232905,
        "W2 distance": 2.3805495263312015e-10,
        "Sliced Wasserstein distance": 8.947237689051732e-11
    },
    "forecast_metrics": {
        "mse": 0.11982859671115875,
        "mae": 0.24781440198421478
    }
}