{
    "config": {
        "seed": 42,
        "dataset_name": "exchange_rate",
        "missing_rate": 0.5,
        "missing_type": "D-MNAR",
        "completeness_rate": 0.6,
        "imputation_method": "forward",
        "forecast_model": "TimesNet"
    },
    "imputed_metrics": {
        "RMSE": 0.03216502299189845,
        "MAE": 0.006593850265263307,
        "R2": 0.998946583881527,
        "KL divergence": 0.0011784922165965933,
        "KS statistic": 0.004159117114149234,
        "W2 distance": 3.218618843691244e-12,
        "Sliced Wasserstein distance": 1.291789708719513e-11
    },
    "forecast_metrics": {
        "mse": 0.10432395339012146,
        "mae": 0.23372656106948853
    }
}