{
    "config": {
        "seed": 42,
        "dataset_name": "exchange_rate",
        "missing_rate": 0.4,
        "missing_type": "MAR",
        "completeness_rate": 0.1,
        "imputation_method": "knn",
        "forecast_model": "TimesNet"
    },
    "imputed_metrics": {
        "RMSE": 0.2041846176264529,
        "MAE": 0.2041846176264529,
        "R2": 0.7619797502166675,
        "KL divergence": 0.05638827419759401,
        "KS statistic": 0.05378026684236535,
        "W2 distance": 4.5456297076216703e-10,
        "Sliced Wasserstein distance": 7.899505536180804e-10
    },
    "forecast_metrics": {
        "mse": 0.13381245732307434,
        "mae": 0.2568068504333496
    }
}