{
    "config": {
        "seed": 42,
        "dataset_name": "exchange_rate",
        "missing_rate": 0.8,
        "missing_type": "D-MNAR",
        "completeness_rate": 0.4,
        "imputation_method": "knn",
        "forecast_model": "TimesNet"
    },
    "imputed_metrics": {
        "RMSE": 0.2535931221374791,
        "MAE": 0.2535931221374791,
        "R2": 0.7622616270343088,
        "KL divergence": 0.05564338966612842,
        "KS statistic": 0.11713473892274749,
        "W2 distance": 1.3851446507228937e-09,
        "Sliced Wasserstein distance": 6.482661565909232e-10
    },
    "forecast_metrics": {
        "mse": 0.11392384022474289,
        "mae": 0.2466583251953125
    }
}