{
    "config": {
        "seed": 42,
        "dataset_name": "exchange_rate",
        "missing_rate": 0.3,
        "missing_type": "D-MNAR",
        "completeness_rate": 0.9,
        "imputation_method": "IIM",
        "forecast_model": "TimesNet"
    },
    "imputed_metrics": {
        "RMSE": 0.000662511260864598,
        "MAE": 0.000662511260864598,
        "R2": 0.9999568479169307,
        "KL divergence": 1.1367193399109991e-05,
        "KS statistic": 0.0003706143963103278,
        "W2 distance": 3.319793970233804e-13,
        "Sliced Wasserstein distance": 3.08829723680023e-13
    },
    "forecast_metrics": {
        "mse": 0.10539770126342773,
        "mae": 0.23521195352077484
    }
}