{
    "config": {
        "seed": 42,
        "dataset_name": "exchange_rate",
        "missing_rate": 0.2,
        "missing_type": "MAR",
        "completeness_rate": 0.5,
        "imputation_method": "xgboost",
        "forecast_model": "TimesNet"
    },
    "imputed_metrics": {
        "RMSE": 0.030271977859156734,
        "MAE": 0.030271977859156734,
        "R2": 0.9866921110019279,
        "KL divergence": 0.0045686869107760715,
        "KS statistic": 0.039367484763630375,
        "W2 distance": 1.806291884474404e-10,
        "Sliced Wasserstein distance": 6.336477480275282e-11
    },
    "forecast_metrics": {
        "mse": 0.11468209326267242,
        "mae": 0.24216417968273163
    }
}