{
    "config": {
        "seed": 42,
        "dataset_name": "exchange_rate",
        "missing_rate": 0.2,
        "missing_type": "MAR",
        "completeness_rate": 0.8,
        "imputation_method": "mean",
        "forecast_model": "TimesNet"
    },
    "imputed_metrics": {
        "RMSE": 0.036425593338917456,
        "MAE": 0.036425593338917456,
        "R2": 0.9624058035387791,
        "KL divergence": 0.00900450254519402,
        "KS statistic": 0.030472739252182506,
        "W2 distance": 1.3793698079029878e-10,
        "Sliced Wasserstein distance": 3.444973911867509e-10
    },
    "forecast_metrics": {
        "mse": 0.11904628574848175,
        "mae": 0.24888889491558075
    }
}