{
    "config": {
        "seed": 42,
        "dataset_name": "exchange_rate",
        "missing_rate": 0.4,
        "missing_type": "D-MNAR",
        "completeness_rate": 0.3,
        "imputation_method": "knn",
        "forecast_model": "TimesNet"
    },
    "imputed_metrics": {
        "RMSE": 0.3095260924700872,
        "MAE": 0.12367812003069258,
        "R2": 0.9024501160333048,
        "KL divergence": 0.022783556866333318,
        "KS statistic": 0.07663482128150222,
        "W2 distance": 4.84665214163211e-10,
        "Sliced Wasserstein distance": 3.9188193903974624e-10
    },
    "forecast_metrics": {
        "mse": 0.12738658487796783,
        "mae": 0.25817131996154785
    }
}