{
    "config": {
        "seed": 42,
        "dataset_name": "exchange_rate",
        "missing_rate": 0.1,
        "missing_type": "D-MNAR",
        "completeness_rate": 0.3,
        "imputation_method": "knn",
        "forecast_model": "TimesNet"
    },
    "imputed_metrics": {
        "RMSE": 0.018153008910522905,
        "MAE": 0.018153008910522905,
        "R2": 0.990770542323015,
        "KL divergence": 0.002214433365515321,
        "KS statistic": 0.010953714379838575,
        "W2 distance": 3.195392703951127e-11,
        "Sliced Wasserstein distance": 4.523274814467932e-11
    },
    "forecast_metrics": {
        "mse": 0.11101295053958893,
        "mae": 0.23623450100421906
    }
}