{
    "config": {
        "seed": 42,
        "dataset_name": "exchange_rate",
        "missing_rate": 0.6,
        "missing_type": "F-MNAR",
        "completeness_rate": 0.4,
        "imputation_method": "IIM",
        "forecast_model": "TimesNet"
    },
    "imputed_metrics": {
        "RMSE": 0.375124829654914,
        "MAE": 0.153812614150656,
        "R2": 0.871482681323559,
        "KL divergence": 0.037331613650139275,
        "KS statistic": 0.08493246582111678,
        "W2 distance": 2.7780588528134794e-09,
        "Sliced Wasserstein distance": 4.863451532266727e-10
    },
    "forecast_metrics": {
        "mse": 0.1229705736041069,
        "mae": 0.25160592794418335
    }
}