{
    "config": {
        "seed": 42,
        "dataset_name": "exchange_rate",
        "missing_rate": 0.8,
        "missing_type": "F-MNAR",
        "completeness_rate": 0.7,
        "imputation_method": "IIM",
        "forecast_model": "TimesNet"
    },
    "imputed_metrics": {
        "RMSE": 0.39698046008608806,
        "MAE": 0.12343805851224264,
        "R2": 0.8434806850040043,
        "KL divergence": 0.04631650585245334,
        "KS statistic": 0.0829558557074617,
        "W2 distance": 1.7257020942049563e-09,
        "Sliced Wasserstein distance": 7.270070344565334e-10
    },
    "forecast_metrics": {
        "mse": 0.12469533830881119,
        "mae": 0.2582297921180725
    }
}