{
    "config": {
        "seed": 42,
        "dataset_name": "exchange_rate",
        "missing_rate": 0.7,
        "missing_type": "MAR",
        "completeness_rate": 0.5,
        "imputation_method": "knn",
        "forecast_model": "TimesNet"
    },
    "imputed_metrics": {
        "RMSE": 0.47697943712189245,
        "MAE": 0.19750332157794254,
        "R2": 0.768350407583376,
        "KL divergence": 0.06489497011756336,
        "KS statistic": 0.1594877285455444,
        "W2 distance": 1.501544862659819e-09,
        "Sliced Wasserstein distance": 9.200931710757248e-10
    },
    "forecast_metrics": {
        "mse": 0.14588209986686707,
        "mae": 0.27647894620895386
    }
}