{
    "config": {
        "seed": 42,
        "dataset_name": "exchange_rate",
        "missing_rate": 0.7,
        "missing_type": "D-MNAR",
        "completeness_rate": 0.4,
        "imputation_method": "mean",
        "forecast_model": "TimesNet"
    },
    "imputed_metrics": {
        "RMSE": 0.6732615450912554,
        "MAE": 0.37202178401622427,
        "R2": 0.538470095804934,
        "KL divergence": 0.08654167879371397,
        "KS statistic": 0.31152198978751444,
        "W2 distance": 5.269654385209397e-09,
        "Sliced Wasserstein distance": 2.0895602386654543e-09
    },
    "forecast_metrics": {
        "mse": 0.2761985659599304,
        "mae": 0.36837050318717957
    }
}