{
    "config": {
        "seed": 42,
        "dataset_name": "exchange_rate",
        "missing_rate": 0.3,
        "missing_type": "F-MNAR",
        "completeness_rate": 0.4,
        "imputation_method": "knn",
        "forecast_model": "TimesNet"
    },
    "imputed_metrics": {
        "RMSE": 0.10078878538278901,
        "MAE": 0.030999592319493126,
        "R2": 0.98965675885805,
        "KL divergence": 0.0032066677589069675,
        "KS statistic": 0.024398781090429915,
        "W2 distance": 3.603447553478952e-11,
        "Sliced Wasserstein distance": 3.3077738090126966e-11
    },
    "forecast_metrics": {
        "mse": 0.11072410643100739,
        "mae": 0.23668672144412994
    }
}