{
    "config": {
        "seed": 42,
        "dataset_name": "exchange_rate",
        "missing_rate": 0.5,
        "missing_type": "D-MNAR",
        "completeness_rate": 0.3,
        "imputation_method": "knn",
        "forecast_model": "TimesNet"
    },
    "imputed_metrics": {
        "RMSE": 0.21149427152692912,
        "MAE": 0.21149427152692912,
        "R2": 0.7750968639727225,
        "KL divergence": 0.043765660977058245,
        "KS statistic": 0.11299621149728217,
        "W2 distance": 8.688186607789365e-10,
        "Sliced Wasserstein distance": 9.114784692999868e-10
    },
    "forecast_metrics": {
        "mse": 0.13331642746925354,
        "mae": 0.26047465205192566
    }
}