{
    "config": {
        "seed": 42,
        "dataset_name": "exchange_rate",
        "missing_rate": 0.1,
        "missing_type": "F-MNAR",
        "completeness_rate": 0.7,
        "imputation_method": "knn",
        "forecast_model": "TimesNet"
    },
    "imputed_metrics": {
        "RMSE": 0.015260544565874444,
        "MAE": 0.001807433668437666,
        "R2": 0.9997628777594497,
        "KL divergence": 5.870698684755042e-05,
        "KS statistic": 0.0021413276231263384,
        "W2 distance": 4.243470243460216e-12,
        "Sliced Wasserstein distance": 1.2754574386438198e-12
    },
    "forecast_metrics": {
        "mse": 0.10469255596399307,
        "mae": 0.23453263938426971
    }
}