{
    "config": {
        "seed": 42,
        "dataset_name": "exchange_rate",
        "missing_rate": 0.6,
        "missing_type": "MAR",
        "completeness_rate": 0.6,
        "imputation_method": "IIM",
        "forecast_model": "TimesNet"
    },
    "imputed_metrics": {
        "RMSE": 0.31497743915831633,
        "MAE": 0.12845019214045852,
        "R2": 0.8901738900181404,
        "KL divergence": 0.030297123576256746,
        "KS statistic": 0.09679212650304728,
        "W2 distance": 8.507647633741966e-10,
        "Sliced Wasserstein distance": 2.538663846089908e-10
    },
    "forecast_metrics": {
        "mse": 0.1256585568189621,
        "mae": 0.25659704208374023
    }
}