{
    "config": {
        "seed": 42,
        "dataset_name": "exchange_rate",
        "missing_rate": 0.2,
        "missing_type": "MCAR",
        "completeness_rate": 0.1,
        "imputation_method": "forward",
        "forecast_model": "TimesNet"
    },
    "imputed_metrics": {
        "RMSE": 0.004224362180850639,
        "MAE": 0.004224362180850639,
        "R2": 0.9996792517813199,
        "KL divergence": 0.0034263633999237235,
        "KS statistic": 0.0021413276231263384,
        "W2 distance": 6.093111320412549e-10,
        "Sliced Wasserstein distance": 1.974834808286509e-12
    },
    "forecast_metrics": {
        "mse": 0.10646478086709976,
        "mae": 0.23652248084545135
    }
}