{
    "config": {
        "seed": 42,
        "dataset_name": "exchange_rate",
        "missing_rate": 0.7,
        "missing_type": "D-MNAR",
        "completeness_rate": 0.2,
        "imputation_method": "knn",
        "forecast_model": "TimesNet"
    },
    "imputed_metrics": {
        "RMSE": 0.9057938263071416,
        "MAE": 0.5581506035545184,
        "R2": 0.1646067929052466,
        "KL divergence": 0.11366129811804487,
        "KS statistic": 0.28603195519683744,
        "W2 distance": 4.174936737495238e-09,
        "Sliced Wasserstein distance": 2.101356333748285e-09
    },
    "forecast_metrics": {
        "mse": 0.16431453824043274,
        "mae": 0.2993999123573303
    }
}