{
    "config": {
        "seed": 42,
        "dataset_name": "exchange_rate",
        "missing_rate": 0.3,
        "missing_type": "F-MNAR",
        "completeness_rate": 0.8,
        "imputation_method": "IIM",
        "forecast_model": "TimesNet"
    },
    "imputed_metrics": {
        "RMSE": 0.018143432386478617,
        "MAE": 0.00254693008605913,
        "R2": 0.999641115244042,
        "KL divergence": 5.812627959699581e-05,
        "KS statistic": 0.0015442266512930326,
        "W2 distance": 1.0201216937121725e-12,
        "Sliced Wasserstein distance": 2.3057076927909733e-12
    },
    "forecast_metrics": {
        "mse": 0.10784969478845596,
        "mae": 0.2377500832080841
    }
}