{
    "config": {
        "seed": 42,
        "dataset_name": "exchange_rate",
        "missing_rate": 0.4,
        "missing_type": "F-MNAR",
        "completeness_rate": 0.2,
        "imputation_method": "knn",
        "forecast_model": "TimesNet"
    },
    "imputed_metrics": {
        "RMSE": 0.5031272029509243,
        "MAE": 0.22459690893650902,
        "R2": 0.7422564383900294,
        "KL divergence": 0.047986736645396835,
        "KS statistic": 0.11231675177071322,
        "W2 distance": 6.213928321343289e-10,
        "Sliced Wasserstein distance": 1.1947984039163463e-09
    },
    "forecast_metrics": {
        "mse": 0.12085971236228943,
        "mae": 0.25142645835876465
    }
}