{
    "config": {
        "seed": 42,
        "dataset_name": "exchange_rate",
        "missing_rate": 0.3,
        "missing_type": "F-MNAR",
        "completeness_rate": 0.9,
        "imputation_method": "mean",
        "forecast_model": "TimesNet"
    },
    "imputed_metrics": {
        "RMSE": 0.02784240698142402,
        "MAE": 0.02784240698142402,
        "R2": 0.971492909066212,
        "KL divergence": 0.006933775837158607,
        "KS statistic": 0.0226280678636139,
        "W2 distance": 1.473918540536394e-10,
        "Sliced Wasserstein distance": 9.31469087796828e-11
    },
    "forecast_metrics": {
        "mse": 0.11601670831441879,
        "mae": 0.24585464596748352
    }
}