{
    "config": {
        "seed": 42,
        "dataset_name": "exchange_rate",
        "missing_rate": 0.6,
        "missing_type": "D-MNAR",
        "completeness_rate": 0.8,
        "imputation_method": "xgboost",
        "forecast_model": "TimesNet"
    },
    "imputed_metrics": {
        "RMSE": 0.040562577154628146,
        "MAE": 0.040562577154628146,
        "R2": 0.9846901473737458,
        "KL divergence": 0.004965334895517666,
        "KS statistic": 0.047953384944819634,
        "W2 distance": 2.1054007847180008e-10,
        "Sliced Wasserstein distance": 8.485027327270569e-11
    },
    "forecast_metrics": {
        "mse": 0.12025581300258636,
        "mae": 0.2527283728122711
    }
}