{
    "config": {
        "seed": 42,
        "dataset_name": "exchange_rate",
        "missing_rate": 0.3,
        "missing_type": "MCAR",
        "completeness_rate": 0.4,
        "imputation_method": "mean",
        "forecast_model": "TimesNet"
    },
    "imputed_metrics": {
        "RMSE": 0.14984546069401983,
        "MAE": 0.14984546069401983,
        "R2": 0.8241814153288698,
        "KL divergence": 0.03820371539900764,
        "KS statistic": 0.10309257124032284,
        "W2 distance": 9.955322313199031e-10,
        "Sliced Wasserstein distance": 8.188124688329117e-10
    },
    "forecast_metrics": {
        "mse": 0.14337264001369476,
        "mae": 0.27577999234199524
    }
}