{
    "config": {
        "seed": 42,
        "dataset_name": "exchange_rate",
        "missing_rate": 0.9,
        "missing_type": "MAR",
        "completeness_rate": 0.2,
        "imputation_method": "xgboost",
        "forecast_model": "TimesNet"
    },
    "imputed_metrics": {
        "RMSE": 0.2707518844892708,
        "MAE": 0.2707518844892708,
        "R2": 0.8521810265345278,
        "KL divergence": 0.031050803576157904,
        "KS statistic": 0.20787349695272608,
        "W2 distance": 2.4001855188425262e-09,
        "Sliced Wasserstein distance": 6.738438563515149e-10
    },
    "forecast_metrics": {
        "mse": 0.24863888323307037,
        "mae": 0.3537867069244385
    }
}