{
    "config": {
        "seed": 42,
        "dataset_name": "exchange_rate",
        "missing_rate": 0.4,
        "missing_type": "MCAR",
        "completeness_rate": 0.7,
        "imputation_method": "mean",
        "forecast_model": "TimesNet"
    },
    "imputed_metrics": {
        "RMSE": 0.36326515252958264,
        "MAE": 0.11541443516896674,
        "R2": 0.8656369962205768,
        "KL divergence": 0.03571110123485078,
        "KS statistic": 0.08721792126503047,
        "W2 distance": 1.0696440739224706e-09,
        "Sliced Wasserstein distance": 6.126055050840586e-10
    },
    "forecast_metrics": {
        "mse": 0.14223286509513855,
        "mae": 0.27201759815216064
    }
}