{
    "config": {
        "seed": 42,
        "dataset_name": "exchange_rate",
        "missing_rate": 0.2,
        "missing_type": "F-MNAR",
        "completeness_rate": 0.3,
        "imputation_method": "IIM",
        "forecast_model": "TimesNet"
    },
    "imputed_metrics": {
        "RMSE": 0.13048686407109725,
        "MAE": 0.030343021064327267,
        "R2": 0.9823901268172918,
        "KL divergence": 0.018203077329770882,
        "KS statistic": 0.023019271948608137,
        "W2 distance": 2.4429749704759683e-09,
        "Sliced Wasserstein distance": 3.981885185341389e-10
    },
    "forecast_metrics": {
        "mse": 0.11057443916797638,
        "mae": 0.23722966015338898
    }
}