{
    "config": {
        "seed": 42,
        "dataset_name": "exchange_rate",
        "missing_rate": 0.6,
        "missing_type": "MCAR",
        "completeness_rate": 0.9,
        "imputation_method": "xgboost",
        "forecast_model": "TimesNet"
    },
    "imputed_metrics": {
        "RMSE": 0.08899920999670596,
        "MAE": 0.020693494822461564,
        "R2": 0.9918385898828304,
        "KL divergence": 0.0022123478413054224,
        "KS statistic": 0.017068851918958985,
        "W2 distance": 1.1287236237269514e-10,
        "Sliced Wasserstein distance": 4.589830231094766e-11
    },
    "forecast_metrics": {
        "mse": 0.11596162617206573,
        "mae": 0.24514208734035492
    }
}