{
    "config": {
        "seed": 42,
        "dataset_name": "exchange_rate",
        "missing_rate": 0.8,
        "missing_type": "MCAR",
        "completeness_rate": 0.6,
        "imputation_method": "xgboost",
        "forecast_model": "TimesNet"
    },
    "imputed_metrics": {
        "RMSE": 0.23073804160796854,
        "MAE": 0.12003237251323286,
        "R2": 0.9460382029146125,
        "KL divergence": 0.013145386063283717,
        "KS statistic": 0.12065557568769561,
        "W2 distance": 8.456403430904188e-10,
        "Sliced Wasserstein distance": 3.1120627886912864e-10
    },
    "forecast_metrics": {
        "mse": 0.15045098960399628,
        "mae": 0.2782096266746521
    }
}