{
    "config": {
        "seed": 42,
        "dataset_name": "exchange_rate",
        "missing_rate": 0.8,
        "missing_type": "F-MNAR",
        "completeness_rate": 0.6,
        "imputation_method": "knn",
        "forecast_model": "TimesNet"
    },
    "imputed_metrics": {
        "RMSE": 0.23677772545741588,
        "MAE": 0.23677772545741588,
        "R2": 0.7054998843113285,
        "KL divergence": 0.05936173270694069,
        "KS statistic": 0.1255765112831494,
        "W2 distance": 1.733874006930324e-09,
        "Sliced Wasserstein distance": 6.848116203559362e-10
    },
    "forecast_metrics": {
        "mse": 0.12805698812007904,
        "mae": 0.25423142313957214
    }
}