{
    "config": {
        "seed": 42,
        "dataset_name": "exchange_rate",
        "missing_rate": 0.5,
        "missing_type": "MAR",
        "completeness_rate": 0.3,
        "imputation_method": "xgboost",
        "forecast_model": "TimesNet"
    },
    "imputed_metrics": {
        "RMSE": 0.10757538689594874,
        "MAE": 0.10757538689594874,
        "R2": 0.9516539714974529,
        "KL divergence": 0.011800935602386275,
        "KS statistic": 0.09695684401251853,
        "W2 distance": 4.1188423683349853e-10,
        "Sliced Wasserstein distance": 2.889081390741656e-10
    },
    "forecast_metrics": {
        "mse": 0.14483727514743805,
        "mae": 0.27282753586769104
    }
}