{
    "config": {
        "seed": 42,
        "dataset_name": "exchange_rate",
        "missing_rate": 0.1,
        "missing_type": "D-MNAR",
        "completeness_rate": 0.3,
        "imputation_method": "xgboost",
        "forecast_model": "TimesNet"
    },
    "imputed_metrics": {
        "RMSE": 0.023321039535890528,
        "MAE": 0.023321039535890528,
        "R2": 0.9888946926886981,
        "KL divergence": 0.0028454362177361666,
        "KS statistic": 0.02104266183495306,
        "W2 distance": 9.11783937691248e-11,
        "Sliced Wasserstein distance": 5.380583326863626e-11
    },
    "forecast_metrics": {
        "mse": 0.10757265239953995,
        "mae": 0.23374977707862854
    }
}