{
    "config": {
        "seed": 42,
        "dataset_name": "exchange_rate",
        "missing_rate": 0.7,
        "missing_type": "MCAR",
        "completeness_rate": 0.3,
        "imputation_method": "IIM",
        "forecast_model": "TimesNet"
    },
    "imputed_metrics": {
        "RMSE": 0.33783734455163683,
        "MAE": 0.33783734455163683,
        "R2": 0.5800608886587337,
        "KL divergence": 0.09177088161195454,
        "KS statistic": 0.08676494811398451,
        "W2 distance": 1.5199107845401952e-09,
        "Sliced Wasserstein distance": 1.2132276171253103e-09
    },
    "forecast_metrics": {
        "mse": 0.11652381718158722,
        "mae": 0.24695809185504913
    }
}