{
    "config": {
        "seed": 42,
        "dataset_name": "exchange_rate",
        "missing_rate": 0.6,
        "missing_type": "MCAR",
        "completeness_rate": 0.6,
        "imputation_method": "xgboost",
        "forecast_model": "TimesNet"
    },
    "imputed_metrics": {
        "RMSE": 0.08773901116858354,
        "MAE": 0.08773901116858354,
        "R2": 0.9617284917958835,
        "KL divergence": 0.010699462464257674,
        "KS statistic": 0.09032696425630045,
        "W2 distance": 8.27138504347273e-10,
        "Sliced Wasserstein distance": 2.02358939539371e-10
    },
    "forecast_metrics": {
        "mse": 0.1329393982887268,
        "mae": 0.262479305267334
    }
}