{
    "config": {
        "seed": 42,
        "dataset_name": "exchange_rate",
        "missing_rate": 0.7,
        "missing_type": "D-MNAR",
        "completeness_rate": 0.3,
        "imputation_method": "mean",
        "forecast_model": "TimesNet"
    },
    "imputed_metrics": {
        "RMSE": 0.7512383886251789,
        "MAE": 0.4468243973711951,
        "R2": 0.42537069307212194,
        "KL divergence": 0.10719362495902428,
        "KS statistic": 0.3370120243781914,
        "W2 distance": 6.1434688389089975e-09,
        "Sliced Wasserstein distance": 2.3394379442210963e-09
    },
    "forecast_metrics": {
        "mse": 0.5125299096107483,
        "mae": 0.4879224896430969
    }
}