{
    "config": {
        "seed": 42,
        "dataset_name": "exchange_rate",
        "missing_rate": 0.8,
        "missing_type": "MAR",
        "completeness_rate": 0.5,
        "imputation_method": "mean",
        "forecast_model": "TimesNet"
    },
    "imputed_metrics": {
        "RMSE": 0.6486363851697464,
        "MAE": 0.35258764739490567,
        "R2": 0.57161442311588,
        "KL divergence": 0.09200322009683272,
        "KS statistic": 0.26507165211662,
        "W2 distance": 6.733266989710349e-09,
        "Sliced Wasserstein distance": 2.116700699266776e-09
    },
    "forecast_metrics": {
        "mse": 0.3203109800815582,
        "mae": 0.38381263613700867
    }
}