{
    "config": {
        "seed": 42,
        "dataset_name": "exchange_rate",
        "missing_rate": 0.6,
        "missing_type": "MAR",
        "completeness_rate": 0.6,
        "imputation_method": "forward",
        "forecast_model": "TimesNet"
    },
    "imputed_metrics": {
        "RMSE": 0.009610490897501833,
        "MAE": 0.009610490897501833,
        "R2": 0.9981929405267111,
        "KL divergence": 0.004155100971789767,
        "KS statistic": 0.005085653104925054,
        "W2 distance": 6.380493268456972e-10,
        "Sliced Wasserstein distance": 6.837967607565309e-12
    },
    "forecast_metrics": {
        "mse": 0.10641324520111084,
        "mae": 0.23631969094276428
    }
}