{
    "config": {
        "seed": 42,
        "dataset_name": "exchange_rate",
        "missing_rate": 0.4,
        "missing_type": "F-MNAR",
        "completeness_rate": 0.4,
        "imputation_method": "mean",
        "forecast_model": "TimesNet"
    },
    "imputed_metrics": {
        "RMSE": 0.48960621765184775,
        "MAE": 0.20266062091644105,
        "R2": 0.7559234388889492,
        "KL divergence": 0.049644925046249226,
        "KS statistic": 0.15347553944984352,
        "W2 distance": 1.6166001596472884e-09,
        "Sliced Wasserstein distance": 1.0072137121434802e-09
    },
    "forecast_metrics": {
        "mse": 0.1557963788509369,
        "mae": 0.28290119767189026
    }
}