{
    "config": {
        "seed": 42,
        "dataset_name": "exchange_rate",
        "missing_rate": 0.5,
        "missing_type": "MAR",
        "completeness_rate": 0.9,
        "imputation_method": "IIM",
        "forecast_model": "TimesNet"
    },
    "imputed_metrics": {
        "RMSE": 0.011882222720465862,
        "MAE": 0.0016161853132832373,
        "R2": 0.9998604080604243,
        "KL divergence": 4.515004260053425e-05,
        "KS statistic": 0.0010706638115631692,
        "W2 distance": 7.888882740580241e-13,
        "Sliced Wasserstein distance": 5.387639236264736e-13
    },
    "forecast_metrics": {
        "mse": 0.10548119992017746,
        "mae": 0.23528911173343658
    }
}