{
    "config": {
        "seed": 42,
        "dataset_name": "exchange_rate",
        "missing_rate": 0.6,
        "missing_type": "MAR",
        "completeness_rate": 0.4,
        "imputation_method": "mean",
        "forecast_model": "TimesNet"
    },
    "imputed_metrics": {
        "RMSE": 0.6311956524741803,
        "MAE": 0.3169429795621239,
        "R2": 0.594341832266052,
        "KL divergence": 0.08211655656861085,
        "KS statistic": 0.23993164223356944,
        "W2 distance": 3.863492853204461e-09,
        "Sliced Wasserstein distance": 2.072908325855802e-09
    },
    "forecast_metrics": {
        "mse": 0.25283923745155334,
        "mae": 0.3426014184951782
    }
}