{
    "config": {
        "seed": 42,
        "dataset_name": "exchange_rate",
        "missing_rate": 0.4,
        "missing_type": "D-MNAR",
        "completeness_rate": 0.9,
        "imputation_method": "knn",
        "forecast_model": "TimesNet"
    },
    "imputed_metrics": {
        "RMSE": 0.0017084321773487591,
        "MAE": 0.0017084321773487591,
        "R2": 0.9998734228763615,
        "KL divergence": 3.361053370147032e-05,
        "KS statistic": 0.001029484434195355,
        "W2 distance": 6.37703804275429e-13,
        "Sliced Wasserstein distance": 3.5836050187434056e-12
    },
    "forecast_metrics": {
        "mse": 0.10449600964784622,
        "mae": 0.2346336990594864
    }
}