{
    "config": {
        "seed": 42,
        "dataset_name": "exchange_rate",
        "missing_rate": 0.7,
        "missing_type": "MAR",
        "completeness_rate": 0.2,
        "imputation_method": "IIM",
        "forecast_model": "TimesNet"
    },
    "imputed_metrics": {
        "RMSE": 0.5311885281738022,
        "MAE": 0.5311885281738022,
        "R2": 0.08663793202637016,
        "KL divergence": 0.16485239883663483,
        "KS statistic": 0.1467633009388898,
        "W2 distance": 3.258631321707074e-09,
        "Sliced Wasserstein distance": 2.0784796768470545e-09
    },
    "forecast_metrics": {
        "mse": 0.08487127721309662,
        "mae": 0.20708027482032776
    }
}