{
    "config": {
        "seed": 42,
        "dataset_name": "exchange_rate",
        "missing_rate": 0.1,
        "missing_type": "F-MNAR",
        "completeness_rate": 0.8,
        "imputation_method": "forward",
        "forecast_model": "TimesNet"
    },
    "imputed_metrics": {
        "RMSE": 0.006156725719461793,
        "MAE": 0.0006364677064443724,
        "R2": 0.9999614049294127,
        "KL divergence": 1.0311002406326755e-05,
        "KS statistic": 0.0004735628397298633,
        "W2 distance": 3.696671367981287e-13,
        "Sliced Wasserstein distance": 3.442810846268449e-13
    },
    "forecast_metrics": {
        "mse": 0.1055258959531784,
        "mae": 0.2354692965745926
    }
}