{
    "config": {
        "seed": 42,
        "dataset_name": "exchange_rate",
        "missing_rate": 0.7,
        "missing_type": "MCAR",
        "completeness_rate": 0.2,
        "imputation_method": "forward",
        "forecast_model": "TimesNet"
    },
    "imputed_metrics": {
        "RMSE": 0.023133245702057433,
        "MAE": 0.023133245702057433,
        "R2": 0.9974159600421416,
        "KL divergence": 0.005222797565673822,
        "KS statistic": 0.007350518860154836,
        "W2 distance": 6.707409558846343e-10,
        "Sliced Wasserstein distance": 9.267045680837022e-12
    },
    "forecast_metrics": {
        "mse": 0.10658968985080719,
        "mae": 0.23477205634117126
    }
}