{
    "config": {
        "seed": 42,
        "dataset_name": "exchange_rate",
        "missing_rate": 0.4,
        "missing_type": "F-MNAR",
        "completeness_rate": 0.4,
        "imputation_method": "xgboost",
        "forecast_model": "TimesNet"
    },
    "imputed_metrics": {
        "RMSE": 0.0753638432026645,
        "MAE": 0.0753638432026645,
        "R2": 0.9662574136140928,
        "KL divergence": 0.009354557942773102,
        "KS statistic": 0.07317575358260583,
        "W2 distance": 3.6522911235483504e-10,
        "Sliced Wasserstein distance": 1.698055124817112e-10
    },
    "forecast_metrics": {
        "mse": 0.1219247505068779,
        "mae": 0.25026586651802063
    }
}