{
    "config": {
        "seed": 42,
        "dataset_name": "exchange_rate",
        "missing_rate": 0.6,
        "missing_type": "D-MNAR",
        "completeness_rate": 0.3,
        "imputation_method": "mean",
        "forecast_model": "TimesNet"
    },
    "imputed_metrics": {
        "RMSE": 0.6963046813992047,
        "MAE": 0.38445837826008933,
        "R2": 0.5063366829813198,
        "KL divergence": 0.09383724451898998,
        "KS statistic": 0.2900675341788832,
        "W2 distance": 4.653184354512246e-09,
        "Sliced Wasserstein distance": 1.9439220523855863e-09
    },
    "forecast_metrics": {
        "mse": 0.37150323390960693,
        "mae": 0.42300087213516235
    }
}