{
    "config": {
        "seed": 42,
        "dataset_name": "exchange_rate",
        "missing_rate": 0.9,
        "missing_type": "MCAR",
        "completeness_rate": 0.3,
        "imputation_method": "IIM",
        "forecast_model": "TimesNet"
    },
    "imputed_metrics": {
        "RMSE": 0.3550725765599132,
        "MAE": 0.3550725765599132,
        "R2": 0.652186894182964,
        "KL divergence": 0.07483428158429556,
        "KS statistic": 0.11622879262065557,
        "W2 distance": 2.8578751691618765e-09,
        "Sliced Wasserstein distance": 1.1149832162719213e-09
    },
    "forecast_metrics": {
        "mse": 0.12234561145305634,
        "mae": 0.2530090808868408
    }
}