{
    "config": {
        "seed": 42,
        "dataset_name": "exchange_rate",
        "missing_rate": 0.9,
        "missing_type": "MAR",
        "completeness_rate": 0.1,
        "imputation_method": "xgboost",
        "forecast_model": "TimesNet"
    },
    "imputed_metrics": {
        "RMSE": 0.2850726590448258,
        "MAE": 0.2850726590448258,
        "R2": 0.8309083837193927,
        "KL divergence": 0.03505274744983072,
        "KS statistic": 0.20834705979245594,
        "W2 distance": 3.1561067365373307e-09,
        "Sliced Wasserstein distance": 8.246317295924632e-10
    },
    "forecast_metrics": {
        "mse": 0.24001289904117584,
        "mae": 0.35178324580192566
    }
}