{
    "config": {
        "seed": 42,
        "dataset_name": "exchange_rate",
        "missing_rate": 0.6,
        "missing_type": "MAR",
        "completeness_rate": 0.7,
        "imputation_method": "forward",
        "forecast_model": "TimesNet"
    },
    "imputed_metrics": {
        "RMSE": 0.042506700224560455,
        "MAE": 0.00627929064019632,
        "R2": 0.9981602999874413,
        "KL divergence": 0.000620723156898548,
        "KS statistic": 0.004385603689672212,
        "W2 distance": 4.102566256057223e-12,
        "Sliced Wasserstein distance": 2.1087439865119267e-12
    },
    "forecast_metrics": {
        "mse": 0.10551757365465164,
        "mae": 0.23577390611171722
    }
}