{
    "config": {
        "seed": 42,
        "dataset_name": "exchange_rate",
        "missing_rate": 0.4,
        "missing_type": "F-MNAR",
        "completeness_rate": 0.4,
        "imputation_method": "IIM",
        "forecast_model": "TimesNet"
    },
    "imputed_metrics": {
        "RMSE": 0.04527900935522628,
        "MAE": 0.04527900935522628,
        "R2": 0.9809782158439068,
        "KL divergence": 0.015309919464141543,
        "KS statistic": 0.02172212156152199,
        "W2 distance": 1.904430310158762e-09,
        "Sliced Wasserstein distance": 2.935516328301368e-10
    },
    "forecast_metrics": {
        "mse": 0.1112273633480072,
        "mae": 0.2350858598947525
    }
}