{
    "config": {
        "seed": 42,
        "dataset_name": "exchange_rate",
        "missing_rate": 0.3,
        "missing_type": "F-MNAR",
        "completeness_rate": 0.4,
        "imputation_method": "forward",
        "forecast_model": "TimesNet"
    },
    "imputed_metrics": {
        "RMSE": 0.019939475265188366,
        "MAE": 0.004569949330582703,
        "R2": 0.9995951821284991,
        "KL divergence": 0.00017798655310030225,
        "KS statistic": 0.0025943007741722948,
        "W2 distance": 1.089969065231201e-12,
        "Sliced Wasserstein distance": 5.7027487147420175e-12
    },
    "forecast_metrics": {
        "mse": 0.10416547954082489,
        "mae": 0.233737975358963
    }
}