{
    "config": {
        "seed": 42,
        "dataset_name": "exchange_rate",
        "missing_rate": 0.5,
        "missing_type": "MAR",
        "completeness_rate": 0.6,
        "imputation_method": "mean",
        "forecast_model": "TimesNet"
    },
    "imputed_metrics": {
        "RMSE": 0.5009530324003254,
        "MAE": 0.21500742318829025,
        "R2": 0.7444792069955677,
        "KL divergence": 0.061550291503147794,
        "KS statistic": 0.17099736451984845,
        "W2 distance": 2.651932688396844e-09,
        "Sliced Wasserstein distance": 1.0662999186195396e-09
    },
    "forecast_metrics": {
        "mse": 0.15718616545200348,
        "mae": 0.288030207157135
    }
}