{
    "config": {
        "seed": 42,
        "dataset_name": "exchange_rate",
        "missing_rate": 0.9,
        "missing_type": "MCAR",
        "completeness_rate": 0.8,
        "imputation_method": "IIM",
        "forecast_model": "TimesNet"
    },
    "imputed_metrics": {
        "RMSE": 0.14507792106969333,
        "MAE": 0.06107931171204707,
        "R2": 0.9669451507563435,
        "KL divergence": 0.00952583268239627,
        "KS statistic": 0.027404875638280347,
        "W2 distance": 2.0720748042329646e-10,
        "Sliced Wasserstein distance": 1.7476890987202437e-10
    },
    "forecast_metrics": {
        "mse": 0.11457860469818115,
        "mae": 0.24481549859046936
    }
}