{
    "config": {
        "seed": 42,
        "dataset_name": "exchange_rate",
        "missing_rate": 0.8,
        "missing_type": "MAR",
        "completeness_rate": 0.8,
        "imputation_method": "xgboost",
        "forecast_model": "TimesNet"
    },
    "imputed_metrics": {
        "RMSE": 0.053039013577420344,
        "MAE": 0.053039013577420344,
        "R2": 0.978925060926029,
        "KL divergence": 0.005678583514439804,
        "KS statistic": 0.046779772689836935,
        "W2 distance": 3.4375305692066736e-10,
        "Sliced Wasserstein distance": 1.3713444330669113e-10
    },
    "forecast_metrics": {
        "mse": 0.13198430836200714,
        "mae": 0.2606046795845032
    }
}