{
    "config": {
        "seed": 42,
        "dataset_name": "exchange_rate",
        "missing_rate": 0.5,
        "missing_type": "D-MNAR",
        "completeness_rate": 0.3,
        "imputation_method": "IIM",
        "forecast_model": "TimesNet"
    },
    "imputed_metrics": {
        "RMSE": 0.4531208061576129,
        "MAE": 0.21181087696326428,
        "R2": 0.7910126320163736,
        "KL divergence": 0.04461165033424788,
        "KS statistic": 0.12712073793444245,
        "W2 distance": 1.1799823157644182e-09,
        "Sliced Wasserstein distance": 1.2137262947475336e-09
    },
    "forecast_metrics": {
        "mse": 0.14713162183761597,
        "mae": 0.2762346565723419
    }
}