{
    "config": {
        "seed": 42,
        "dataset_name": "exchange_rate",
        "missing_rate": 0.9,
        "missing_type": "MAR",
        "completeness_rate": 0.6,
        "imputation_method": "knn",
        "forecast_model": "TimesNet"
    },
    "imputed_metrics": {
        "RMSE": 0.678320143559848,
        "MAE": 0.3494890130711595,
        "R2": 0.5315085652376255,
        "KL divergence": 0.07613122624701169,
        "KS statistic": 0.2201243617196508,
        "W2 distance": 3.6485379298931175e-09,
        "Sliced Wasserstein distance": 1.1897950849277816e-09
    },
    "forecast_metrics": {
        "mse": 0.11980912834405899,
        "mae": 0.2508065700531006
    }
}