{
    "config": {
        "seed": 42,
        "dataset_name": "exchange_rate",
        "missing_rate": 0.3,
        "missing_type": "MAR",
        "completeness_rate": 0.7,
        "imputation_method": "mean",
        "forecast_model": "TimesNet"
    },
    "imputed_metrics": {
        "RMSE": 0.08774448695721088,
        "MAE": 0.08774448695721088,
        "R2": 0.9060233000193529,
        "KL divergence": 0.024837076660986536,
        "KS statistic": 0.08093806621643881,
        "W2 distance": 9.222671651337151e-10,
        "Sliced Wasserstein distance": 4.2311211574071693e-10
    },
    "forecast_metrics": {
        "mse": 0.1307951658964157,
        "mae": 0.26585811376571655
    }
}