{
    "config": {
        "seed": 42,
        "dataset_name": "exchange_rate",
        "missing_rate": 0.7,
        "missing_type": "F-MNAR",
        "completeness_rate": 0.5,
        "imputation_method": "forward",
        "forecast_model": "TimesNet"
    },
    "imputed_metrics": {
        "RMSE": 0.062369005596407935,
        "MAE": 0.01353831862127113,
        "R2": 0.996039318986593,
        "KL divergence": 0.0066119747195238845,
        "KS statistic": 0.0063416241146433865,
        "W2 distance": 5.913063148453749e-10,
        "Sliced Wasserstein distance": 8.250260434652036e-12
    },
    "forecast_metrics": {
        "mse": 0.1039792075753212,
        "mae": 0.23365123569965363
    }
}