{
    "config": {
        "seed": 42,
        "dataset_name": "exchange_rate",
        "missing_rate": 0.7,
        "missing_type": "D-MNAR",
        "completeness_rate": 0.4,
        "imputation_method": "forward",
        "forecast_model": "TimesNet"
    },
    "imputed_metrics": {
        "RMSE": 0.05052656540321096,
        "MAE": 0.01733410640530791,
        "R2": 0.9974006079751374,
        "KL divergence": 0.0027276325642341414,
        "KS statistic": 0.008380003294350189,
        "W2 distance": 8.16274050863842e-12,
        "Sliced Wasserstein distance": 2.7230793272513633e-11
    },
    "forecast_metrics": {
        "mse": 0.10135237872600555,
        "mae": 0.2298240214586258
    }
}