{
    "config": {
        "seed": 42,
        "dataset_name": "exchange_rate",
        "missing_rate": 0.2,
        "missing_type": "MCAR",
        "completeness_rate": 0.7,
        "imputation_method": "knn",
        "forecast_model": "TimesNet"
    },
    "imputed_metrics": {
        "RMSE": 0.020328256756441978,
        "MAE": 0.0029862634350330632,
        "R2": 0.9995792418840215,
        "KL divergence": 0.003365936565509098,
        "KS statistic": 0.00269724921759183,
        "W2 distance": 5.768401605675619e-10,
        "Sliced Wasserstein distance": 9.844088119695653e-13
    },
    "forecast_metrics": {
        "mse": 0.10279583930969238,
        "mae": 0.23190230131149292
    }
}