{
    "config": {
        "seed": 42,
        "dataset_name": "exchange_rate",
        "missing_rate": 0.5,
        "missing_type": "D-MNAR",
        "completeness_rate": 0.8,
        "imputation_method": "mean",
        "forecast_model": "TimesNet"
    },
    "imputed_metrics": {
        "RMSE": 0.09229754168196633,
        "MAE": 0.09229754168196633,
        "R2": 0.9080216050955275,
        "KL divergence": 0.02032267500264731,
        "KS statistic": 0.09710097183330588,
        "W2 distance": 8.247023381220985e-10,
        "Sliced Wasserstein distance": 3.021359882951596e-10
    },
    "forecast_metrics": {
        "mse": 0.13576185703277588,
        "mae": 0.27266573905944824
    }
}