{
    "config": {
        "seed": 42,
        "dataset_name": "exchange_rate",
        "missing_rate": 0.4,
        "missing_type": "MAR",
        "completeness_rate": 0.3,
        "imputation_method": "knn",
        "forecast_model": "TimesNet"
    },
    "imputed_metrics": {
        "RMSE": 0.129418892021713,
        "MAE": 0.129418892021713,
        "R2": 0.8791932735793061,
        "KL divergence": 0.02899262033134315,
        "KS statistic": 0.06708120573216933,
        "W2 distance": 5.713475284311152e-10,
        "Sliced Wasserstein distance": 5.324360495833611e-10
    },
    "forecast_metrics": {
        "mse": 0.13002124428749084,
        "mae": 0.2613653242588043
    }
}