{
    "config": {
        "seed": 42,
        "dataset_name": "exchange_rate",
        "missing_rate": 0.7,
        "missing_type": "F-MNAR",
        "completeness_rate": 0.4,
        "imputation_method": "IIM",
        "forecast_model": "TimesNet"
    },
    "imputed_metrics": {
        "RMSE": 0.43881934438159553,
        "MAE": 0.21356077008081414,
        "R2": 0.803839068871093,
        "KL divergence": 0.04231884514505499,
        "KS statistic": 0.13066216438807446,
        "W2 distance": 1.813411613628441e-09,
        "Sliced Wasserstein distance": 6.553363778630001e-10
    },
    "forecast_metrics": {
        "mse": 0.14849497377872467,
        "mae": 0.2756865620613098
    }
}