{
    "config": {
        "seed": 42,
        "dataset_name": "exchange_rate",
        "missing_rate": 0.1,
        "missing_type": "MAR",
        "completeness_rate": 0.7,
        "imputation_method": "mean",
        "forecast_model": "TimesNet"
    },
    "imputed_metrics": {
        "RMSE": 0.1681423356834168,
        "MAE": 0.028306053888586778,
        "R2": 0.9712136647572855,
        "KL divergence": 0.008169951921468611,
        "KS statistic": 0.027260747817493002,
        "W2 distance": 1.4645520754831221e-10,
        "Sliced Wasserstein distance": 2.328132685481745e-10
    },
    "forecast_metrics": {
        "mse": 0.11911272257566452,
        "mae": 0.25006839632987976
    }
}