{
    "config": {
        "seed": 42,
        "dataset_name": "exchange_rate",
        "missing_rate": 0.9,
        "missing_type": "MCAR",
        "completeness_rate": 0.2,
        "imputation_method": "xgboost",
        "forecast_model": "TimesNet"
    },
    "imputed_metrics": {
        "RMSE": 0.3657075037075917,
        "MAE": 0.2513544739289509,
        "R2": 0.8735031940284026,
        "KL divergence": 0.023364848756867833,
        "KS statistic": 0.18954867402404876,
        "W2 distance": 1.49741273066379e-09,
        "Sliced Wasserstein distance": 5.589769423714738e-10
    },
    "forecast_metrics": {
        "mse": 0.22419695556163788,
        "mae": 0.340583860874176
    }
}