{
    "config": {
        "seed": 42,
        "dataset_name": "exchange_rate",
        "missing_rate": 0.9,
        "missing_type": "D-MNAR",
        "completeness_rate": 0.7,
        "imputation_method": "forward",
        "forecast_model": "TimesNet"
    },
    "imputed_metrics": {
        "RMSE": 0.10348535408095874,
        "MAE": 0.02370457555913294,
        "R2": 0.9890958954514654,
        "KL divergence": 0.01152836685626781,
        "KS statistic": 0.015730522154505024,
        "W2 distance": 6.497002291571591e-10,
        "Sliced Wasserstein distance": 3.964863220838128e-11
    },
    "forecast_metrics": {
        "mse": 0.1056479886174202,
        "mae": 0.23428429663181305
    }
}