{
    "config": {
        "seed": 42,
        "dataset_name": "exchange_rate",
        "missing_rate": 0.7,
        "missing_type": "MCAR",
        "completeness_rate": 0.6,
        "imputation_method": "forward",
        "forecast_model": "TimesNet"
    },
    "imputed_metrics": {
        "RMSE": 0.01049248530751264,
        "MAE": 0.01049248530751264,
        "R2": 0.9987545162668077,
        "KL divergence": 0.0015373097533879063,
        "KS statistic": 0.004220886180200956,
        "W2 distance": 1.4434422614981512e-12,
        "Sliced Wasserstein distance": 4.8614130695302946e-12
    },
    "forecast_metrics": {
        "mse": 0.10492779314517975,
        "mae": 0.23453468084335327
    }
}