{
    "config": {
        "seed": 42,
        "dataset_name": "exchange_rate",
        "missing_rate": 0.7,
        "missing_type": "F-MNAR",
        "completeness_rate": 0.7,
        "imputation_method": "knn",
        "forecast_model": "TimesNet"
    },
    "imputed_metrics": {
        "RMSE": 0.2867673147585703,
        "MAE": 0.07614307143154339,
        "R2": 0.916267988138732,
        "KL divergence": 0.0182156281798858,
        "KS statistic": 0.04527672541591171,
        "W2 distance": 8.779168462570149e-10,
        "Sliced Wasserstein distance": 2.409624504189724e-10
    },
    "forecast_metrics": {
        "mse": 0.11647696048021317,
        "mae": 0.2481357306241989
    }
}