{
    "config": {
        "seed": 42,
        "dataset_name": "exchange_rate",
        "missing_rate": 0.4,
        "missing_type": "MAR",
        "completeness_rate": 0.7,
        "imputation_method": "knn",
        "forecast_model": "TimesNet"
    },
    "imputed_metrics": {
        "RMSE": 0.014357491381837563,
        "MAE": 0.014357491381837563,
        "R2": 0.9963025806387056,
        "KL divergence": 0.0014288048539646873,
        "KS statistic": 0.014227474880579807,
        "W2 distance": 2.7572546935837854e-11,
        "Sliced Wasserstein distance": 6.100258470207007e-12
    },
    "forecast_metrics": {
        "mse": 0.10392267256975174,
        "mae": 0.23220482468605042
    }
}