{
    "config": {
        "seed": 42,
        "dataset_name": "exchange_rate",
        "missing_rate": 0.7,
        "missing_type": "MAR",
        "completeness_rate": 0.7,
        "imputation_method": "forward",
        "forecast_model": "TimesNet"
    },
    "imputed_metrics": {
        "RMSE": 0.053953584868617274,
        "MAE": 0.008803305354990297,
        "R2": 0.9970360365829303,
        "KL divergence": 0.00257023374237522,
        "KS statistic": 0.005188601548344589,
        "W2 distance": 5.076315762188094e-12,
        "Sliced Wasserstein distance": 2.1017322265156617e-12
    },
    "forecast_metrics": {
        "mse": 0.10375601053237915,
        "mae": 0.23112449049949646
    }
}