{
    "config": {
        "seed": 42,
        "dataset_name": "exchange_rate",
        "missing_rate": 0.1,
        "missing_type": "F-MNAR",
        "completeness_rate": 0.5,
        "imputation_method": "mean",
        "forecast_model": "TimesNet"
    },
    "imputed_metrics": {
        "RMSE": 0.03664831687666002,
        "MAE": 0.03664831687666002,
        "R2": 0.9608672794806024,
        "KL divergence": 0.010286128825831256,
        "KS statistic": 0.032943501894251354,
        "W2 distance": 1.4086916168220537e-10,
        "Sliced Wasserstein distance": 3.112865438733524e-10
    },
    "forecast_metrics": {
        "mse": 0.12948459386825562,
        "mae": 0.2524988055229187
    }
}