{
    "config": {
        "seed": 42,
        "dataset_name": "exchange_rate",
        "missing_rate": 0.1,
        "missing_type": "MCAR",
        "completeness_rate": 0.1,
        "imputation_method": "IIM",
        "forecast_model": "TimesNet"
    },
    "imputed_metrics": {
        "RMSE": 0.08132806529368351,
        "MAE": 0.015241409939553877,
        "R2": 0.9932454444574963,
        "KL divergence": 0.003095970718521774,
        "KS statistic": 0.009553615549332895,
        "W2 distance": 2.3604912635928693e-10,
        "Sliced Wasserstein distance": 8.316746957330508e-11
    },
    "forecast_metrics": {
        "mse": 0.10910237580537796,
        "mae": 0.2366384118795395
    }
}