{
    "config": {
        "seed": 42,
        "dataset_name": "exchange_rate",
        "missing_rate": 0.3,
        "missing_type": "D-MNAR",
        "completeness_rate": 0.8,
        "imputation_method": "xgboost",
        "forecast_model": "TimesNet"
    },
    "imputed_metrics": {
        "RMSE": 0.07812705411374729,
        "MAE": 0.018322453761509996,
        "R2": 0.9938483615748852,
        "KL divergence": 0.002300000210101783,
        "KS statistic": 0.024028166694119585,
        "W2 distance": 5.18690433494391e-11,
        "Sliced Wasserstein distance": 4.4306367165573864e-11
    },
    "forecast_metrics": {
        "mse": 0.10784289985895157,
        "mae": 0.23903988301753998
    }
}