{
    "config": {
        "seed": 42,
        "dataset_name": "exchange_rate",
        "missing_rate": 0.2,
        "missing_type": "MAR",
        "completeness_rate": 0.3,
        "imputation_method": "mean",
        "forecast_model": "TimesNet"
    },
    "imputed_metrics": {
        "RMSE": 0.3692808829024233,
        "MAE": 0.11386188782727633,
        "R2": 0.8611500019809413,
        "KL divergence": 0.029058943312127244,
        "KS statistic": 0.09088288585076594,
        "W2 distance": 6.090755020133721e-10,
        "Sliced Wasserstein distance": 8.056876909261419e-10
    },
    "forecast_metrics": {
        "mse": 0.13167665898799896,
        "mae": 0.2598653733730316
    }
}