{
    "config": {
        "seed": 42,
        "dataset_name": "exchange_rate",
        "missing_rate": 0.9,
        "missing_type": "MCAR",
        "completeness_rate": 0.6,
        "imputation_method": "IIM",
        "forecast_model": "TimesNet"
    },
    "imputed_metrics": {
        "RMSE": 0.5244471423969469,
        "MAE": 0.24824039894274935,
        "R2": 0.7200861847969673,
        "KL divergence": 0.07214359669391546,
        "KS statistic": 0.14114231592818316,
        "W2 distance": 1.7677807767283256e-09,
        "Sliced Wasserstein distance": 8.80586468564809e-10
    },
    "forecast_metrics": {
        "mse": 0.16825081408023834,
        "mae": 0.2981719672679901
    }
}