{
    "config": {
        "seed": 42,
        "dataset_name": "exchange_rate",
        "missing_rate": 0.6,
        "missing_type": "F-MNAR",
        "completeness_rate": 0.8,
        "imputation_method": "knn",
        "forecast_model": "TimesNet"
    },
    "imputed_metrics": {
        "RMSE": 0.09121427598793129,
        "MAE": 0.017972090197151465,
        "R2": 0.9915285479406206,
        "KL divergence": 0.002241547659185843,
        "KS statistic": 0.0054768571899192885,
        "W2 distance": 1.8988270743044337e-11,
        "Sliced Wasserstein distance": 7.226410282826965e-11
    },
    "forecast_metrics": {
        "mse": 0.10890229046344757,
        "mae": 0.2372850775718689
    }
}