{
    "config": {
        "seed": 42,
        "dataset_name": "exchange_rate",
        "missing_rate": 0.7,
        "missing_type": "MAR",
        "completeness_rate": 0.9,
        "imputation_method": "IIM",
        "forecast_model": "TimesNet"
    },
    "imputed_metrics": {
        "RMSE": 0.0032578650061497847,
        "MAE": 0.0032578650061497847,
        "R2": 0.9995602284861258,
        "KL divergence": 0.00016460374761774715,
        "KS statistic": 0.002491352330752759,
        "W2 distance": 2.678587174784418e-12,
        "Sliced Wasserstein distance": 1.103470909230263e-12
    },
    "forecast_metrics": {
        "mse": 0.10791749507188797,
        "mae": 0.23785915970802307
    }
}