{
    "config": {
        "seed": 42,
        "dataset_name": "exchange_rate",
        "missing_rate": 0.5,
        "missing_type": "F-MNAR",
        "completeness_rate": 0.7,
        "imputation_method": "forward",
        "forecast_model": "TimesNet"
    },
    "imputed_metrics": {
        "RMSE": 0.004918518189136472,
        "MAE": 0.004918518189136472,
        "R2": 0.9994866690364976,
        "KL divergence": 0.0009067046582171264,
        "KS statistic": 0.003314939878109043,
        "W2 distance": 1.8926563538437496e-12,
        "Sliced Wasserstein distance": 3.6279221417013555e-12
    },
    "forecast_metrics": {
        "mse": 0.10456887632608414,
        "mae": 0.23376432061195374
    }
}