{
    "config": {
        "seed": 42,
        "dataset_name": "exchange_rate",
        "missing_rate": 0.5,
        "missing_type": "MCAR",
        "completeness_rate": 0.7,
        "imputation_method": "IIM",
        "forecast_model": "TimesNet"
    },
    "imputed_metrics": {
        "RMSE": 0.012797577204507846,
        "MAE": 0.012797577204507846,
        "R2": 0.9973100373611721,
        "KL divergence": 0.0013438701765404965,
        "KS statistic": 0.017377697249217592,
        "W2 distance": 8.718714586139146e-11,
        "Sliced Wasserstein distance": 1.4678956265904167e-11
    },
    "forecast_metrics": {
        "mse": 0.10818701237440109,
        "mae": 0.23736141622066498
    }
}