{
    "config": {
        "seed": 42,
        "dataset_name": "exchange_rate",
        "missing_rate": 0.1,
        "missing_type": "D-MNAR",
        "completeness_rate": 0.6,
        "imputation_method": "knn",
        "forecast_model": "TimesNet"
    },
    "imputed_metrics": {
        "RMSE": 0.002757975515783632,
        "MAE": 0.002757975515783632,
        "R2": 0.9994480019917683,
        "KL divergence": 0.00014618322567107247,
        "KS statistic": 0.002985504859166529,
        "W2 distance": 1.6948014396684367e-11,
        "Sliced Wasserstein distance": 1.1029670982299563e-12
    },
    "forecast_metrics": {
        "mse": 0.10578734427690506,
        "mae": 0.23573122918605804
    }
}