{
    "config": {
        "seed": 42,
        "dataset_name": "exchange_rate",
        "missing_rate": 0.1,
        "missing_type": "F-MNAR",
        "completeness_rate": 0.8,
        "imputation_method": "xgboost",
        "forecast_model": "TimesNet"
    },
    "imputed_metrics": {
        "RMSE": 0.0076319068059163995,
        "MAE": 0.0076319068059163995,
        "R2": 0.9963773695144362,
        "KL divergence": 0.0006905323779658997,
        "KS statistic": 0.005270960303080217,
        "W2 distance": 1.194214034169692e-11,
        "Sliced Wasserstein distance": 1.8549351116752766e-11
    },
    "forecast_metrics": {
        "mse": 0.10787826776504517,
        "mae": 0.23646605014801025
    }
}