{
    "config": {
        "seed": 42,
        "dataset_name": "exchange_rate",
        "missing_rate": 0.9,
        "missing_type": "D-MNAR",
        "completeness_rate": 0.4,
        "imputation_method": "knn",
        "forecast_model": "TimesNet"
    },
    "imputed_metrics": {
        "RMSE": 0.2629076407380751,
        "MAE": 0.2629076407380751,
        "R2": 0.7599629772858171,
        "KL divergence": 0.05814279334734653,
        "KS statistic": 0.15065475210014825,
        "W2 distance": 1.7162803770397504e-09,
        "Sliced Wasserstein distance": 6.971382409991882e-10
    },
    "forecast_metrics": {
        "mse": 0.14499060809612274,
        "mae": 0.2802775502204895
    }
}