{
    "config": {
        "seed": 42,
        "dataset_name": "exchange_rate",
        "missing_rate": 0.1,
        "missing_type": "D-MNAR",
        "completeness_rate": 0.1,
        "imputation_method": "IIM",
        "forecast_model": "TimesNet"
    },
    "imputed_metrics": {
        "RMSE": 0.01741438318823989,
        "MAE": 0.01741438318823989,
        "R2": 0.9916469752334054,
        "KL divergence": 0.006321912955945572,
        "KS statistic": 0.012044967880085652,
        "W2 distance": 6.762520687643632e-10,
        "Sliced Wasserstein distance": 6.707731581014935e-11
    },
    "forecast_metrics": {
        "mse": 0.10856727510690689,
        "mae": 0.23422493040561676
    }
}