{
    "config": {
        "seed": 42,
        "dataset_name": "exchange_rate",
        "missing_rate": 0.8,
        "missing_type": "D-MNAR",
        "completeness_rate": 0.4,
        "imputation_method": "IIM",
        "forecast_model": "TimesNet"
    },
    "imputed_metrics": {
        "RMSE": 0.38107987374291336,
        "MAE": 0.1948056169613156,
        "R2": 0.8522216803293214,
        "KL divergence": 0.04038986777892922,
        "KS statistic": 0.10883709438313292,
        "W2 distance": 1.5846692872958434e-09,
        "Sliced Wasserstein distance": 4.4427403738275465e-10
    },
    "forecast_metrics": {
        "mse": 0.12526647746562958,
        "mae": 0.25961726903915405
    }
}