{
    "config": {
        "seed": 42,
        "dataset_name": "exchange_rate",
        "missing_rate": 0.3,
        "missing_type": "MCAR",
        "completeness_rate": 0.5,
        "imputation_method": "xgboost",
        "forecast_model": "TimesNet"
    },
    "imputed_metrics": {
        "RMSE": 0.04313570606503582,
        "MAE": 0.04313570606503582,
        "R2": 0.9813971830675741,
        "KL divergence": 0.00516685515266638,
        "KS statistic": 0.04315598748146929,
        "W2 distance": 2.5826222912104703e-10,
        "Sliced Wasserstein distance": 6.659531467267846e-11
    },
    "forecast_metrics": {
        "mse": 0.11892538517713547,
        "mae": 0.2451229691505432
    }
}