{
    "config": {
        "seed": 42,
        "dataset_name": "exchange_rate",
        "missing_rate": 0.7,
        "missing_type": "D-MNAR",
        "completeness_rate": 0.3,
        "imputation_method": "xgboost",
        "forecast_model": "TimesNet"
    },
    "imputed_metrics": {
        "RMSE": 0.30631289694731434,
        "MAE": 0.16988096819178755,
        "R2": 0.9139749111365439,
        "KL divergence": 0.019181667779710303,
        "KS statistic": 0.13885686048426948,
        "W2 distance": 1.370737375396645e-09,
        "Sliced Wasserstein distance": 4.673900470222805e-10
    },
    "forecast_metrics": {
        "mse": 0.17000247538089752,
        "mae": 0.2997775971889496
    }
}