{
    "config": {
        "seed": 42,
        "dataset_name": "exchange_rate",
        "missing_rate": 0.4,
        "missing_type": "MAR",
        "completeness_rate": 0.7,
        "imputation_method": "xgboost",
        "forecast_model": "TimesNet"
    },
    "imputed_metrics": {
        "RMSE": 0.13330302023028143,
        "MAE": 0.043270053142844246,
        "R2": 0.9822440510304637,
        "KL divergence": 0.0060908668073304875,
        "KS statistic": 0.060430736287267334,
        "W2 distance": 3.9208370521351343e-10,
        "Sliced Wasserstein distance": 1.0586701360289747e-10
    },
    "forecast_metrics": {
        "mse": 0.11944013833999634,
        "mae": 0.2514609694480896
    }
}