{
    "config": {
        "seed": 42,
        "dataset_name": "exchange_rate",
        "missing_rate": 0.9,
        "missing_type": "MAR",
        "completeness_rate": 0.5,
        "imputation_method": "xgboost",
        "forecast_model": "TimesNet"
    },
    "imputed_metrics": {
        "RMSE": 0.29231896280636704,
        "MAE": 0.15888861805234494,
        "R2": 0.9149919165505254,
        "KL divergence": 0.020412552451842102,
        "KS statistic": 0.16294679624444078,
        "W2 distance": 1.7365937064111217e-09,
        "Sliced Wasserstein distance": 3.9259397585471814e-10
    },
    "forecast_metrics": {
        "mse": 0.1556224226951599,
        "mae": 0.2895664572715759
    }
}