{
    "config": {
        "seed": 42,
        "dataset_name": "exchange_rate",
        "missing_rate": 0.9,
        "missing_type": "D-MNAR",
        "completeness_rate": 0.7,
        "imputation_method": "knn",
        "forecast_model": "TimesNet"
    },
    "imputed_metrics": {
        "RMSE": 0.18879663477853525,
        "MAE": 0.18879663477853525,
        "R2": 0.7335878868899446,
        "KL divergence": 0.0829793459598325,
        "KS statistic": 0.14626914841047603,
        "W2 distance": 2.185338289084018e-09,
        "Sliced Wasserstein distance": 1.094640516082917e-09
    },
    "forecast_metrics": {
        "mse": 0.1215180903673172,
        "mae": 0.2530837059020996
    }
}