{
    "config": {
        "seed": 42,
        "dataset_name": "exchange_rate",
        "missing_rate": 0.2,
        "missing_type": "F-MNAR",
        "completeness_rate": 0.4,
        "imputation_method": "xgboost",
        "forecast_model": "TimesNet"
    },
    "imputed_metrics": {
        "RMSE": 0.1215899402064541,
        "MAE": 0.03680165342572929,
        "R2": 0.984175741060486,
        "KL divergence": 0.00456799153764211,
        "KS statistic": 0.036690825234722446,
        "W2 distance": 9.179086811413271e-11,
        "Sliced Wasserstein distance": 7.806326841880943e-11
    },
    "forecast_metrics": {
        "mse": 0.11881469935178757,
        "mae": 0.24139681458473206
    }
}