{
    "config": {
        "seed": 42,
        "dataset_name": "exchange_rate",
        "missing_rate": 0.6,
        "missing_type": "F-MNAR",
        "completeness_rate": 0.1,
        "imputation_method": "forward",
        "forecast_model": "TimesNet"
    },
    "imputed_metrics": {
        "RMSE": 0.020797126552258058,
        "MAE": 0.020797126552258058,
        "R2": 0.997426845752462,
        "KL divergence": 0.0053294518757515995,
        "KS statistic": 0.009883050568275408,
        "W2 distance": 6.572899354243842e-10,
        "Sliced Wasserstein distance": 4.148284225466609e-11
    },
    "forecast_metrics": {
        "mse": 0.10486623644828796,
        "mae": 0.2355065792798996
    }
}