{
    "config": {
        "seed": 42,
        "dataset_name": "exchange_rate",
        "missing_rate": 0.2,
        "missing_type": "MAR",
        "completeness_rate": 0.1,
        "imputation_method": "IIM",
        "forecast_model": "TimesNet"
    },
    "imputed_metrics": {
        "RMSE": 0.25603647573767746,
        "MAE": 0.061660766254939124,
        "R2": 0.9421183905958515,
        "KL divergence": 0.03833928296989528,
        "KS statistic": 0.025407675835941366,
        "W2 distance": 3.5184525886514683e-09,
        "Sliced Wasserstein distance": 7.82434761398386e-10
    },
    "forecast_metrics": {
        "mse": 0.12350112199783325,
        "mae": 0.2501916289329529
    }
}