{
    "config": {
        "seed": 42,
        "dataset_name": "exchange_rate",
        "missing_rate": 0.1,
        "missing_type": "D-MNAR",
        "completeness_rate": 0.2,
        "imputation_method": "IIM",
        "forecast_model": "TimesNet"
    },
    "imputed_metrics": {
        "RMSE": 0.09226526191378884,
        "MAE": 0.01754680196144678,
        "R2": 0.9916253245461716,
        "KL divergence": 0.00572926378903021,
        "KS statistic": 0.012209685389556909,
        "W2 distance": 6.245177318276123e-10,
        "Sliced Wasserstein distance": 6.48863978578465e-11
    },
    "forecast_metrics": {
        "mse": 0.10862596333026886,
        "mae": 0.23430635035037994
    }
}