{
    "config": {
        "seed": 42,
        "dataset_name": "exchange_rate",
        "missing_rate": 0.4,
        "missing_type": "MCAR",
        "completeness_rate": 0.8,
        "imputation_method": "IIM",
        "forecast_model": "TimesNet"
    },
    "imputed_metrics": {
        "RMSE": 0.0029500213135228407,
        "MAE": 0.0029500213135228407,
        "R2": 0.999721298454577,
        "KL divergence": 7.771125576254403e-05,
        "KS statistic": 0.001482457585241311,
        "W2 distance": 1.284483363579677e-12,
        "Sliced Wasserstein distance": 5.012058895856757e-12
    },
    "forecast_metrics": {
        "mse": 0.10620398074388504,
        "mae": 0.236692875623703
    }
}