{
    "config": {
        "seed": 42,
        "dataset_name": "exchange_rate",
        "missing_rate": 0.5,
        "missing_type": "MAR",
        "completeness_rate": 0.9,
        "imputation_method": "knn",
        "forecast_model": "TimesNet"
    },
    "imputed_metrics": {
        "RMSE": 0.013487869512062104,
        "MAE": 0.0022339029954612853,
        "R2": 0.9998147667535362,
        "KL divergence": 7.52713906609866e-05,
        "KS statistic": 0.0011736122549827047,
        "W2 distance": 8.204537523242378e-13,
        "Sliced Wasserstein distance": 5.822569247801652e-13
    },
    "forecast_metrics": {
        "mse": 0.10599379241466522,
        "mae": 0.23583944141864777
    }
}