{
    "config": {
        "seed": 42,
        "dataset_name": "exchange_rate",
        "missing_rate": 0.9,
        "missing_type": "D-MNAR",
        "completeness_rate": 0.1,
        "imputation_method": "IIM",
        "forecast_model": "TimesNet"
    },
    "imputed_metrics": {
        "RMSE": 0.928267572099694,
        "MAE": 0.6211059115020874,
        "R2": 0.16825205762243955,
        "KL divergence": 0.13172243458763214,
        "KS statistic": 0.26824246417394165,
        "W2 distance": 4.18268681722735e-09,
        "Sliced Wasserstein distance": 2.178127573968129e-09
    },
    "forecast_metrics": {
        "mse": 0.22048446536064148,
        "mae": 0.3377416729927063
    }
}