{
    "config": {
        "seed": 42,
        "dataset_name": "exchange_rate",
        "missing_rate": 0.8,
        "missing_type": "MCAR",
        "completeness_rate": 0.9,
        "imputation_method": "knn",
        "forecast_model": "TimesNet"
    },
    "imputed_metrics": {
        "RMSE": 0.024799062136264267,
        "MAE": 0.005494268901509827,
        "R2": 0.9993738148840892,
        "KL divergence": 0.00022051148046990996,
        "KS statistic": 0.0030266842365343437,
        "W2 distance": 1.075610275892349e-12,
        "Sliced Wasserstein distance": 2.8212156969784816e-12
    },
    "forecast_metrics": {
        "mse": 0.10646241158246994,
        "mae": 0.2364000529050827
    }
}