{
    "config": {
        "seed": 42,
        "dataset_name": "exchange_rate",
        "missing_rate": 0.1,
        "missing_type": "MAR",
        "completeness_rate": 0.4,
        "imputation_method": "IIM",
        "forecast_model": "TimesNet"
    },
    "imputed_metrics": {
        "RMSE": 0.01238806837201209,
        "MAE": 0.001565855330098169,
        "R2": 0.9998453604548009,
        "KL divergence": 4.6354920779159025e-05,
        "KS statistic": 0.0028207873496952727,
        "W2 distance": 1.1010170078743729e-12,
        "Sliced Wasserstein distance": 7.320776805022963e-13
    },
    "forecast_metrics": {
        "mse": 0.10330180078744888,
        "mae": 0.231352761387825
    }
}