{
    "config": {
        "seed": 42,
        "dataset_name": "exchange_rate",
        "missing_rate": 0.3,
        "missing_type": "F-MNAR",
        "completeness_rate": 0.1,
        "imputation_method": "mean",
        "forecast_model": "TimesNet"
    },
    "imputed_metrics": {
        "RMSE": 0.2201453463321821,
        "MAE": 0.2201453463321821,
        "R2": 0.7244167475396635,
        "KL divergence": 0.053851702539208714,
        "KS statistic": 0.1832688189754571,
        "W2 distance": 1.1948642892088926e-09,
        "Sliced Wasserstein distance": 1.2879890104423834e-09
    },
    "forecast_metrics": {
        "mse": 0.17234189808368683,
        "mae": 0.292895644903183
    }
}