{
    "config": {
        "seed": 42,
        "dataset_name": "exchange_rate",
        "missing_rate": 0.2,
        "missing_type": "D-MNAR",
        "completeness_rate": 0.3,
        "imputation_method": "xgboost",
        "forecast_model": "TimesNet"
    },
    "imputed_metrics": {
        "RMSE": 0.04663575243960876,
        "MAE": 0.04663575243960876,
        "R2": 0.9777569387420639,
        "KL divergence": 0.005623907257149867,
        "KS statistic": 0.04245593806621644,
        "W2 distance": 2.2862753845295762e-10,
        "Sliced Wasserstein distance": 1.2058248811467867e-10
    },
    "forecast_metrics": {
        "mse": 0.12801885604858398,
        "mae": 0.25451427698135376
    }
}