{
    "config": {
        "seed": 42,
        "dataset_name": "exchange_rate",
        "missing_rate": 0.9,
        "missing_type": "F-MNAR",
        "completeness_rate": 0.8,
        "imputation_method": "IIM",
        "forecast_model": "TimesNet"
    },
    "imputed_metrics": {
        "RMSE": 0.18278439744401453,
        "MAE": 0.07057073570425267,
        "R2": 0.9585349168106918,
        "KL divergence": 0.010311739132581748,
        "KS statistic": 0.0255312139680448,
        "W2 distance": 1.5594146819249835e-10,
        "Sliced Wasserstein distance": 2.5819921083971736e-10
    },
    "forecast_metrics": {
        "mse": 0.12240373343229294,
        "mae": 0.2520155608654022
    }
}