{
    "config": {
        "seed": 42,
        "dataset_name": "exchange_rate",
        "missing_rate": 0.5,
        "missing_type": "MCAR",
        "completeness_rate": 0.6,
        "imputation_method": "IIM",
        "forecast_model": "TimesNet"
    },
    "imputed_metrics": {
        "RMSE": 0.03699830099327608,
        "MAE": 0.03699830099327608,
        "R2": 0.9865503510367944,
        "KL divergence": 0.004942876137476771,
        "KS statistic": 0.03082276395980893,
        "W2 distance": 1.6299596298906838e-10,
        "Sliced Wasserstein distance": 3.471762127505089e-11
    },
    "forecast_metrics": {
        "mse": 0.11460714787244797,
        "mae": 0.24124181270599365
    }
}