{
    "config": {
        "seed": 42,
        "dataset_name": "exchange_rate",
        "missing_rate": 0.4,
        "missing_type": "F-MNAR",
        "completeness_rate": 0.8,
        "imputation_method": "mean",
        "forecast_model": "TimesNet"
    },
    "imputed_metrics": {
        "RMSE": 0.07664087203012115,
        "MAE": 0.07664087203012115,
        "R2": 0.9067436756247225,
        "KL divergence": 0.0189816787121544,
        "KS statistic": 0.05334788338000329,
        "W2 distance": 4.925816013733133e-10,
        "Sliced Wasserstein distance": 5.032941937354236e-10
    },
    "forecast_metrics": {
        "mse": 0.16510960459709167,
        "mae": 0.2757795751094818
    }
}