{
    "config": {
        "seed": 42,
        "dataset_name": "exchange_rate",
        "missing_rate": 0.3,
        "missing_type": "MCAR",
        "completeness_rate": 0.1,
        "imputation_method": "mean",
        "forecast_model": "TimesNet"
    },
    "imputed_metrics": {
        "RMSE": 0.4995285947302279,
        "MAE": 0.2072734822129743,
        "R2": 0.7459302650724399,
        "KL divergence": 0.04962091736812212,
        "KS statistic": 0.14517789491022895,
        "W2 distance": 1.017745835476197e-09,
        "Sliced Wasserstein distance": 1.1723231671363712e-09
    },
    "forecast_metrics": {
        "mse": 0.16761820018291473,
        "mae": 0.29169416427612305
    }
}