{
    "config": {
        "seed": 42,
        "dataset_name": "exchange_rate",
        "missing_rate": 0.7,
        "missing_type": "MAR",
        "completeness_rate": 0.8,
        "imputation_method": "mean",
        "forecast_model": "TimesNet"
    },
    "imputed_metrics": {
        "RMSE": 0.3677148527881084,
        "MAE": 0.12808246469712875,
        "R2": 0.862325162821238,
        "KL divergence": 0.03150743223528922,
        "KS statistic": 0.10294844341953549,
        "W2 distance": 1.564760884053653e-09,
        "Sliced Wasserstein distance": 8.756924266397361e-10
    },
    "forecast_metrics": {
        "mse": 0.23371396958827972,
        "mae": 0.31535622477531433
    }
}