{
    "config": {
        "seed": 42,
        "dataset_name": "exchange_rate",
        "missing_rate": 0.6,
        "missing_type": "F-MNAR",
        "completeness_rate": 0.2,
        "imputation_method": "mean",
        "forecast_model": "TimesNet"
    },
    "imputed_metrics": {
        "RMSE": 0.451900364978235,
        "MAE": 0.451900364978235,
        "R2": 0.4283198729301272,
        "KL divergence": 0.1018174995578819,
        "KS statistic": 0.3634080052709603,
        "W2 distance": 5.032745209179688e-09,
        "Sliced Wasserstein distance": 2.179576080291845e-09
    },
    "forecast_metrics": {
        "mse": 0.3754867911338806,
        "mae": 0.42529797554016113
    }
}