{
    "config": {
        "seed": 42,
        "dataset_name": "exchange_rate",
        "missing_rate": 0.2,
        "missing_type": "F-MNAR",
        "completeness_rate": 0.4,
        "imputation_method": "knn",
        "forecast_model": "TimesNet"
    },
    "imputed_metrics": {
        "RMSE": 0.057552282376605104,
        "MAE": 0.013659612218492686,
        "R2": 0.9966274582897238,
        "KL divergence": 0.0009932857257016704,
        "KS statistic": 0.010233075275901829,
        "W2 distance": 6.413331052829639e-12,
        "Sliced Wasserstein distance": 7.902275228007384e-12
    },
    "forecast_metrics": {
        "mse": 0.10454556345939636,
        "mae": 0.2336847484111786
    }
}