{
    "config": {
        "seed": 42,
        "dataset_name": "exchange_rate",
        "missing_rate": 0.4,
        "missing_type": "MCAR",
        "completeness_rate": 0.2,
        "imputation_method": "forward",
        "forecast_model": "TimesNet"
    },
    "imputed_metrics": {
        "RMSE": 0.02792197243084168,
        "MAE": 0.009662667834947304,
        "R2": 0.9992061756529707,
        "KL divergence": 0.0042501886510123155,
        "KS statistic": 0.0034796573875802996,
        "W2 distance": 6.564385941261965e-10,
        "Sliced Wasserstein distance": 8.742010434897358e-12
    },
    "forecast_metrics": {
        "mse": 0.1074027568101883,
        "mae": 0.23740898072719574
    }
}