{
    "config": {
        "seed": 42,
        "dataset_name": "exchange_rate",
        "missing_rate": 0.8,
        "missing_type": "D-MNAR",
        "completeness_rate": 0.5,
        "imputation_method": "forward",
        "forecast_model": "TimesNet"
    },
    "imputed_metrics": {
        "RMSE": 0.018005009279324094,
        "MAE": 0.018005009279324094,
        "R2": 0.9969135766144074,
        "KL divergence": 0.003838328671813972,
        "KS statistic": 0.010500741228792621,
        "W2 distance": 1.6632904169041174e-11,
        "Sliced Wasserstein distance": 2.6292628052910342e-11
    },
    "forecast_metrics": {
        "mse": 0.10555007308721542,
        "mae": 0.23449236154556274
    }
}