{
    "config": {
        "seed": 42,
        "dataset_name": "exchange_rate",
        "missing_rate": 0.7,
        "missing_type": "MAR",
        "completeness_rate": 0.4,
        "imputation_method": "mean",
        "forecast_model": "TimesNet"
    },
    "imputed_metrics": {
        "RMSE": 0.37556075275440937,
        "MAE": 0.37556075275440937,
        "R2": 0.5113879986221243,
        "KL divergence": 0.0944223348212829,
        "KS statistic": 0.28457008730028,
        "W2 distance": 5.336891836122435e-09,
        "Sliced Wasserstein distance": 2.5422772821326965e-09
    },
    "forecast_metrics": {
        "mse": 0.35090315341949463,
        "mae": 0.3948836028575897
    }
}