{
    "config": {
        "seed": 42,
        "dataset_name": "exchange_rate",
        "missing_rate": 0.4,
        "missing_type": "MAR",
        "completeness_rate": 0.8,
        "imputation_method": "xgboost",
        "forecast_model": "TimesNet"
    },
    "imputed_metrics": {
        "RMSE": 0.02722703543544368,
        "MAE": 0.02722703543544368,
        "R2": 0.9890602170853086,
        "KL divergence": 0.003237036942718155,
        "KS statistic": 0.025448855213309175,
        "W2 distance": 1.0086138121710459e-10,
        "Sliced Wasserstein distance": 6.780930611535247e-11
    },
    "forecast_metrics": {
        "mse": 0.11605260521173477,
        "mae": 0.24599617719650269
    }
}