{
    "config": {
        "seed": 42,
        "dataset_name": "exchange_rate",
        "missing_rate": 0.6,
        "missing_type": "F-MNAR",
        "completeness_rate": 0.9,
        "imputation_method": "forward",
        "forecast_model": "TimesNet"
    },
    "imputed_metrics": {
        "RMSE": 0.014967354360395728,
        "MAE": 0.0024157534560545597,
        "R2": 0.9997719015632929,
        "KL divergence": 0.0005853600248390742,
        "KS statistic": 0.0010706638115631692,
        "W2 distance": 1.2590641910873662e-11,
        "Sliced Wasserstein distance": 6.13816661477026e-13
    },
    "forecast_metrics": {
        "mse": 0.105679951608181,
        "mae": 0.23554350435733795
    }
}