{
    "config": {
        "seed": 42,
        "dataset_name": "exchange_rate",
        "missing_rate": 0.3,
        "missing_type": "D-MNAR",
        "completeness_rate": 0.6,
        "imputation_method": "IIM",
        "forecast_model": "TimesNet"
    },
    "imputed_metrics": {
        "RMSE": 0.012381751748190754,
        "MAE": 0.012381751748190754,
        "R2": 0.9959085882096308,
        "KL divergence": 0.0028262911469441585,
        "KS statistic": 0.015030472739252183,
        "W2 distance": 3.8618788702624475e-10,
        "Sliced Wasserstein distance": 7.077548096708848e-11
    },
    "forecast_metrics": {
        "mse": 0.10654379427433014,
        "mae": 0.23439013957977295
    }
}