{
    "config": {
        "seed": 42,
        "dataset_name": "exchange_rate",
        "missing_rate": 0.9,
        "missing_type": "F-MNAR",
        "completeness_rate": 0.1,
        "imputation_method": "knn",
        "forecast_model": "TimesNet"
    },
    "imputed_metrics": {
        "RMSE": 0.824929257045785,
        "MAE": 0.824929257045785,
        "R2": -0.35742859722382425,
        "KL divergence": 0.12940355694514685,
        "KS statistic": 0.37742958326470105,
        "W2 distance": 4.456032243834077e-09,
        "Sliced Wasserstein distance": 2.0219106998861377e-09
    },
    "forecast_metrics": {
        "mse": 0.1274397075176239,
        "mae": 0.25787073373794556
    }
}