{
    "config": {
        "seed": 42,
        "dataset_name": "exchange_rate",
        "missing_rate": 0.1,
        "missing_type": "F-MNAR",
        "completeness_rate": 0.7,
        "imputation_method": "forward",
        "forecast_model": "TimesNet"
    },
    "imputed_metrics": {
        "RMSE": 0.0006678577235050334,
        "MAE": 0.0006678577235050334,
        "R2": 0.9999674818038529,
        "KL divergence": 9.097137791358416e-06,
        "KS statistic": 0.0007206391039367484,
        "W2 distance": 3.1912067415377736e-13,
        "Sliced Wasserstein distance": 2.616272151000507e-13
    },
    "forecast_metrics": {
        "mse": 0.1049073338508606,
        "mae": 0.23471449315547943
    }
}