{
    "config": {
        "seed": 42,
        "dataset_name": "exchange_rate",
        "missing_rate": 0.9,
        "missing_type": "D-MNAR",
        "completeness_rate": 0.5,
        "imputation_method": "xgboost",
        "forecast_model": "TimesNet"
    },
    "imputed_metrics": {
        "RMSE": 0.28342954515728613,
        "MAE": 0.16022349449393064,
        "R2": 0.9156619411791154,
        "KL divergence": 0.019246301226744703,
        "KS statistic": 0.15516389392192392,
        "W2 distance": 1.719718117980382e-09,
        "Sliced Wasserstein distance": 2.927043172764927e-10
    },
    "forecast_metrics": {
        "mse": 0.17715764045715332,
        "mae": 0.3030860424041748
    }
}