{
    "config": {
        "seed": 42,
        "dataset_name": "exchange_rate",
        "missing_rate": 0.8,
        "missing_type": "MAR",
        "completeness_rate": 0.3,
        "imputation_method": "xgboost",
        "forecast_model": "TimesNet"
    },
    "imputed_metrics": {
        "RMSE": 0.19167500787146188,
        "MAE": 0.19167500787146188,
        "R2": 0.9061668846495389,
        "KL divergence": 0.020848806659078182,
        "KS statistic": 0.16667352989622797,
        "W2 distance": 1.2243807874556694e-09,
        "Sliced Wasserstein distance": 4.678129357801588e-10
    },
    "forecast_metrics": {
        "mse": 0.17892985045909882,
        "mae": 0.30888673663139343
    }
}