{
    "config": {
        "seed": 42,
        "dataset_name": "exchange_rate",
        "missing_rate": 0.8,
        "missing_type": "F-MNAR",
        "completeness_rate": 0.7,
        "imputation_method": "xgboost",
        "forecast_model": "TimesNet"
    },
    "imputed_metrics": {
        "RMSE": 0.21000627062985375,
        "MAE": 0.09330646163500163,
        "R2": 0.9546024874413619,
        "KL divergence": 0.01169384497030294,
        "KS statistic": 0.10842530060945478,
        "W2 distance": 1.4151089029765329e-09,
        "Sliced Wasserstein distance": 2.2706839081471584e-10
    },
    "forecast_metrics": {
        "mse": 0.13730531930923462,
        "mae": 0.26176416873931885
    }
}