{
    "config": {
        "seed": 42,
        "dataset_name": "exchange_rate",
        "missing_rate": 0.3,
        "missing_type": "MCAR",
        "completeness_rate": 0.2,
        "imputation_method": "knn",
        "forecast_model": "TimesNet"
    },
    "imputed_metrics": {
        "RMSE": 0.10896122922746782,
        "MAE": 0.10896122922746782,
        "R2": 0.919416045779989,
        "KL divergence": 0.018120334228433503,
        "KS statistic": 0.05083594136056663,
        "W2 distance": 4.2218731977338283e-10,
        "Sliced Wasserstein distance": 4.3112393777834935e-10
    },
    "forecast_metrics": {
        "mse": 0.13346976041793823,
        "mae": 0.2612558603286743
    }
}