{
    "config": {
        "seed": 42,
        "dataset_name": "exchange_rate",
        "missing_rate": 0.3,
        "missing_type": "MCAR",
        "completeness_rate": 0.3,
        "imputation_method": "IIM",
        "forecast_model": "TimesNet"
    },
    "imputed_metrics": {
        "RMSE": 0.1619125272703784,
        "MAE": 0.05508505169751647,
        "R2": 0.9720954355631638,
        "KL divergence": 0.009100221063548394,
        "KS statistic": 0.02921676824246417,
        "W2 distance": 6.076689246849812e-10,
        "Sliced Wasserstein distance": 1.560813509465761e-10
    },
    "forecast_metrics": {
        "mse": 0.13081789016723633,
        "mae": 0.2559323310852051
    }
}