{
    "config": {
        "seed": 42,
        "dataset_name": "exchange_rate",
        "missing_rate": 0.1,
        "missing_type": "MAR",
        "completeness_rate": 0.2,
        "imputation_method": "mean",
        "forecast_model": "TimesNet"
    },
    "imputed_metrics": {
        "RMSE": 0.29641019292899057,
        "MAE": 0.06953120234485534,
        "R2": 0.9105421420192017,
        "KL divergence": 0.017046201452660073,
        "KS statistic": 0.05058886509635975,
        "W2 distance": 2.0972301697802585e-10,
        "Sliced Wasserstein distance": 5.817820191877618e-10
    },
    "forecast_metrics": {
        "mse": 0.12668469548225403,
        "mae": 0.2516873776912689
    }
}