{
    "config": {
        "seed": 42,
        "dataset_name": "exchange_rate",
        "missing_rate": 0.1,
        "missing_type": "F-MNAR",
        "completeness_rate": 0.9,
        "imputation_method": "knn",
        "forecast_model": "TimesNet"
    },
    "imputed_metrics": {
        "RMSE": 0.00038793679783633505,
        "MAE": 0.00038793679783633505,
        "R2": 0.9999747999027306,
        "KL divergence": 1.2680865282063977e-05,
        "KS statistic": 0.0002676659528907923,
        "W2 distance": 3.5627667674232805e-13,
        "Sliced Wasserstein distance": 1.8554494350707965e-13
    },
    "forecast_metrics": {
        "mse": 0.10549745708703995,
        "mae": 0.23534011840820312
    }
}