{
    "config": {
        "seed": 42,
        "dataset_name": "exchange_rate",
        "missing_rate": 0.7,
        "missing_type": "D-MNAR",
        "completeness_rate": 0.4,
        "imputation_method": "IIM",
        "forecast_model": "TimesNet"
    },
    "imputed_metrics": {
        "RMSE": 0.1688000982631811,
        "MAE": 0.1688000982631811,
        "R2": 0.8644006755028857,
        "KL divergence": 0.04035510386899391,
        "KS statistic": 0.1087547356283973,
        "W2 distance": 6.898363783808041e-10,
        "Sliced Wasserstein distance": 3.965383708016874e-10
    },
    "forecast_metrics": {
        "mse": 0.13375991582870483,
        "mae": 0.26544061303138733
    }
}