{
    "config": {
        "seed": 42,
        "dataset_name": "exchange_rate",
        "missing_rate": 0.4,
        "missing_type": "MCAR",
        "completeness_rate": 0.5,
        "imputation_method": "IIM",
        "forecast_model": "TimesNet"
    },
    "imputed_metrics": {
        "RMSE": 0.016857031099003297,
        "MAE": 0.016857031099003297,
        "R2": 0.9958353885364282,
        "KL divergence": 0.003137086206097205,
        "KS statistic": 0.017377697249217592,
        "W2 distance": 2.089373175316403e-10,
        "Sliced Wasserstein distance": 2.8265953988352344e-11
    },
    "forecast_metrics": {
        "mse": 0.11507962644100189,
        "mae": 0.24023523926734924
    }
}