{
    "config": {
        "seed": 42,
        "dataset_name": "exchange_rate",
        "missing_rate": 0.7,
        "missing_type": "MCAR",
        "completeness_rate": 0.6,
        "imputation_method": "IIM",
        "forecast_model": "TimesNet"
    },
    "imputed_metrics": {
        "RMSE": 0.2983466081176084,
        "MAE": 0.2983466081176084,
        "R2": 0.648814304865335,
        "KL divergence": 0.07901326954271079,
        "KS statistic": 0.21893015977598418,
        "W2 distance": 5.4917587039733816e-09,
        "Sliced Wasserstein distance": 1.9610184537928103e-09
    },
    "forecast_metrics": {
        "mse": 0.2504749000072479,
        "mae": 0.34488824009895325
    }
}