{
    "config": {
        "seed": 42,
        "dataset_name": "exchange_rate",
        "missing_rate": 0.6,
        "missing_type": "F-MNAR",
        "completeness_rate": 0.8,
        "imputation_method": "IIM",
        "forecast_model": "TimesNet"
    },
    "imputed_metrics": {
        "RMSE": 0.012621458711510842,
        "MAE": 0.012621458711510842,
        "R2": 0.9961288771258145,
        "KL divergence": 0.000773107522761191,
        "KS statistic": 0.0069799044638445065,
        "W2 distance": 1.7692640503822064e-11,
        "Sliced Wasserstein distance": 1.231380514234174e-11
    },
    "forecast_metrics": {
        "mse": 0.10609140992164612,
        "mae": 0.23434753715991974
    }
}