{
    "config": {
        "seed": 42,
        "dataset_name": "exchange_rate",
        "missing_rate": 0.9,
        "missing_type": "MCAR",
        "completeness_rate": 0.1,
        "imputation_method": "xgboost",
        "forecast_model": "TimesNet"
    },
    "imputed_metrics": {
        "RMSE": 0.3674373007827642,
        "MAE": 0.26490969819573523,
        "R2": 0.8559159324889625,
        "KL divergence": 0.02661438919916523,
        "KS statistic": 0.19366661176083017,
        "W2 distance": 1.850186783958669e-09,
        "Sliced Wasserstein distance": 6.316197555004286e-10
    },
    "forecast_metrics": {
        "mse": 0.2218780517578125,
        "mae": 0.338948518037796
    }
}