{
    "config": {
        "seed": 42,
        "dataset_name": "exchange_rate",
        "missing_rate": 0.5,
        "missing_type": "MCAR",
        "completeness_rate": 0.1,
        "imputation_method": "xgboost",
        "forecast_model": "TimesNet"
    },
    "imputed_metrics": {
        "RMSE": 0.13194542457770736,
        "MAE": 0.13194542457770736,
        "R2": 0.9372164902269589,
        "KL divergence": 0.014646819086217299,
        "KS statistic": 0.1040808762971504,
        "W2 distance": 4.896441997155437e-10,
        "Sliced Wasserstein distance": 3.643800584209276e-10
    },
    "forecast_metrics": {
        "mse": 0.1437496840953827,
        "mae": 0.2701094150543213
    }
}