{
    "config": {
        "seed": 42,
        "dataset_name": "exchange_rate",
        "missing_rate": 0.3,
        "missing_type": "MAR",
        "completeness_rate": 0.5,
        "imputation_method": "knn",
        "forecast_model": "TimesNet"
    },
    "imputed_metrics": {
        "RMSE": 0.08255068495252571,
        "MAE": 0.021337441474551758,
        "R2": 0.993061372242523,
        "KL divergence": 0.005183781523632829,
        "KS statistic": 0.0205896886839071,
        "W2 distance": 3.7652108256886126e-10,
        "Sliced Wasserstein distance": 1.5452601950947603e-11
    },
    "forecast_metrics": {
        "mse": 0.10539072006940842,
        "mae": 0.23324812948703766
    }
}