{
    "config": {
        "seed": 42,
        "dataset_name": "exchange_rate",
        "missing_rate": 0.4,
        "missing_type": "F-MNAR",
        "completeness_rate": 0.2,
        "imputation_method": "xgboost",
        "forecast_model": "TimesNet"
    },
    "imputed_metrics": {
        "RMSE": 0.236511311699366,
        "MAE": 0.11284049486566679,
        "R2": 0.944981327155672,
        "KL divergence": 0.013285665641679285,
        "KS statistic": 0.1058515895239664,
        "W2 distance": 4.025955028098542e-10,
        "Sliced Wasserstein distance": 3.1966086465108864e-10
    },
    "forecast_metrics": {
        "mse": 0.14294740557670593,
        "mae": 0.27022629976272583
    }
}