{
    "config": {
        "seed": 42,
        "dataset_name": "exchange_rate",
        "missing_rate": 0.9,
        "missing_type": "D-MNAR",
        "completeness_rate": 0.7,
        "imputation_method": "xgboost",
        "forecast_model": "TimesNet"
    },
    "imputed_metrics": {
        "RMSE": 0.26209725277595547,
        "MAE": 0.12226813105463231,
        "R2": 0.9287739591993547,
        "KL divergence": 0.0173816220306429,
        "KS statistic": 0.12681189260418382,
        "W2 distance": 1.111541101143093e-09,
        "Sliced Wasserstein distance": 2.9936511185970246e-10
    },
    "forecast_metrics": {
        "mse": 0.14423181116580963,
        "mae": 0.27862632274627686
    }
}