{
    "config": {
        "seed": 42,
        "dataset_name": "exchange_rate",
        "missing_rate": 0.9,
        "missing_type": "MAR",
        "completeness_rate": 0.6,
        "imputation_method": "xgboost",
        "forecast_model": "TimesNet"
    },
    "imputed_metrics": {
        "RMSE": 0.2857959063908407,
        "MAE": 0.1618514099741937,
        "R2": 0.9137927390436015,
        "KL divergence": 0.02109179513112848,
        "KS statistic": 0.16712650304727394,
        "W2 distance": 1.7247287981187317e-09,
        "Sliced Wasserstein distance": 3.9493783746594597e-10
    },
    "forecast_metrics": {
        "mse": 0.1650528758764267,
        "mae": 0.2983260750770569
    }
}