{
    "config": {
        "seed": 42,
        "dataset_name": "exchange_rate",
        "missing_rate": 0.9,
        "missing_type": "D-MNAR",
        "completeness_rate": 0.2,
        "imputation_method": "forward",
        "forecast_model": "TimesNet"
    },
    "imputed_metrics": {
        "RMSE": 0.12698642326721915,
        "MAE": 0.06766727479116622,
        "R2": 0.9831481425739961,
        "KL divergence": 0.019036851858266993,
        "KS statistic": 0.0322022731016307,
        "W2 distance": 7.733284626268474e-10,
        "Sliced Wasserstein distance": 4.435668446017184e-11
    },
    "forecast_metrics": {
        "mse": 0.11754495650529861,
        "mae": 0.24422594904899597
    }
}