{
    "config": {
        "seed": 42,
        "dataset_name": "exchange_rate",
        "missing_rate": 0.5,
        "missing_type": "F-MNAR",
        "completeness_rate": 0.1,
        "imputation_method": "forward",
        "forecast_model": "TimesNet"
    },
    "imputed_metrics": {
        "RMSE": 0.04046284820646261,
        "MAE": 0.015343540202096662,
        "R2": 0.9983329634323518,
        "KL divergence": 0.004408004990925668,
        "KS statistic": 0.006547521001482457,
        "W2 distance": 6.474295778923627e-10,
        "Sliced Wasserstein distance": 3.793953822167625e-11
    },
    "forecast_metrics": {
        "mse": 0.1025799810886383,
        "mae": 0.23121817409992218
    }
}