{
    "config": {
        "seed": 42,
        "dataset_name": "exchange_rate",
        "missing_rate": 0.2,
        "missing_type": "D-MNAR",
        "completeness_rate": 0.4,
        "imputation_method": "forward",
        "forecast_model": "TimesNet"
    },
    "imputed_metrics": {
        "RMSE": 0.0025692151603668076,
        "MAE": 0.0025692151603668076,
        "R2": 0.9998067635780945,
        "KL divergence": 0.00028113452048883584,
        "KS statistic": 0.0018736616702355463,
        "W2 distance": 9.889213510102365e-13,
        "Sliced Wasserstein distance": 2.0356550794566785e-12
    },
    "forecast_metrics": {
        "mse": 0.10562361031770706,
        "mae": 0.23557758331298828
    }
}