{
    "config": {
        "seed": 42,
        "dataset_name": "exchange_rate",
        "missing_rate": 0.5,
        "missing_type": "MCAR",
        "completeness_rate": 0.3,
        "imputation_method": "knn",
        "forecast_model": "TimesNet"
    },
    "imputed_metrics": {
        "RMSE": 0.15772590863633087,
        "MAE": 0.15772590863633087,
        "R2": 0.8660535538681879,
        "KL divergence": 0.030899110121910094,
        "KS statistic": 0.05913358590018118,
        "W2 distance": 3.68251340170302e-10,
        "Sliced Wasserstein distance": 5.701142144651368e-10
    },
    "forecast_metrics": {
        "mse": 0.14295341074466705,
        "mae": 0.2777404189109802
    }
}