{
    "config": {
        "seed": 42,
        "dataset_name": "exchange_rate",
        "missing_rate": 0.9,
        "missing_type": "F-MNAR",
        "completeness_rate": 0.3,
        "imputation_method": "knn",
        "forecast_model": "TimesNet"
    },
    "imputed_metrics": {
        "RMSE": 0.40175588989915384,
        "MAE": 0.40175588989915384,
        "R2": 0.5536527969227654,
        "KL divergence": 0.11879824644548626,
        "KS statistic": 0.10823999341129963,
        "W2 distance": 8.931011221174895e-10,
        "Sliced Wasserstein distance": 8.274473039055971e-10
    },
    "forecast_metrics": {
        "mse": 0.11025667935609818,
        "mae": 0.24009734392166138
    }
}