{
    "config": {
        "seed": 42,
        "dataset_name": "exchange_rate",
        "missing_rate": 0.5,
        "missing_type": "F-MNAR",
        "completeness_rate": 0.4,
        "imputation_method": "xgboost",
        "forecast_model": "TimesNet"
    },
    "imputed_metrics": {
        "RMSE": 0.21056681826174362,
        "MAE": 0.09529815923311159,
        "R2": 0.9559329314281512,
        "KL divergence": 0.01168347059551553,
        "KS statistic": 0.09226239499258772,
        "W2 distance": 5.575852748795228e-10,
        "Sliced Wasserstein distance": 2.1335732679449617e-10
    },
    "forecast_metrics": {
        "mse": 0.1303267627954483,
        "mae": 0.25834572315216064
    }
}