{
    "config": {
        "seed": 42,
        "dataset_name": "exchange_rate",
        "missing_rate": 0.9,
        "missing_type": "MAR",
        "completeness_rate": 0.4,
        "imputation_method": "IIM",
        "forecast_model": "TimesNet"
    },
    "imputed_metrics": {
        "RMSE": 0.25148320532858615,
        "MAE": 0.25148320532858615,
        "R2": 0.6825774836093464,
        "KL divergence": 0.10089405430685013,
        "KS statistic": 0.07904381485751935,
        "W2 distance": 1.294489006197191e-09,
        "Sliced Wasserstein distance": 6.822434447404263e-10
    },
    "forecast_metrics": {
        "mse": 0.11954375356435776,
        "mae": 0.25078821182250977
    }
}