{
    "config": {
        "seed": 42,
        "dataset_name": "exchange_rate",
        "missing_rate": 0.7,
        "missing_type": "F-MNAR",
        "completeness_rate": 0.6,
        "imputation_method": "IIM",
        "forecast_model": "TimesNet"
    },
    "imputed_metrics": {
        "RMSE": 0.17260097378118552,
        "MAE": 0.17260097378118552,
        "R2": 0.8414086004569394,
        "KL divergence": 0.03792500769623981,
        "KS statistic": 0.10926947784549497,
        "W2 distance": 2.7412481651857366e-09,
        "Sliced Wasserstein distance": 7.106339290563182e-10
    },
    "forecast_metrics": {
        "mse": 0.12936729192733765,
        "mae": 0.26288655400276184
    }
}