{
    "config": {
        "seed": 42,
        "dataset_name": "exchange_rate",
        "missing_rate": 0.5,
        "missing_type": "MAR",
        "completeness_rate": 0.3,
        "imputation_method": "IIM",
        "forecast_model": "TimesNet"
    },
    "imputed_metrics": {
        "RMSE": 0.4751237329634444,
        "MAE": 0.21851657108631364,
        "R2": 0.7323688387007691,
        "KL divergence": 0.05993680891616475,
        "KS statistic": 0.09003870861472575,
        "W2 distance": 2.4197849496379427e-09,
        "Sliced Wasserstein distance": 8.303982316441925e-10
    },
    "forecast_metrics": {
        "mse": 0.13053470849990845,
        "mae": 0.2630808651447296
    }
}