{
    "config": {
        "seed": 42,
        "dataset_name": "exchange_rate",
        "missing_rate": 0.1,
        "missing_type": "MCAR",
        "completeness_rate": 0.1,
        "imputation_method": "mean",
        "forecast_model": "TimesNet"
    },
    "imputed_metrics": {
        "RMSE": 0.07056519960870457,
        "MAE": 0.07056519960870457,
        "R2": 0.9127746212434265,
        "KL divergence": 0.015963423187518064,
        "KS statistic": 0.04931230439795751,
        "W2 distance": 1.7628161397733285e-10,
        "Sliced Wasserstein distance": 6.526098959081842e-10
    },
    "forecast_metrics": {
        "mse": 0.12394021451473236,
        "mae": 0.25060662627220154
    }
}