{
    "config": {
        "seed": 42,
        "dataset_name": "exchange_rate",
        "missing_rate": 0.4,
        "missing_type": "MCAR",
        "completeness_rate": 0.2,
        "imputation_method": "IIM",
        "forecast_model": "TimesNet"
    },
    "imputed_metrics": {
        "RMSE": 0.18842204305931845,
        "MAE": 0.18842204305931845,
        "R2": 0.8217926678185565,
        "KL divergence": 0.038417721936330695,
        "KS statistic": 0.07976445396145611,
        "W2 distance": 5.159813867132554e-10,
        "Sliced Wasserstein distance": 7.960855915974796e-10
    },
    "forecast_metrics": {
        "mse": 0.15937629342079163,
        "mae": 0.2865028381347656
    }
}