{
    "config": {
        "seed": 42,
        "dataset_name": "exchange_rate",
        "missing_rate": 0.8,
        "missing_type": "MAR",
        "completeness_rate": 0.6,
        "imputation_method": "IIM",
        "forecast_model": "TimesNet"
    },
    "imputed_metrics": {
        "RMSE": 0.17638057178607833,
        "MAE": 0.17638057178607833,
        "R2": 0.8507871714111024,
        "KL divergence": 0.04015155698561347,
        "KS statistic": 0.1026601877779608,
        "W2 distance": 2.403699704833066e-09,
        "Sliced Wasserstein distance": 6.601569700231728e-10
    },
    "forecast_metrics": {
        "mse": 0.14080378413200378,
        "mae": 0.2705276310443878
    }
}