{
    "config": {
        "seed": 42,
        "dataset_name": "exchange_rate",
        "missing_rate": 0.4,
        "missing_type": "F-MNAR",
        "completeness_rate": 0.1,
        "imputation_method": "mean",
        "forecast_model": "TimesNet"
    },
    "imputed_metrics": {
        "RMSE": 0.2965197949445524,
        "MAE": 0.2965197949445524,
        "R2": 0.6288511958211707,
        "KL divergence": 0.07028624023856432,
        "KS statistic": 0.24497611596112664,
        "W2 distance": 2.151632219865948e-09,
        "Sliced Wasserstein distance": 1.562558508847917e-09
    },
    "forecast_metrics": {
        "mse": 0.23036037385463715,
        "mae": 0.33467915654182434
    }
}