{
    "config": {
        "seed": 42,
        "dataset_name": "exchange_rate",
        "missing_rate": 0.1,
        "missing_type": "MCAR",
        "completeness_rate": 0.7,
        "imputation_method": "forward",
        "forecast_model": "TimesNet"
    },
    "imputed_metrics": {
        "RMSE": 0.007830420883662688,
        "MAE": 0.0006383539201470995,
        "R2": 0.9999375686913029,
        "KL divergence": 0.0033647597200144163,
        "KS statistic": 0.0006794597265689342,
        "W2 distance": 6.083176926781888e-10,
        "Sliced Wasserstein distance": 3.064501094867382e-13
    },
    "forecast_metrics": {
        "mse": 0.10533370077610016,
        "mae": 0.23520705103874207
    }
}