{
    "config": {
        "seed": 42,
        "dataset_name": "exchange_rate",
        "missing_rate": 0.5,
        "missing_type": "MAR",
        "completeness_rate": 0.5,
        "imputation_method": "knn",
        "forecast_model": "TimesNet"
    },
    "imputed_metrics": {
        "RMSE": 0.06979638054517952,
        "MAE": 0.06979638054517952,
        "R2": 0.9613919253083049,
        "KL divergence": 0.013658502122789823,
        "KS statistic": 0.06636056662823259,
        "W2 distance": 2.4849097932425063e-10,
        "Sliced Wasserstein distance": 1.222329220410872e-10
    },
    "forecast_metrics": {
        "mse": 0.12352932244539261,
        "mae": 0.2536788582801819
    }
}