{
    "config": {
        "seed": 42,
        "dataset_name": "exchange_rate",
        "missing_rate": 0.3,
        "missing_type": "D-MNAR",
        "completeness_rate": 0.7,
        "imputation_method": "knn",
        "forecast_model": "TimesNet"
    },
    "imputed_metrics": {
        "RMSE": 0.006992349398849833,
        "MAE": 0.006992349398849833,
        "R2": 0.9983601626269358,
        "KL divergence": 0.0005430060222246023,
        "KS statistic": 0.005332729369131938,
        "W2 distance": 1.3083547397006809e-11,
        "Sliced Wasserstein distance": 4.425000121994509e-12
    },
    "forecast_metrics": {
        "mse": 0.1059575155377388,
        "mae": 0.23613789677619934
    }
}