{
    "config": {
        "seed": 42,
        "dataset_name": "exchange_rate",
        "missing_rate": 0.7,
        "missing_type": "MAR",
        "completeness_rate": 0.3,
        "imputation_method": "IIM",
        "forecast_model": "TimesNet"
    },
    "imputed_metrics": {
        "RMSE": 1.198962193878051,
        "MAE": 0.6369475998345244,
        "R2": -1.1280715131742265,
        "KL divergence": 0.13843890720658933,
        "KS statistic": 0.11740240487563827,
        "W2 distance": 7.141943169462902e-09,
        "Sliced Wasserstein distance": 3.2613729088779794e-09
    },
    "forecast_metrics": {
        "mse": 0.0704805925488472,
        "mae": 0.17898209393024445
    }
}