{
    "config": {
        "seed": 42,
        "dataset_name": "exchange_rate",
        "missing_rate": 0.3,
        "missing_type": "D-MNAR",
        "completeness_rate": 0.4,
        "imputation_method": "mean",
        "forecast_model": "TimesNet"
    },
    "imputed_metrics": {
        "RMSE": 0.408136923747388,
        "MAE": 0.14978497859407877,
        "R2": 0.8303929109666681,
        "KL divergence": 0.03708818497586642,
        "KS statistic": 0.1259059463020919,
        "W2 distance": 9.649117308429624e-10,
        "Sliced Wasserstein distance": 9.014156354697948e-10
    },
    "forecast_metrics": {
        "mse": 0.14832063019275665,
        "mae": 0.2776362895965576
    }
}