{
    "config": {
        "seed": 42,
        "dataset_name": "exchange_rate",
        "missing_rate": 0.6,
        "missing_type": "F-MNAR",
        "completeness_rate": 0.1,
        "imputation_method": "xgboost",
        "forecast_model": "TimesNet"
    },
    "imputed_metrics": {
        "RMSE": 0.2996919214410282,
        "MAE": 0.17687814865840196,
        "R2": 0.910047501701592,
        "KL divergence": 0.019483670090407825,
        "KS statistic": 0.15641986493164226,
        "W2 distance": 9.09293921011066e-10,
        "Sliced Wasserstein distance": 3.6541350478934257e-10
    },
    "forecast_metrics": {
        "mse": 0.17678570747375488,
        "mae": 0.3016457259654999
    }
}