{
    "config": {
        "seed": 42,
        "dataset_name": "exchange_rate",
        "missing_rate": 0.7,
        "missing_type": "F-MNAR",
        "completeness_rate": 0.2,
        "imputation_method": "forward",
        "forecast_model": "TimesNet"
    },
    "imputed_metrics": {
        "RMSE": 0.06592465592705904,
        "MAE": 0.029054977760136182,
        "R2": 0.9955748502658259,
        "KL divergence": 0.006793862365601949,
        "KS statistic": 0.01311563169164882,
        "W2 distance": 6.868129311753386e-10,
        "Sliced Wasserstein distance": 4.5109254486319815e-11
    },
    "forecast_metrics": {
        "mse": 0.10598883777856827,
        "mae": 0.23617330193519592
    }
}