{
    "config": {
        "seed": 42,
        "dataset_name": "exchange_rate",
        "missing_rate": 0.5,
        "missing_type": "F-MNAR",
        "completeness_rate": 0.4,
        "imputation_method": "mean",
        "forecast_model": "TimesNet"
    },
    "imputed_metrics": {
        "RMSE": 0.551647506423953,
        "MAE": 0.25342113300323066,
        "R2": 0.690147113876979,
        "KL divergence": 0.06142536740059675,
        "KS statistic": 0.19232828199637622,
        "W2 distance": 2.5131310453125138e-09,
        "Sliced Wasserstein distance": 1.2234477521850158e-09
    },
    "forecast_metrics": {
        "mse": 0.18886449933052063,
        "mae": 0.3064592778682709
    }
}