{
    "config": {
        "seed": 42,
        "dataset_name": "exchange_rate",
        "missing_rate": 0.8,
        "missing_type": "MAR",
        "completeness_rate": 0.9,
        "imputation_method": "knn",
        "forecast_model": "TimesNet"
    },
    "imputed_metrics": {
        "RMSE": 0.007072981406521857,
        "MAE": 0.007072981406521857,
        "R2": 0.9990048488056288,
        "KL divergence": 0.00036182116962595165,
        "KS statistic": 0.003397298632844671,
        "W2 distance": 2.0506725594842324e-12,
        "Sliced Wasserstein distance": 2.8377170669750746e-12
    },
    "forecast_metrics": {
        "mse": 0.10471844673156738,
        "mae": 0.232781782746315
    }
}