{
    "config": {
        "seed": 42,
        "dataset_name": "exchange_rate",
        "missing_rate": 0.3,
        "missing_type": "F-MNAR",
        "completeness_rate": 0.1,
        "imputation_method": "IIM",
        "forecast_model": "TimesNet"
    },
    "imputed_metrics": {
        "RMSE": 0.33897317837842156,
        "MAE": 0.12327039321603948,
        "R2": 0.8943088462036478,
        "KL divergence": 0.025523021172319287,
        "KS statistic": 0.07951737769724922,
        "W2 distance": 1.0981435647389544e-09,
        "Sliced Wasserstein distance": 7.237193320330662e-10
    },
    "forecast_metrics": {
        "mse": 0.12840330600738525,
        "mae": 0.25574132800102234
    }
}