{
    "config": {
        "seed": 42,
        "dataset_name": "exchange_rate",
        "missing_rate": 0.3,
        "missing_type": "D-MNAR",
        "completeness_rate": 0.4,
        "imputation_method": "IIM",
        "forecast_model": "TimesNet"
    },
    "imputed_metrics": {
        "RMSE": 0.02510999015281349,
        "MAE": 0.02510999015281349,
        "R2": 0.9898786712820802,
        "KL divergence": 0.006302920885578372,
        "KS statistic": 0.023163399769395486,
        "W2 distance": 3.1033391582789087e-10,
        "Sliced Wasserstein distance": 1.2885929162554409e-10
    },
    "forecast_metrics": {
        "mse": 0.11761702597141266,
        "mae": 0.2405962347984314
    }
}