{
    "config": {
        "seed": 42,
        "dataset_name": "exchange_rate",
        "missing_rate": 0.6,
        "missing_type": "MCAR",
        "completeness_rate": 0.1,
        "imputation_method": "forward",
        "forecast_model": "TimesNet"
    },
    "imputed_metrics": {
        "RMSE": 0.01753932551517763,
        "MAE": 0.01753932551517763,
        "R2": 0.998286487997863,
        "KL divergence": 0.0049548204110375265,
        "KS statistic": 0.005270960303080218,
        "W2 distance": 6.607280230796042e-10,
        "Sliced Wasserstein distance": 1.1792912949394438e-11
    },
    "forecast_metrics": {
        "mse": 0.10782352089881897,
        "mae": 0.23778003454208374
    }
}