{
    "config": {
        "seed": 42,
        "dataset_name": "exchange_rate",
        "missing_rate": 0.2,
        "missing_type": "F-MNAR",
        "completeness_rate": 0.7,
        "imputation_method": "forward",
        "forecast_model": "TimesNet"
    },
    "imputed_metrics": {
        "RMSE": 0.0013819555371270427,
        "MAE": 0.0013819555371270427,
        "R2": 0.9999182112706051,
        "KL divergence": 2.361352079290855e-05,
        "KS statistic": 0.0010500741228792621,
        "W2 distance": 3.2050353624693206e-13,
        "Sliced Wasserstein distance": 6.781534595808083e-13
    },
    "forecast_metrics": {
        "mse": 0.10508911311626434,
        "mae": 0.23496221005916595
    }
}