{
    "config": {
        "seed": 42,
        "dataset_name": "exchange_rate",
        "missing_rate": 0.3,
        "missing_type": "MCAR",
        "completeness_rate": 0.3,
        "imputation_method": "xgboost",
        "forecast_model": "TimesNet"
    },
    "imputed_metrics": {
        "RMSE": 0.17455759327295814,
        "MAE": 0.06709568363211596,
        "R2": 0.9693234524554517,
        "KL divergence": 0.007265470223088011,
        "KS statistic": 0.05460385438972163,
        "W2 distance": 2.759396518880454e-10,
        "Sliced Wasserstein distance": 1.7465363394259698e-10
    },
    "forecast_metrics": {
        "mse": 0.119171142578125,
        "mae": 0.2484990954399109
    }
}