{
    "config": {
        "seed": 42,
        "dataset_name": "exchange_rate",
        "missing_rate": 0.7,
        "missing_type": "F-MNAR",
        "completeness_rate": 0.9,
        "imputation_method": "IIM",
        "forecast_model": "TimesNet"
    },
    "imputed_metrics": {
        "RMSE": 0.003820462280781344,
        "MAE": 0.003820462280781344,
        "R2": 0.9994114589218759,
        "KL divergence": 0.0004702829602558655,
        "KS statistic": 0.0023678141986493164,
        "W2 distance": 8.807412910604539e-12,
        "Sliced Wasserstein distance": 1.7313290795241916e-12
    },
    "forecast_metrics": {
        "mse": 0.10564949363470078,
        "mae": 0.23508435487747192
    }
}