{
    "config": {
        "seed": 42,
        "dataset_name": "exchange_rate",
        "missing_rate": 0.8,
        "missing_type": "MCAR",
        "completeness_rate": 0.7,
        "imputation_method": "IIM",
        "forecast_model": "TimesNet"
    },
    "imputed_metrics": {
        "RMSE": 0.08660776701147833,
        "MAE": 0.08660776701147833,
        "R2": 0.946659182398222,
        "KL divergence": 0.016164678080243706,
        "KS statistic": 0.0661546697413935,
        "W2 distance": 7.582152287895587e-10,
        "Sliced Wasserstein distance": 1.593129888833284e-10
    },
    "forecast_metrics": {
        "mse": 0.11487957090139389,
        "mae": 0.24629464745521545
    }
}