{
    "config": {
        "seed": 42,
        "dataset_name": "exchange_rate",
        "missing_rate": 0.1,
        "missing_type": "F-MNAR",
        "completeness_rate": 0.1,
        "imputation_method": "xgboost",
        "forecast_model": "TimesNet"
    },
    "imputed_metrics": {
        "RMSE": 0.026729887111558815,
        "MAE": 0.026729887111558815,
        "R2": 0.987442944819552,
        "KL divergence": 0.0030004650719265206,
        "KS statistic": 0.0284137703837918,
        "W2 distance": 7.647268654480356e-11,
        "Sliced Wasserstein distance": 6.27954736855374e-11
    },
    "forecast_metrics": {
        "mse": 0.11227002739906311,
        "mae": 0.23912489414215088
    }
}