{
    "config": {
        "seed": 42,
        "dataset_name": "exchange_rate",
        "missing_rate": 0.2,
        "missing_type": "D-MNAR",
        "completeness_rate": 0.1,
        "imputation_method": "IIM",
        "forecast_model": "TimesNet"
    },
    "imputed_metrics": {
        "RMSE": 0.17446659772071035,
        "MAE": 0.049331779315023985,
        "R2": 0.9693697082187376,
        "KL divergence": 0.015122239483053135,
        "KS statistic": 0.02732251688354472,
        "W2 distance": 1.4777109943388344e-09,
        "Sliced Wasserstein distance": 2.0544243182014206e-10
    },
    "forecast_metrics": {
        "mse": 0.11574146151542664,
        "mae": 0.2409209907054901
    }
}