{
    "config": {
        "seed": 42,
        "dataset_name": "exchange_rate",
        "missing_rate": 0.7,
        "missing_type": "MAR",
        "completeness_rate": 0.3,
        "imputation_method": "xgboost",
        "forecast_model": "TimesNet"
    },
    "imputed_metrics": {
        "RMSE": 0.15873026260587297,
        "MAE": 0.15873026260587297,
        "R2": 0.9264607564205675,
        "KL divergence": 0.01625262175397231,
        "KS statistic": 0.14105995717344755,
        "W2 distance": 8.043062610009006e-10,
        "Sliced Wasserstein distance": 4.724573087289885e-10
    },
    "forecast_metrics": {
        "mse": 0.16431526839733124,
        "mae": 0.29268914461135864
    }
}