{
    "config": {
        "seed": 42,
        "dataset_name": "exchange_rate",
        "missing_rate": 0.6,
        "missing_type": "D-MNAR",
        "completeness_rate": 0.4,
        "imputation_method": "forward",
        "forecast_model": "TimesNet"
    },
    "imputed_metrics": {
        "RMSE": 0.012244935454169707,
        "MAE": 0.012244935454169707,
        "R2": 0.9981726300367976,
        "KL divergence": 0.000984313809646522,
        "KS statistic": 0.0057033437654422665,
        "W2 distance": 4.557643081551004e-12,
        "Sliced Wasserstein distance": 1.2269718817543463e-11
    },
    "forecast_metrics": {
        "mse": 0.10377763211727142,
        "mae": 0.23415230214595795
    }
}