{
    "config": {
        "seed": 42,
        "dataset_name": "exchange_rate",
        "missing_rate": 0.9,
        "missing_type": "D-MNAR",
        "completeness_rate": 0.3,
        "imputation_method": "xgboost",
        "forecast_model": "TimesNet"
    },
    "imputed_metrics": {
        "RMSE": 0.2322714371275136,
        "MAE": 0.2322714371275136,
        "R2": 0.8725446362547324,
        "KL divergence": 0.024168211847158283,
        "KS statistic": 0.19236946137374403,
        "W2 distance": 1.5340968210594395e-09,
        "Sliced Wasserstein distance": 6.19229811510764e-10
    },
    "forecast_metrics": {
        "mse": 0.21373075246810913,
        "mae": 0.333966463804245
    }
}