{
    "config": {
        "seed": 42,
        "dataset_name": "exchange_rate",
        "missing_rate": 0.3,
        "missing_type": "F-MNAR",
        "completeness_rate": 0.3,
        "imputation_method": "mean",
        "forecast_model": "TimesNet"
    },
    "imputed_metrics": {
        "RMSE": 0.4570877905896204,
        "MAE": 0.18176654429029887,
        "R2": 0.7872686634597779,
        "KL divergence": 0.04679558587139575,
        "KS statistic": 0.15364025695931477,
        "W2 distance": 1.063618392683858e-09,
        "Sliced Wasserstein distance": 1.033876157344808e-09
    },
    "forecast_metrics": {
        "mse": 0.14442728459835052,
        "mae": 0.2766842246055603
    }
}