{
    "config": {
        "seed": 42,
        "dataset_name": "exchange_rate",
        "missing_rate": 0.7,
        "missing_type": "MCAR",
        "completeness_rate": 0.1,
        "imputation_method": "xgboost",
        "forecast_model": "TimesNet"
    },
    "imputed_metrics": {
        "RMSE": 0.19444308976765062,
        "MAE": 0.19444308976765062,
        "R2": 0.9015095542705366,
        "KL divergence": 0.020840607478710457,
        "KS statistic": 0.1461867896557404,
        "W2 distance": 1.0441246039013797e-09,
        "Sliced Wasserstein distance": 6.551366174594606e-10
    },
    "forecast_metrics": {
        "mse": 0.1789025515317917,
        "mae": 0.30166858434677124
    }
}