{
    "config": {
        "seed": 42,
        "dataset_name": "exchange_rate",
        "missing_rate": 0.7,
        "missing_type": "D-MNAR",
        "completeness_rate": 0.9,
        "imputation_method": "forward",
        "forecast_model": "TimesNet"
    },
    "imputed_metrics": {
        "RMSE": 0.0034742193831936953,
        "MAE": 0.0034742193831936953,
        "R2": 0.9996343743397748,
        "KL divergence": 9.345833171944237e-05,
        "KS statistic": 0.0015854060286608466,
        "W2 distance": 7.310895115430058e-13,
        "Sliced Wasserstein distance": 3.1726750338806807e-12
    },
    "forecast_metrics": {
        "mse": 0.10625279694795609,
        "mae": 0.23684000968933105
    }
}