{
    "config": {
        "seed": 42,
        "dataset_name": "exchange_rate",
        "missing_rate": 0.3,
        "missing_type": "MCAR",
        "completeness_rate": 0.7,
        "imputation_method": "forward",
        "forecast_model": "TimesNet"
    },
    "imputed_metrics": {
        "RMSE": 0.0019862629232351584,
        "MAE": 0.0019862629232351584,
        "R2": 0.9998246519800879,
        "KL divergence": 0.003527326071122721,
        "KS statistic": 0.0014412782078734969,
        "W2 distance": 6.126831136451694e-10,
        "Sliced Wasserstein distance": 7.491551879791073e-13
    },
    "forecast_metrics": {
        "mse": 0.10558675974607468,
        "mae": 0.2355552315711975
    }
}