{
    "config": {
        "seed": 42,
        "dataset_name": "exchange_rate",
        "missing_rate": 0.8,
        "missing_type": "F-MNAR",
        "completeness_rate": 0.8,
        "imputation_method": "forward",
        "forecast_model": "TimesNet"
    },
    "imputed_metrics": {
        "RMSE": 0.011167189165435593,
        "MAE": 0.011167189165435593,
        "R2": 0.9985156803131341,
        "KL divergence": 0.0004854152510428521,
        "KS statistic": 0.004920935595453797,
        "W2 distance": 4.1625334179531025e-12,
        "Sliced Wasserstein distance": 1.871250074278436e-11
    },
    "forecast_metrics": {
        "mse": 0.10478444397449493,
        "mae": 0.2342226803302765
    }
}