{
    "config": {
        "seed": 42,
        "dataset_name": "exchange_rate",
        "missing_rate": 0.8,
        "missing_type": "F-MNAR",
        "completeness_rate": 0.4,
        "imputation_method": "mean",
        "forecast_model": "TimesNet"
    },
    "imputed_metrics": {
        "RMSE": 0.4256087421420074,
        "MAE": 0.4256087421420074,
        "R2": 0.44567161393138643,
        "KL divergence": 0.10043805134431573,
        "KS statistic": 0.32772607478174925,
        "W2 distance": 6.394518669594392e-09,
        "Sliced Wasserstein distance": 2.273744625167162e-09
    },
    "forecast_metrics": {
        "mse": 0.4828107953071594,
        "mae": 0.4616384208202362
    }
}