{
    "config": {
        "seed": 42,
        "dataset_name": "exchange_rate",
        "missing_rate": 0.5,
        "missing_type": "MAR",
        "completeness_rate": 0.1,
        "imputation_method": "knn",
        "forecast_model": "TimesNet"
    },
    "imputed_metrics": {
        "RMSE": 0.32435328762810994,
        "MAE": 0.32435328762810994,
        "R2": 0.5669633492460076,
        "KL divergence": 0.08541629120174975,
        "KS statistic": 0.13737440289902816,
        "W2 distance": 1.5383370965954607e-09,
        "Sliced Wasserstein distance": 1.3580015238180329e-09
    },
    "forecast_metrics": {
        "mse": 0.15496759116649628,
        "mae": 0.28198403120040894
    }
}