{
    "config": {
        "seed": 42,
        "dataset_name": "exchange_rate",
        "missing_rate": 0.4,
        "missing_type": "MAR",
        "completeness_rate": 0.6,
        "imputation_method": "mean",
        "forecast_model": "TimesNet"
    },
    "imputed_metrics": {
        "RMSE": 0.44608234593285534,
        "MAE": 0.1700461593063083,
        "R2": 0.7973893363960605,
        "KL divergence": 0.050751565608891394,
        "KS statistic": 0.13688025037061438,
        "W2 distance": 1.6661440553714657e-09,
        "Sliced Wasserstein distance": 8.279059582529171e-10
    },
    "forecast_metrics": {
        "mse": 0.1413252055644989,
        "mae": 0.2729450464248657
    }
}