{
    "config": {
        "seed": 42,
        "dataset_name": "exchange_rate",
        "missing_rate": 0.8,
        "missing_type": "D-MNAR",
        "completeness_rate": 0.3,
        "imputation_method": "mean",
        "forecast_model": "TimesNet"
    },
    "imputed_metrics": {
        "RMSE": 0.7997960684416735,
        "MAE": 0.5085935156938313,
        "R2": 0.34868548504650976,
        "KL divergence": 0.11959078913524772,
        "KS statistic": 0.3836682589359249,
        "W2 distance": 7.818802751882247e-09,
        "Sliced Wasserstein distance": 2.8489770393534432e-09
    },
    "forecast_metrics": {
        "mse": 0.8088779449462891,
        "mae": 0.5931182503700256
    }
}