{
    "config": {
        "seed": 42,
        "dataset_name": "exchange_rate",
        "missing_rate": 0.6,
        "missing_type": "MAR",
        "completeness_rate": 0.9,
        "imputation_method": "IIM",
        "forecast_model": "TimesNet"
    },
    "imputed_metrics": {
        "RMSE": 0.01463413258569482,
        "MAE": 0.002258215489049783,
        "R2": 0.9997819189909626,
        "KL divergence": 7.694462730759675e-05,
        "KS statistic": 0.0012559710097183332,
        "W2 distance": 5.168690336289464e-13,
        "Sliced Wasserstein distance": 7.665138473908577e-13
    },
    "forecast_metrics": {
        "mse": 0.1068669855594635,
        "mae": 0.23621585965156555
    }
}