{
    "config": {
        "seed": 42,
        "dataset_name": "exchange_rate",
        "missing_rate": 0.8,
        "missing_type": "MAR",
        "completeness_rate": 0.4,
        "imputation_method": "xgboost",
        "forecast_model": "TimesNet"
    },
    "imputed_metrics": {
        "RMSE": 0.16123153338362273,
        "MAE": 0.16123153338362273,
        "R2": 0.9188038540246886,
        "KL divergence": 0.017842266909135596,
        "KS statistic": 0.15180777466644702,
        "W2 distance": 1.0328809072829183e-09,
        "Sliced Wasserstein distance": 3.887132147196343e-10
    },
    "forecast_metrics": {
        "mse": 0.17467430233955383,
        "mae": 0.3047870993614197
    }
}