{
    "config": {
        "seed": 42,
        "dataset_name": "exchange_rate",
        "missing_rate": 0.9,
        "missing_type": "MCAR",
        "completeness_rate": 0.1,
        "imputation_method": "mean",
        "forecast_model": "TimesNet"
    },
    "imputed_metrics": {
        "RMSE": 0.6259519153123198,
        "MAE": 0.6259519153123198,
        "R2": 0.2335473073286497,
        "KL divergence": 0.14222375848850027,
        "KS statistic": 0.43773678141986494,
        "W2 distance": 1.0178347282517179e-08,
        "Sliced Wasserstein distance": 3.942749399875126e-09
    },
    "forecast_metrics": {
        "mse": 1.7214795351028442,
        "mae": 0.8457506895065308
    }
}