{
    "config": {
        "seed": 42,
        "dataset_name": "exchange_rate",
        "missing_rate": 0.1,
        "missing_type": "F-MNAR",
        "completeness_rate": 0.1,
        "imputation_method": "forward",
        "forecast_model": "TimesNet"
    },
    "imputed_metrics": {
        "RMSE": 0.01323084706912439,
        "MAE": 0.002144280285085632,
        "R2": 0.9998217590344433,
        "KL divergence": 3.183233204762326e-05,
        "KS statistic": 0.0015236369626091255,
        "W2 distance": 7.812509442939064e-13,
        "Sliced Wasserstein distance": 1.486394407325143e-11
    },
    "forecast_metrics": {
        "mse": 0.10515035688877106,
        "mae": 0.2350858747959137
    }
}