{
    "config": {
        "seed": 42,
        "dataset_name": "exchange_rate",
        "missing_rate": 0.2,
        "missing_type": "MAR",
        "completeness_rate": 0.4,
        "imputation_method": "IIM",
        "forecast_model": "TimesNet"
    },
    "imputed_metrics": {
        "RMSE": 0.03999581071151534,
        "MAE": 0.006825245936188857,
        "R2": 0.9983722295934879,
        "KL divergence": 0.001099307143302159,
        "KS statistic": 0.007062263218580136,
        "W2 distance": 4.329899094774501e-11,
        "Sliced Wasserstein distance": 2.0577073862123738e-11
    },
    "forecast_metrics": {
        "mse": 0.10248857736587524,
        "mae": 0.22962500154972076
    }
}