{
    "config": {
        "seed": 42,
        "dataset_name": "exchange_rate",
        "missing_rate": 0.6,
        "missing_type": "MAR",
        "completeness_rate": 0.3,
        "imputation_method": "forward",
        "forecast_model": "TimesNet"
    },
    "imputed_metrics": {
        "RMSE": 0.016915698286094523,
        "MAE": 0.016915698286094523,
        "R2": 0.9979934286216684,
        "KL divergence": 0.004014513899259103,
        "KS statistic": 0.008174106407511117,
        "W2 distance": 6.307995259975945e-10,
        "Sliced Wasserstein distance": 1.1570336923012846e-11
    },
    "forecast_metrics": {
        "mse": 0.10499659180641174,
        "mae": 0.23350384831428528
    }
}