{
    "config": {
        "seed": 42,
        "dataset_name": "exchange_rate",
        "missing_rate": 0.2,
        "missing_type": "MAR",
        "completeness_rate": 0.8,
        "imputation_method": "IIM",
        "forecast_model": "TimesNet"
    },
    "imputed_metrics": {
        "RMSE": 0.007416062420494224,
        "MAE": 0.0010598004225668438,
        "R2": 0.9999458960277035,
        "KL divergence": 4.6766102345374016e-05,
        "KS statistic": 0.0006176906605172129,
        "W2 distance": 1.791349426460227e-12,
        "Sliced Wasserstein distance": 1.9430373855798354e-12
    },
    "forecast_metrics": {
        "mse": 0.10555186867713928,
        "mae": 0.23556630313396454
    }
}