{
    "config": {
        "seed": 42,
        "dataset_name": "exchange_rate",
        "missing_rate": 0.9,
        "missing_type": "MCAR",
        "completeness_rate": 0.7,
        "imputation_method": "knn",
        "forecast_model": "TimesNet"
    },
    "imputed_metrics": {
        "RMSE": 0.14627736946585368,
        "MAE": 0.14627736946585368,
        "R2": 0.845447606817866,
        "KL divergence": 0.049716942597485984,
        "KS statistic": 0.11641409981881075,
        "W2 distance": 2.335537867011466e-09,
        "Sliced Wasserstein distance": 4.669407060118429e-10
    },
    "forecast_metrics": {
        "mse": 0.1324710249900818,
        "mae": 0.26401618123054504
    }
}