{
    "config": {
        "seed": 42,
        "dataset_name": "exchange_rate",
        "missing_rate": 0.3,
        "missing_type": "MAR",
        "completeness_rate": 0.4,
        "imputation_method": "xgboost",
        "forecast_model": "TimesNet"
    },
    "imputed_metrics": {
        "RMSE": 0.1586633142544243,
        "MAE": 0.05709490081047653,
        "R2": 0.9736947149315169,
        "KL divergence": 0.007615229684036454,
        "KS statistic": 0.05548921100312963,
        "W2 distance": 3.2748343788041364e-10,
        "Sliced Wasserstein distance": 1.2474748419535357e-10
    },
    "forecast_metrics": {
        "mse": 0.12406323850154877,
        "mae": 0.24748662114143372
    }
}