{
    "config": {
        "seed": 42,
        "dataset_name": "exchange_rate",
        "missing_rate": 0.2,
        "missing_type": "MCAR",
        "completeness_rate": 0.3,
        "imputation_method": "xgboost",
        "forecast_model": "TimesNet"
    },
    "imputed_metrics": {
        "RMSE": 0.04409312054476891,
        "MAE": 0.04409312054476891,
        "R2": 0.9800530865994184,
        "KL divergence": 0.004757588723090732,
        "KS statistic": 0.035434854225004114,
        "W2 distance": 1.464447539943942e-10,
        "Sliced Wasserstein distance": 1.0927616290705363e-10
    },
    "forecast_metrics": {
        "mse": 0.11424514651298523,
        "mae": 0.24216075241565704
    }
}