{
    "config": {
        "seed": 42,
        "dataset_name": "exchange_rate",
        "missing_rate": 0.7,
        "missing_type": "F-MNAR",
        "completeness_rate": 0.2,
        "imputation_method": "knn",
        "forecast_model": "TimesNet"
    },
    "imputed_metrics": {
        "RMSE": 0.7921457231301715,
        "MAE": 0.7921457231301715,
        "R2": -0.46684691654309174,
        "KL divergence": 0.13603991670526747,
        "KS statistic": 0.4096730357436996,
        "W2 distance": 5.574228025755246e-09,
        "Sliced Wasserstein distance": 2.368665984184436e-09
    },
    "forecast_metrics": {
        "mse": 0.11488861590623856,
        "mae": 0.25100478529930115
    }
}