{
    "config": {
        "seed": 42,
        "dataset_name": "exchange_rate",
        "missing_rate": 0.3,
        "missing_type": "MCAR",
        "completeness_rate": 0.2,
        "imputation_method": "xgboost",
        "forecast_model": "TimesNet"
    },
    "imputed_metrics": {
        "RMSE": 0.18662264995292804,
        "MAE": 0.07881635207895983,
        "R2": 0.9631320283073028,
        "KL divergence": 0.009938764300763018,
        "KS statistic": 0.061357272278043155,
        "W2 distance": 3.3871887609665357e-10,
        "Sliced Wasserstein distance": 1.826148692244732e-10
    },
    "forecast_metrics": {
        "mse": 0.12410037964582443,
        "mae": 0.25070905685424805
    }
}