{
    "config": {
        "seed": 42,
        "dataset_name": "exchange_rate",
        "missing_rate": 0.6,
        "missing_type": "D-MNAR",
        "completeness_rate": 0.2,
        "imputation_method": "forward",
        "forecast_model": "TimesNet"
    },
    "imputed_metrics": {
        "RMSE": 0.02225479398879148,
        "MAE": 0.02225479398879148,
        "R2": 0.9968739193134811,
        "KL divergence": 0.0060516705934261774,
        "KS statistic": 0.009677153681436335,
        "W2 distance": 6.636624153208916e-10,
        "Sliced Wasserstein distance": 1.5444073837380314e-11
    },
    "forecast_metrics": {
        "mse": 0.10235115885734558,
        "mae": 0.23106303811073303
    }
}