{
    "config": {
        "seed": 42,
        "dataset_name": "exchange_rate",
        "missing_rate": 0.3,
        "missing_type": "D-MNAR",
        "completeness_rate": 0.3,
        "imputation_method": "forward",
        "forecast_model": "TimesNet"
    },
    "imputed_metrics": {
        "RMSE": 0.005864872381217561,
        "MAE": 0.005864872381217561,
        "R2": 0.9994939636292107,
        "KL divergence": 0.00015473308653314122,
        "KS statistic": 0.0030678636139021584,
        "W2 distance": 2.648942842236346e-12,
        "Sliced Wasserstein distance": 4.079632409630152e-12
    },
    "forecast_metrics": {
        "mse": 0.10440041124820709,
        "mae": 0.2341603934764862
    }
}