{
    "config": {
        "seed": 42,
        "dataset_name": "exchange_rate",
        "missing_rate": 0.1,
        "missing_type": "F-MNAR",
        "completeness_rate": 0.6,
        "imputation_method": "knn",
        "forecast_model": "TimesNet"
    },
    "imputed_metrics": {
        "RMSE": 0.018078962259504523,
        "MAE": 0.0022739600066311806,
        "R2": 0.9996672031375079,
        "KL divergence": 0.00013301132737774803,
        "KS statistic": 0.0027796079723274585,
        "W2 distance": 1.3111708898124002e-12,
        "Sliced Wasserstein distance": 1.7582410311395322e-12
    },
    "forecast_metrics": {
        "mse": 0.10368262231349945,
        "mae": 0.23347023129463196
    }
}