{
    "config": {
        "seed": 42,
        "dataset_name": "exchange_rate",
        "missing_rate": 0.1,
        "missing_type": "F-MNAR",
        "completeness_rate": 0.7,
        "imputation_method": "xgboost",
        "forecast_model": "TimesNet"
    },
    "imputed_metrics": {
        "RMSE": 0.07407803979214232,
        "MAE": 0.011777527315162498,
        "R2": 0.9946247567802892,
        "KL divergence": 0.0013239358429289892,
        "KS statistic": 0.015730522154505024,
        "W2 distance": 6.660652577114768e-11,
        "Sliced Wasserstein distance": 2.5812479202326726e-11
    },
    "forecast_metrics": {
        "mse": 0.10546889156103134,
        "mae": 0.23265498876571655
    }
}