{
    "config": {
        "seed": 42,
        "dataset_name": "exchange_rate",
        "missing_rate": 0.7,
        "missing_type": "F-MNAR",
        "completeness_rate": 0.6,
        "imputation_method": "knn",
        "forecast_model": "TimesNet"
    },
    "imputed_metrics": {
        "RMSE": 0.16263397941166977,
        "MAE": 0.16263397941166977,
        "R2": 0.8441081768623555,
        "KL divergence": 0.0371798615319207,
        "KS statistic": 0.09576264206885192,
        "W2 distance": 1.3342354961046906e-09,
        "Sliced Wasserstein distance": 4.215349531456917e-10
    },
    "forecast_metrics": {
        "mse": 0.1180916577577591,
        "mae": 0.24863837659358978
    }
}