{
    "config": {
        "seed": 42,
        "dataset_name": "exchange_rate",
        "missing_rate": 0.9,
        "missing_type": "MAR",
        "completeness_rate": 0.9,
        "imputation_method": "forward",
        "forecast_model": "TimesNet"
    },
    "imputed_metrics": {
        "RMSE": 0.039381628079007,
        "MAE": 0.008358651157697372,
        "R2": 0.9984208639080239,
        "KL divergence": 0.0028103520607704936,
        "KS statistic": 0.003500247076264207,
        "W2 distance": 1.6093659706864984e-11,
        "Sliced Wasserstein distance": 1.0174538332240579e-11
    },
    "forecast_metrics": {
        "mse": 0.10584041476249695,
        "mae": 0.2348768264055252
    }
}