{
    "config": {
        "seed": 42,
        "dataset_name": "exchange_rate",
        "missing_rate": 0.2,
        "missing_type": "MAR",
        "completeness_rate": 0.6,
        "imputation_method": "mean",
        "forecast_model": "TimesNet"
    },
    "imputed_metrics": {
        "RMSE": 0.08364727201371178,
        "MAE": 0.08364727201371178,
        "R2": 0.8999843469022768,
        "KL divergence": 0.025093773691296957,
        "KS statistic": 0.06823422829846812,
        "W2 distance": 5.919987808627329e-10,
        "Sliced Wasserstein distance": 5.090147735768955e-10
    },
    "forecast_metrics": {
        "mse": 0.11320619285106659,
        "mae": 0.2433723509311676
    }
}