{
    "config": {
        "seed": 42,
        "dataset_name": "exchange_rate",
        "missing_rate": 0.9,
        "missing_type": "MAR",
        "completeness_rate": 0.1,
        "imputation_method": "IIM",
        "forecast_model": "TimesNet"
    },
    "imputed_metrics": {
        "RMSE": 0.6222539900921256,
        "MAE": 0.6222539900921256,
        "R2": 0.02587084912890658,
        "KL divergence": 0.1759613452809431,
        "KS statistic": 0.13496540932301104,
        "W2 distance": 4.222074935123832e-09,
        "Sliced Wasserstein distance": 2.2588059948322544e-09
    },
    "forecast_metrics": {
        "mse": 0.08208491653203964,
        "mae": 0.20581193268299103
    }
}