{
    "config": {
        "seed": 42,
        "dataset_name": "exchange_rate",
        "missing_rate": 0.7,
        "missing_type": "D-MNAR",
        "completeness_rate": 0.2,
        "imputation_method": "mean",
        "forecast_model": "TimesNet"
    },
    "imputed_metrics": {
        "RMSE": 0.8008097038336216,
        "MAE": 0.5190556903820113,
        "R2": 0.34628383664263596,
        "KL divergence": 0.11600187486342914,
        "KS statistic": 0.3996252676659529,
        "W2 distance": 6.70474060852023e-09,
        "Sliced Wasserstein distance": 2.609495794041124e-09
    },
    "forecast_metrics": {
        "mse": 0.42179712653160095,
        "mae": 0.44200554490089417
    }
}