{
    "config": {
        "seed": 42,
        "dataset_name": "exchange_rate",
        "missing_rate": 0.9,
        "missing_type": "MAR",
        "completeness_rate": 0.6,
        "imputation_method": "forward",
        "forecast_model": "TimesNet"
    },
    "imputed_metrics": {
        "RMSE": 0.029607694699458724,
        "MAE": 0.029607694699458724,
        "R2": 0.9912903283583542,
        "KL divergence": 0.009969372634118831,
        "KS statistic": 0.021248558721792127,
        "W2 distance": 7.640679029790811e-10,
        "Sliced Wasserstein distance": 2.6102283060065266e-11
    },
    "forecast_metrics": {
        "mse": 0.11063715815544128,
        "mae": 0.23747703433036804
    }
}