{
    "config": {
        "seed": 42,
        "dataset_name": "exchange_rate",
        "missing_rate": 0.2,
        "missing_type": "F-MNAR",
        "completeness_rate": 0.6,
        "imputation_method": "IIM",
        "forecast_model": "TimesNet"
    },
    "imputed_metrics": {
        "RMSE": 0.0033518009778101742,
        "MAE": 0.0033518009778101742,
        "R2": 0.9995234711169139,
        "KL divergence": 0.0005299919606168911,
        "KS statistic": 0.006382803492011201,
        "W2 distance": 8.003426643164703e-11,
        "Sliced Wasserstein distance": 6.735135546090741e-13
    },
    "forecast_metrics": {
        "mse": 0.10482577979564667,
        "mae": 0.23388320207595825
    }
}