{
    "config": {
        "seed": 42,
        "dataset_name": "exchange_rate",
        "missing_rate": 0.8,
        "missing_type": "MAR",
        "completeness_rate": 0.5,
        "imputation_method": "knn",
        "forecast_model": "TimesNet"
    },
    "imputed_metrics": {
        "RMSE": 0.3360582874539498,
        "MAE": 0.3360582874539498,
        "R2": 0.5781394408050113,
        "KL divergence": 0.0700787006115482,
        "KS statistic": 0.23107807609948938,
        "W2 distance": 4.767682152246838e-09,
        "Sliced Wasserstein distance": 1.4667397434319611e-09
    },
    "forecast_metrics": {
        "mse": 0.14085397124290466,
        "mae": 0.27549612522125244
    }
}