{
    "config": {
        "seed": 42,
        "dataset_name": "exchange_rate",
        "missing_rate": 0.7,
        "missing_type": "D-MNAR",
        "completeness_rate": 0.7,
        "imputation_method": "mean",
        "forecast_model": "TimesNet"
    },
    "imputed_metrics": {
        "RMSE": 0.22191738855601464,
        "MAE": 0.22191738855601464,
        "R2": 0.7336978016853147,
        "KL divergence": 0.06082380684439555,
        "KS statistic": 0.1783684730686872,
        "W2 distance": 4.644723684894435e-09,
        "Sliced Wasserstein distance": 1.4395624532971096e-09
    },
    "forecast_metrics": {
        "mse": 0.22930863499641418,
        "mae": 0.33353403210639954
    }
}