{
    "config": {
        "seed": 42,
        "dataset_name": "exchange_rate",
        "missing_rate": 0.2,
        "missing_type": "D-MNAR",
        "completeness_rate": 0.9,
        "imputation_method": "IIM",
        "forecast_model": "TimesNet"
    },
    "imputed_metrics": {
        "RMSE": 0.0046239242241528766,
        "MAE": 0.00038242536588610227,
        "R2": 0.999978328303545,
        "KL divergence": 5.687810839065888e-06,
        "KS statistic": 0.0001853071981551639,
        "W2 distance": 3.464973750581353e-13,
        "Sliced Wasserstein distance": 3.027870573444958e-13
    },
    "forecast_metrics": {
        "mse": 0.10516145080327988,
        "mae": 0.2350693941116333
    }
}