{
    "config": {
        "seed": 42,
        "dataset_name": "exchange_rate",
        "missing_rate": 0.6,
        "missing_type": "MCAR",
        "completeness_rate": 0.8,
        "imputation_method": "mean",
        "forecast_model": "TimesNet"
    },
    "imputed_metrics": {
        "RMSE": 0.34065076941941524,
        "MAE": 0.10921345607654152,
        "R2": 0.8818453072081399,
        "KL divergence": 0.02695642396561273,
        "KS statistic": 0.08655905122714544,
        "W2 distance": 1.1141258426599602e-09,
        "Sliced Wasserstein distance": 5.167689487067844e-10
    },
    "forecast_metrics": {
        "mse": 0.18828609585762024,
        "mae": 0.2956138551235199
    }
}