{
    "config": {
        "seed": 42,
        "dataset_name": "exchange_rate",
        "missing_rate": 0.4,
        "missing_type": "MCAR",
        "completeness_rate": 0.1,
        "imputation_method": "knn",
        "forecast_model": "TimesNet"
    },
    "imputed_metrics": {
        "RMSE": 0.4079663995551843,
        "MAE": 0.1824823358384535,
        "R2": 0.8305346088537021,
        "KL divergence": 0.03306805242460029,
        "KS statistic": 0.0812057321693296,
        "W2 distance": 7.092409453320817e-10,
        "Sliced Wasserstein distance": 8.378601414987299e-10
    },
    "forecast_metrics": {
        "mse": 0.15800082683563232,
        "mae": 0.2853170931339264
    }
}