{
    "config": {
        "seed": 42,
        "dataset_name": "exchange_rate",
        "missing_rate": 0.7,
        "missing_type": "D-MNAR",
        "completeness_rate": 0.5,
        "imputation_method": "forward",
        "forecast_model": "TimesNet"
    },
    "imputed_metrics": {
        "RMSE": 0.012608611107109223,
        "MAE": 0.012608611107109223,
        "R2": 0.9980081557636831,
        "KL divergence": 0.00242797564401294,
        "KS statistic": 0.0075564157469939055,
        "W2 distance": 1.359232309233606e-11,
        "Sliced Wasserstein distance": 1.9605101358589177e-11
    },
    "forecast_metrics": {
        "mse": 0.10444812476634979,
        "mae": 0.23509560525417328
    }
}