{
    "config": {
        "seed": 42,
        "dataset_name": "exchange_rate",
        "missing_rate": 0.6,
        "missing_type": "F-MNAR",
        "completeness_rate": 0.5,
        "imputation_method": "knn",
        "forecast_model": "TimesNet"
    },
    "imputed_metrics": {
        "RMSE": 0.28023561939436265,
        "MAE": 0.109499072034422,
        "R2": 0.920038874583822,
        "KL divergence": 0.022182779900391306,
        "KS statistic": 0.08301762477351342,
        "W2 distance": 6.962491497379173e-10,
        "Sliced Wasserstein distance": 2.5437437681113477e-10
    },
    "forecast_metrics": {
        "mse": 0.12614989280700684,
        "mae": 0.2539847195148468
    }
}