{
    "config": {
        "seed": 42,
        "dataset_name": "exchange_rate",
        "missing_rate": 0.7,
        "missing_type": "D-MNAR",
        "completeness_rate": 0.3,
        "imputation_method": "knn",
        "forecast_model": "TimesNet"
    },
    "imputed_metrics": {
        "RMSE": 0.6678564677343336,
        "MAE": 0.3593231789000332,
        "R2": 0.5458508567034869,
        "KL divergence": 0.08036175166219073,
        "KS statistic": 0.183948278702026,
        "W2 distance": 2.8044203394460938e-09,
        "Sliced Wasserstein distance": 1.174470870941407e-09
    },
    "forecast_metrics": {
        "mse": 0.20052333176136017,
        "mae": 0.3211464285850525
    }
}