{
    "config": {
        "seed": 42,
        "dataset_name": "exchange_rate",
        "missing_rate": 0.8,
        "missing_type": "MCAR",
        "completeness_rate": 0.3,
        "imputation_method": "xgboost",
        "forecast_model": "TimesNet"
    },
    "imputed_metrics": {
        "RMSE": 0.2968076469398697,
        "MAE": 0.1835559355312384,
        "R2": 0.9117411726907405,
        "KL divergence": 0.020534466925197323,
        "KS statistic": 0.1472780431559875,
        "W2 distance": 1.5974543971965923e-09,
        "Sliced Wasserstein distance": 4.4826743568192045e-10
    },
    "forecast_metrics": {
        "mse": 0.1715463101863861,
        "mae": 0.30191072821617126
    }
}