{
    "config": {
        "seed": 42,
        "dataset_name": "exchange_rate",
        "missing_rate": 0.2,
        "missing_type": "D-MNAR",
        "completeness_rate": 0.6,
        "imputation_method": "xgboost",
        "forecast_model": "TimesNet"
    },
    "imputed_metrics": {
        "RMSE": 0.03014474365007268,
        "MAE": 0.03014474365007268,
        "R2": 0.9862254997099729,
        "KL divergence": 0.004108656691130394,
        "KS statistic": 0.03570252017789491,
        "W2 distance": 2.409830695387308e-10,
        "Sliced Wasserstein distance": 8.241982026925968e-11
    },
    "forecast_metrics": {
        "mse": 0.1165146455168724,
        "mae": 0.24272948503494263
    }
}