{
    "config": {
        "seed": 42,
        "dataset_name": "exchange_rate",
        "missing_rate": 0.7,
        "missing_type": "MCAR",
        "completeness_rate": 0.7,
        "imputation_method": "xgboost",
        "forecast_model": "TimesNet"
    },
    "imputed_metrics": {
        "RMSE": 0.17778493302413734,
        "MAE": 0.07513345707450807,
        "R2": 0.9672475388686391,
        "KL divergence": 0.008276848143756467,
        "KS statistic": 0.08507659364190415,
        "W2 distance": 4.827029673590323e-10,
        "Sliced Wasserstein distance": 1.2681355161991915e-10
    },
    "forecast_metrics": {
        "mse": 0.13643024861812592,
        "mae": 0.2678014039993286
    }
}