{
    "config": {
        "seed": 42,
        "dataset_name": "exchange_rate",
        "missing_rate": 0.1,
        "missing_type": "MCAR",
        "completeness_rate": 0.3,
        "imputation_method": "forward",
        "forecast_model": "TimesNet"
    },
    "imputed_metrics": {
        "RMSE": 0.009728033842897077,
        "MAE": 0.0016164291653933361,
        "R2": 0.9999036431991485,
        "KL divergence": 3.2526554468704064e-05,
        "KS statistic": 0.0010706638115631692,
        "W2 distance": 2.4168175277200647e-13,
        "Sliced Wasserstein distance": 1.7695645061062818e-12
    },
    "forecast_metrics": {
        "mse": 0.10531383752822876,
        "mae": 0.2350895255804062
    }
}