{
    "config": {
        "seed": 42,
        "dataset_name": "exchange_rate",
        "missing_rate": 0.8,
        "missing_type": "F-MNAR",
        "completeness_rate": 0.9,
        "imputation_method": "knn",
        "forecast_model": "TimesNet"
    },
    "imputed_metrics": {
        "RMSE": 0.008171747561249164,
        "MAE": 0.008171747561249164,
        "R2": 0.9985364392195765,
        "KL divergence": 0.0006368743448341899,
        "KS statistic": 0.005950420029649152,
        "W2 distance": 5.02560155522199e-12,
        "Sliced Wasserstein distance": 8.126364826829734e-12
    },
    "forecast_metrics": {
        "mse": 0.10967312008142471,
        "mae": 0.23972482979297638
    }
}