{
    "config": {
        "seed": 42,
        "dataset_name": "exchange_rate",
        "missing_rate": 0.4,
        "missing_type": "D-MNAR",
        "completeness_rate": 0.9,
        "imputation_method": "forward",
        "forecast_model": "TimesNet"
    },
    "imputed_metrics": {
        "RMSE": 0.001329193808543487,
        "MAE": 0.001329193808543487,
        "R2": 0.9999106530262876,
        "KL divergence": 2.164918384365835e-05,
        "KS statistic": 0.0004529731510459562,
        "W2 distance": 3.872698325884834e-13,
        "Sliced Wasserstein distance": 1.0950742736953723e-12
    },
    "forecast_metrics": {
        "mse": 0.10557383298873901,
        "mae": 0.23558896780014038
    }
}