{
    "config": {
        "seed": 42,
        "dataset_name": "exchange_rate",
        "missing_rate": 0.2,
        "missing_type": "F-MNAR",
        "completeness_rate": 0.3,
        "imputation_method": "mean",
        "forecast_model": "TimesNet"
    },
    "imputed_metrics": {
        "RMSE": 0.11923784551271274,
        "MAE": 0.11923784551271274,
        "R2": 0.8623679955766017,
        "KL divergence": 0.03231383223398956,
        "KS statistic": 0.10286608466479988,
        "W2 distance": 5.314787301691632e-10,
        "Sliced Wasserstein distance": 8.145584895006466e-10
    },
    "forecast_metrics": {
        "mse": 0.12728442251682281,
        "mae": 0.25763145089149475
    }
}