{
    "config": {
        "seed": 42,
        "dataset_name": "exchange_rate",
        "missing_rate": 0.6,
        "missing_type": "MAR",
        "completeness_rate": 0.3,
        "imputation_method": "IIM",
        "forecast_model": "TimesNet"
    },
    "imputed_metrics": {
        "RMSE": 0.7661384626667824,
        "MAE": 0.3699623701572887,
        "R2": 0.36687671654612264,
        "KL divergence": 0.10058175546536205,
        "KS statistic": 0.13556251029484434,
        "W2 distance": 3.3513747335378614e-09,
        "Sliced Wasserstein distance": 2.472772665365964e-09
    },
    "forecast_metrics": {
        "mse": 0.08039000630378723,
        "mae": 0.20244981348514557
    }
}