{
    "config": {
        "seed": 42,
        "dataset_name": "exchange_rate",
        "missing_rate": 0.7,
        "missing_type": "MAR",
        "completeness_rate": 0.4,
        "imputation_method": "knn",
        "forecast_model": "TimesNet"
    },
    "imputed_metrics": {
        "RMSE": 0.2545786010855574,
        "MAE": 0.2545786010855574,
        "R2": 0.6946112602227267,
        "KL divergence": 0.062376484965463865,
        "KS statistic": 0.1180612749135233,
        "W2 distance": 1.1267275343548576e-09,
        "Sliced Wasserstein distance": 9.310697785395589e-10
    },
    "forecast_metrics": {
        "mse": 0.14861172437667847,
        "mae": 0.2735747694969177
    }
}