{
    "config": {
        "seed": 42,
        "dataset_name": "exchange_rate",
        "missing_rate": 0.5,
        "missing_type": "F-MNAR",
        "completeness_rate": 0.2,
        "imputation_method": "IIM",
        "forecast_model": "TimesNet"
    },
    "imputed_metrics": {
        "RMSE": 0.612660902922685,
        "MAE": 0.33511088745354983,
        "R2": 0.550862373632961,
        "KL divergence": 0.08407378008258615,
        "KS statistic": 0.1479575028825564,
        "W2 distance": 4.3069049463616134e-09,
        "Sliced Wasserstein distance": 1.2595665866946464e-09
    },
    "forecast_metrics": {
        "mse": 0.12820646166801453,
        "mae": 0.2570773959159851
    }
}