{
    "config": {
        "seed": 42,
        "dataset_name": "exchange_rate",
        "missing_rate": 0.3,
        "missing_type": "MAR",
        "completeness_rate": 0.2,
        "imputation_method": "IIM",
        "forecast_model": "TimesNet"
    },
    "imputed_metrics": {
        "RMSE": 0.3452145094024017,
        "MAE": 0.115303004944844,
        "R2": 0.8875740121625807,
        "KL divergence": 0.029741571865711216,
        "KS statistic": 0.04284714215121067,
        "W2 distance": 6.213643188109191e-10,
        "Sliced Wasserstein distance": 4.747178452774452e-10
    },
    "forecast_metrics": {
        "mse": 0.15092532336711884,
        "mae": 0.2755805552005768
    }
}