{
    "config": {
        "seed": 42,
        "dataset_name": "exchange_rate",
        "missing_rate": 0.7,
        "missing_type": "F-MNAR",
        "completeness_rate": 0.3,
        "imputation_method": "knn",
        "forecast_model": "TimesNet"
    },
    "imputed_metrics": {
        "RMSE": 0.7910429729546535,
        "MAE": 0.43289166805501555,
        "R2": 0.36286365355762584,
        "KL divergence": 0.0916310440030983,
        "KS statistic": 0.23171635644869049,
        "W2 distance": 2.5281474337339724e-09,
        "Sliced Wasserstein distance": 1.7141595710982772e-09
    },
    "forecast_metrics": {
        "mse": 0.170148104429245,
        "mae": 0.29489174485206604
    }
}