{
    "config": {
        "seed": 42,
        "dataset_name": "exchange_rate",
        "missing_rate": 0.5,
        "missing_type": "F-MNAR",
        "completeness_rate": 0.9,
        "imputation_method": "forward",
        "forecast_model": "TimesNet"
    },
    "imputed_metrics": {
        "RMSE": 0.01147698737329565,
        "MAE": 0.0017182117191993883,
        "R2": 0.9998658817016485,
        "KL divergence": 0.00048220078841638276,
        "KS statistic": 0.0007824081699884698,
        "W2 distance": 6.601727780005699e-12,
        "Sliced Wasserstein distance": 5.668760543062707e-13
    },
    "forecast_metrics": {
        "mse": 0.10463333874940872,
        "mae": 0.2342972457408905
    }
}