{
    "config": {
        "seed": 42,
        "dataset_name": "exchange_rate",
        "missing_rate": 0.2,
        "missing_type": "F-MNAR",
        "completeness_rate": 0.5,
        "imputation_method": "IIM",
        "forecast_model": "TimesNet"
    },
    "imputed_metrics": {
        "RMSE": 0.021945305066261453,
        "MAE": 0.003339133745624168,
        "R2": 0.9995259273986756,
        "KL divergence": 0.0005070603361399709,
        "KS statistic": 0.006300444737275573,
        "W2 distance": 7.434887904401685e-11,
        "Sliced Wasserstein distance": 6.839835054143143e-13
    },
    "forecast_metrics": {
        "mse": 0.10481713712215424,
        "mae": 0.23387789726257324
    }
}