{
    "config": {
        "seed": 42,
        "dataset_name": "exchange_rate",
        "missing_rate": 0.5,
        "missing_type": "D-MNAR",
        "completeness_rate": 0.2,
        "imputation_method": "IIM",
        "forecast_model": "TimesNet"
    },
    "imputed_metrics": {
        "RMSE": 0.32293168071618633,
        "MAE": 0.32293168071618633,
        "R2": 0.5786715278643191,
        "KL divergence": 0.07781471490540068,
        "KS statistic": 0.12934442431230442,
        "W2 distance": 1.0628541618188809e-09,
        "Sliced Wasserstein distance": 1.2596930358351937e-09
    },
    "forecast_metrics": {
        "mse": 0.14106284081935883,
        "mae": 0.27036046981811523
    }
}