{
    "config": {
        "seed": 42,
        "dataset_name": "exchange_rate",
        "missing_rate": 0.2,
        "missing_type": "F-MNAR",
        "completeness_rate": 0.9,
        "imputation_method": "forward",
        "forecast_model": "TimesNet"
    },
    "imputed_metrics": {
        "RMSE": 0.0005341381413651353,
        "MAE": 0.0005341381413651353,
        "R2": 0.9999682342757483,
        "KL divergence": 2.3512573746591193e-05,
        "KS statistic": 0.0003088453302586065,
        "W2 distance": 3.005092695789507e-13,
        "Sliced Wasserstein distance": 2.9728034392365347e-13
    },
    "forecast_metrics": {
        "mse": 0.10513003170490265,
        "mae": 0.2347271591424942
    }
}