{
    "config": {
        "seed": 42,
        "dataset_name": "exchange_rate",
        "missing_rate": 0.3,
        "missing_type": "D-MNAR",
        "completeness_rate": 0.6,
        "imputation_method": "xgboost",
        "forecast_model": "TimesNet"
    },
    "imputed_metrics": {
        "RMSE": 0.14338050396377636,
        "MAE": 0.045373072627303654,
        "R2": 0.979293969429213,
        "KL divergence": 0.006199676523905319,
        "KS statistic": 0.05326552462526766,
        "W2 distance": 4.093732248572404e-10,
        "Sliced Wasserstein distance": 9.062237989956737e-11
    },
    "forecast_metrics": {
        "mse": 0.12633922696113586,
        "mae": 0.25126105546951294
    }
}