{
    "config": {
        "seed": 42,
        "dataset_name": "exchange_rate",
        "missing_rate": 0.7,
        "missing_type": "F-MNAR",
        "completeness_rate": 0.7,
        "imputation_method": "mean",
        "forecast_model": "TimesNet"
    },
    "imputed_metrics": {
        "RMSE": 0.21964419449473677,
        "MAE": 0.21964419449473677,
        "R2": 0.7246382999411132,
        "KL divergence": 0.06258617421371872,
        "KS statistic": 0.1737357931148081,
        "W2 distance": 4.665832012408726e-09,
        "Sliced Wasserstein distance": 9.757400741882167e-10
    },
    "forecast_metrics": {
        "mse": 0.25837668776512146,
        "mae": 0.3306612968444824
    }
}