{
    "config": {
        "seed": 42,
        "dataset_name": "exchange_rate",
        "missing_rate": 0.5,
        "missing_type": "F-MNAR",
        "completeness_rate": 0.5,
        "imputation_method": "knn",
        "forecast_model": "TimesNet"
    },
    "imputed_metrics": {
        "RMSE": 0.06600059021472177,
        "MAE": 0.06600059021472177,
        "R2": 0.9598304382345437,
        "KL divergence": 0.01373741620980767,
        "KS statistic": 0.059463020919123706,
        "W2 distance": 1.8237346793803078e-10,
        "Sliced Wasserstein distance": 1.1420943505975263e-10
    },
    "forecast_metrics": {
        "mse": 0.1284707635641098,
        "mae": 0.25741052627563477
    }
}