{
    "config": {
        "seed": 42,
        "dataset_name": "exchange_rate",
        "missing_rate": 0.4,
        "missing_type": "MCAR",
        "completeness_rate": 0.3,
        "imputation_method": "knn",
        "forecast_model": "TimesNet"
    },
    "imputed_metrics": {
        "RMSE": 0.11142692017135798,
        "MAE": 0.11142692017135798,
        "R2": 0.9172243421932963,
        "KL divergence": 0.018663489432283166,
        "KS statistic": 0.04933289408664141,
        "W2 distance": 2.6298396305486575e-10,
        "Sliced Wasserstein distance": 3.7145512076497136e-10
    },
    "forecast_metrics": {
        "mse": 0.13736115396022797,
        "mae": 0.270548015832901
    }
}