{
    "config": {
        "seed": 42,
        "dataset_name": "exchange_rate",
        "missing_rate": 0.7,
        "missing_type": "MCAR",
        "completeness_rate": 0.4,
        "imputation_method": "knn",
        "forecast_model": "TimesNet"
    },
    "imputed_metrics": {
        "RMSE": 0.4155471090046099,
        "MAE": 0.18276839518963012,
        "R2": 0.8241781856265398,
        "KL divergence": 0.045597993047045475,
        "KS statistic": 0.0692843024213474,
        "W2 distance": 6.302235338062919e-10,
        "Sliced Wasserstein distance": 4.516981707610288e-10
    },
    "forecast_metrics": {
        "mse": 0.13567501306533813,
        "mae": 0.26544561982154846
    }
}