{
    "config": {
        "seed": 42,
        "dataset_name": "exchange_rate",
        "missing_rate": 0.7,
        "missing_type": "F-MNAR",
        "completeness_rate": 0.8,
        "imputation_method": "IIM",
        "forecast_model": "TimesNet"
    },
    "imputed_metrics": {
        "RMSE": 0.08901047971896273,
        "MAE": 0.022778223462035938,
        "R2": 0.9914071843749842,
        "KL divergence": 0.001915177096613304,
        "KS statistic": 0.011468456596936254,
        "W2 distance": 3.236511220273298e-11,
        "Sliced Wasserstein distance": 4.212230190965912e-11
    },
    "forecast_metrics": {
        "mse": 0.10936498641967773,
        "mae": 0.23789064586162567
    }
}