{
    "config": {
        "seed": 42,
        "dataset_name": "exchange_rate",
        "missing_rate": 0.9,
        "missing_type": "MAR",
        "completeness_rate": 0.8,
        "imputation_method": "mean",
        "forecast_model": "TimesNet"
    },
    "imputed_metrics": {
        "RMSE": 0.41770614548646656,
        "MAE": 0.16324643342503536,
        "R2": 0.8223464228631447,
        "KL divergence": 0.04037704268538822,
        "KS statistic": 0.12493823093394829,
        "W2 distance": 2.643853340653528e-09,
        "Sliced Wasserstein distance": 1.8184436691202332e-09
    },
    "forecast_metrics": {
        "mse": 0.6148871779441833,
        "mae": 0.42517590522766113
    }
}