{
    "config": {
        "seed": 42,
        "dataset_name": "exchange_rate",
        "missing_rate": 0.5,
        "missing_type": "MAR",
        "completeness_rate": 0.4,
        "imputation_method": "xgboost",
        "forecast_model": "TimesNet"
    },
    "imputed_metrics": {
        "RMSE": 0.09662210644853331,
        "MAE": 0.09662210644853331,
        "R2": 0.9551765847221467,
        "KL divergence": 0.01250215898421865,
        "KS statistic": 0.0927977268983693,
        "W2 distance": 4.67191315694808e-10,
        "Sliced Wasserstein distance": 3.135890331419746e-10
    },
    "forecast_metrics": {
        "mse": 0.14260713756084442,
        "mae": 0.26809030771255493
    }
}