{
    "config": {
        "seed": 42,
        "dataset_name": "exchange_rate",
        "missing_rate": 0.4,
        "missing_type": "MAR",
        "completeness_rate": 0.7,
        "imputation_method": "mean",
        "forecast_model": "TimesNet"
    },
    "imputed_metrics": {
        "RMSE": 0.1186525412397375,
        "MAE": 0.1186525412397375,
        "R2": 0.8710688027287411,
        "KL divergence": 0.03307426917377958,
        "KS statistic": 0.10698402240158128,
        "W2 distance": 1.5386369165862011e-09,
        "Sliced Wasserstein distance": 5.381869644556225e-10
    },
    "forecast_metrics": {
        "mse": 0.1342732161283493,
        "mae": 0.2703741490840912
    }
}