{
    "config": {
        "seed": 42,
        "dataset_name": "exchange_rate",
        "missing_rate": 0.3,
        "missing_type": "F-MNAR",
        "completeness_rate": 0.9,
        "imputation_method": "knn",
        "forecast_model": "TimesNet"
    },
    "imputed_metrics": {
        "RMSE": 0.001557703354379829,
        "MAE": 0.001557703354379829,
        "R2": 0.9998546036582348,
        "KL divergence": 0.0001187423476946171,
        "KS statistic": 0.0007206391039367484,
        "W2 distance": 3.1154254098940373e-12,
        "Sliced Wasserstein distance": 7.402077637989312e-13
    },
    "forecast_metrics": {
        "mse": 0.10542058944702148,
        "mae": 0.23524793982505798
    }
}