{
    "config": {
        "seed": 42,
        "dataset_name": "exchange_rate",
        "missing_rate": 0.1,
        "missing_type": "D-MNAR",
        "completeness_rate": 0.6,
        "imputation_method": "forward",
        "forecast_model": "TimesNet"
    },
    "imputed_metrics": {
        "RMSE": 0.006755306313687539,
        "MAE": 0.0008858124754087744,
        "R2": 0.9999535353874629,
        "KL divergence": 1.5806824851265132e-05,
        "KS statistic": 0.0008853566134080053,
        "W2 distance": 2.3488396736307173e-13,
        "Sliced Wasserstein distance": 1.0062146651391281e-12
    },
    "forecast_metrics": {
        "mse": 0.10488331317901611,
        "mae": 0.23485879600048065
    }
}