{
    "config": {
        "seed": 42,
        "dataset_name": "exchange_rate",
        "missing_rate": 0.2,
        "missing_type": "D-MNAR",
        "completeness_rate": 0.9,
        "imputation_method": "forward",
        "forecast_model": "TimesNet"
    },
    "imputed_metrics": {
        "RMSE": 0.00525797673701881,
        "MAE": 0.0005375622950231662,
        "R2": 0.999971850573737,
        "KL divergence": 6.605828761628318e-06,
        "KS statistic": 0.0002882556415746994,
        "W2 distance": 3.861046451135464e-13,
        "Sliced Wasserstein distance": 9.063106301158062e-13
    },
    "forecast_metrics": {
        "mse": 0.10526042431592941,
        "mae": 0.23513054847717285
    }
}