{
    "config": {
        "seed": 42,
        "dataset_name": "exchange_rate",
        "missing_rate": 0.5,
        "missing_type": "D-MNAR",
        "completeness_rate": 0.7,
        "imputation_method": "xgboost",
        "forecast_model": "TimesNet"
    },
    "imputed_metrics": {
        "RMSE": 0.1530278073384181,
        "MAE": 0.056132765400724205,
        "R2": 0.9755837453406266,
        "KL divergence": 0.0073227185518332,
        "KS statistic": 0.07148739911052546,
        "W2 distance": 6.584614193773565e-10,
        "Sliced Wasserstein distance": 2.0512066678506111e-10
    },
    "forecast_metrics": {
        "mse": 0.11806293576955795,
        "mae": 0.2522510588169098
    }
}