{
    "config": {
        "seed": 42,
        "dataset_name": "exchange_rate",
        "missing_rate": 0.8,
        "missing_type": "D-MNAR",
        "completeness_rate": 0.1,
        "imputation_method": "forward",
        "forecast_model": "TimesNet"
    },
    "imputed_metrics": {
        "RMSE": 0.09044037246465597,
        "MAE": 0.04354386228576156,
        "R2": 0.9915732946575105,
        "KL divergence": 0.011550745291258584,
        "KS statistic": 0.01923076923076923,
        "W2 distance": 6.972998542480112e-10,
        "Sliced Wasserstein distance": 3.476448635657963e-11
    },
    "forecast_metrics": {
        "mse": 0.11465548723936081,
        "mae": 0.2392646074295044
    }
}