{
    "config": {
        "seed": 42,
        "dataset_name": "exchange_rate",
        "missing_rate": 0.5,
        "missing_type": "F-MNAR",
        "completeness_rate": 0.7,
        "imputation_method": "knn",
        "forecast_model": "TimesNet"
    },
    "imputed_metrics": {
        "RMSE": 0.15500894789790637,
        "MAE": 0.029962120666821628,
        "R2": 0.9755349693577156,
        "KL divergence": 0.005386276655264212,
        "KS statistic": 0.014783396475045299,
        "W2 distance": 1.9065534548148998e-10,
        "Sliced Wasserstein distance": 4.023893523901853e-11
    },
    "forecast_metrics": {
        "mse": 0.11000371724367142,
        "mae": 0.23938056826591492
    }
}