{
    "config": {
        "seed": 42,
        "dataset_name": "exchange_rate",
        "missing_rate": 0.2,
        "missing_type": "MAR",
        "completeness_rate": 0.7,
        "imputation_method": "forward",
        "forecast_model": "TimesNet"
    },
    "imputed_metrics": {
        "RMSE": 0.001306651847073888,
        "MAE": 0.001306651847073888,
        "R2": 0.9998101819463565,
        "KL divergence": 6.380284130449208e-05,
        "KS statistic": 0.0015236369626091253,
        "W2 distance": 4.252397593519524e-13,
        "Sliced Wasserstein distance": 4.542885447675155e-13
    },
    "forecast_metrics": {
        "mse": 0.10554423928260803,
        "mae": 0.23520085215568542
    }
}