{
    "config": {
        "seed": 42,
        "dataset_name": "exchange_rate",
        "missing_rate": 0.4,
        "missing_type": "MCAR",
        "completeness_rate": 0.3,
        "imputation_method": "IIM",
        "forecast_model": "TimesNet"
    },
    "imputed_metrics": {
        "RMSE": 0.2549087188782316,
        "MAE": 0.09792636992685227,
        "R2": 0.9336888735933959,
        "KL divergence": 0.016673552348116533,
        "KS statistic": 0.042208861802009556,
        "W2 distance": 1.8959007535999597e-10,
        "Sliced Wasserstein distance": 3.4829464002495235e-10
    },
    "forecast_metrics": {
        "mse": 0.15641085803508759,
        "mae": 0.2793314754962921
    }
}