{
    "config": {
        "seed": 42,
        "dataset_name": "exchange_rate",
        "missing_rate": 0.3,
        "missing_type": "F-MNAR",
        "completeness_rate": 0.4,
        "imputation_method": "mean",
        "forecast_model": "TimesNet"
    },
    "imputed_metrics": {
        "RMSE": 0.4198234346206879,
        "MAE": 0.15149528213559735,
        "R2": 0.8205408602635397,
        "KL divergence": 0.03744027160896993,
        "KS statistic": 0.11612584417723604,
        "W2 distance": 9.389183005287363e-10,
        "Sliced Wasserstein distance": 8.158052165495738e-10
    },
    "forecast_metrics": {
        "mse": 0.13674822449684143,
        "mae": 0.2663002014160156
    }
}