{
    "config": {
        "seed": 42,
        "dataset_name": "exchange_rate",
        "missing_rate": 0.9,
        "missing_type": "D-MNAR",
        "completeness_rate": 0.6,
        "imputation_method": "IIM",
        "forecast_model": "TimesNet"
    },
    "imputed_metrics": {
        "RMSE": 0.470099034730927,
        "MAE": 0.2208013273928713,
        "R2": 0.7750761097693567,
        "KL divergence": 0.06113885519790467,
        "KS statistic": 0.12858260583099984,
        "W2 distance": 2.5951212177172525e-09,
        "Sliced Wasserstein distance": 7.41409374599155e-10
    },
    "forecast_metrics": {
        "mse": 0.14689421653747559,
        "mae": 0.27006796002388
    }
}