{
    "config": {
        "seed": 42,
        "dataset_name": "exchange_rate",
        "missing_rate": 0.9,
        "missing_type": "MCAR",
        "completeness_rate": 0.3,
        "imputation_method": "mean",
        "forecast_model": "TimesNet"
    },
    "imputed_metrics": {
        "RMSE": 0.5321515309468184,
        "MAE": 0.5321515309468184,
        "R2": 0.3593724509775198,
        "KL divergence": 0.12885234906506954,
        "KS statistic": 0.3671965079887992,
        "W2 distance": 9.19158395624468e-09,
        "Sliced Wasserstein distance": 3.456911060627267e-09
    },
    "forecast_metrics": {
        "mse": 1.5447748899459839,
        "mae": 0.7802888751029968
    }
}