{
    "config": {
        "seed": 42,
        "dataset_name": "exchange_rate",
        "missing_rate": 0.3,
        "missing_type": "D-MNAR",
        "completeness_rate": 0.3,
        "imputation_method": "mean",
        "forecast_model": "TimesNet"
    },
    "imputed_metrics": {
        "RMSE": 0.1920856846296645,
        "MAE": 0.1920856846296645,
        "R2": 0.7508702797106622,
        "KL divergence": 0.050007642682998635,
        "KS statistic": 0.1450337670894416,
        "W2 distance": 1.323373747168559e-09,
        "Sliced Wasserstein distance": 1.059901386331297e-09
    },
    "forecast_metrics": {
        "mse": 0.17486344277858734,
        "mae": 0.2977403700351715
    }
}