{
    "config": {
        "seed": 42,
        "dataset_name": "exchange_rate",
        "missing_rate": 0.5,
        "missing_type": "MCAR",
        "completeness_rate": 0.4,
        "imputation_method": "IIM",
        "forecast_model": "TimesNet"
    },
    "imputed_metrics": {
        "RMSE": 0.10578086596155552,
        "MAE": 0.10578086596155552,
        "R2": 0.9288100726689776,
        "KL divergence": 0.018360127012579046,
        "KS statistic": 0.06403393180695108,
        "W2 distance": 4.873769617571298e-10,
        "Sliced Wasserstein distance": 2.3098950306109833e-10
    },
    "forecast_metrics": {
        "mse": 0.12156490236520767,
        "mae": 0.2541320025920868
    }
}