{
    "config": {
        "seed": 42,
        "dataset_name": "exchange_rate",
        "missing_rate": 0.8,
        "missing_type": "MCAR",
        "completeness_rate": 0.1,
        "imputation_method": "mean",
        "forecast_model": "TimesNet"
    },
    "imputed_metrics": {
        "RMSE": 0.8175330816298115,
        "MAE": 0.5571024713615071,
        "R2": 0.3191074713007429,
        "KL divergence": 0.12695002916524192,
        "KS statistic": 0.39155410970186133,
        "W2 distance": 7.678490601595413e-09,
        "Sliced Wasserstein distance": 3.087990665316883e-09
    },
    "forecast_metrics": {
        "mse": 0.8289656043052673,
        "mae": 0.6062466502189636
    }
}