{
    "config": {
        "seed": 42,
        "dataset_name": "exchange_rate",
        "missing_rate": 0.5,
        "missing_type": "F-MNAR",
        "completeness_rate": 0.6,
        "imputation_method": "xgboost",
        "forecast_model": "TimesNet"
    },
    "imputed_metrics": {
        "RMSE": 0.17235193777165494,
        "MAE": 0.07372077019433197,
        "R2": 0.9689676611233121,
        "KL divergence": 0.010741619740309075,
        "KS statistic": 0.08917394169000165,
        "W2 distance": 3.1726199467201083e-10,
        "Sliced Wasserstein distance": 1.8376083552653434e-10
    },
    "forecast_metrics": {
        "mse": 0.1307893693447113,
        "mae": 0.2564433813095093
    }
}