{
    "config": {
        "seed": 42,
        "dataset_name": "exchange_rate",
        "missing_rate": 0.2,
        "missing_type": "MAR",
        "completeness_rate": 0.1,
        "imputation_method": "xgboost",
        "forecast_model": "TimesNet"
    },
    "imputed_metrics": {
        "RMSE": 0.051418346461013606,
        "MAE": 0.051418346461013606,
        "R2": 0.9756563001512341,
        "KL divergence": 0.005441093361614254,
        "KS statistic": 0.04194119584911877,
        "W2 distance": 2.2232696574643338e-10,
        "Sliced Wasserstein distance": 1.3529125244478668e-10
    },
    "forecast_metrics": {
        "mse": 0.1195002868771553,
        "mae": 0.24555301666259766
    }
}