{
    "config": {
        "seed": 42,
        "dataset_name": "exchange_rate",
        "missing_rate": 0.6,
        "missing_type": "F-MNAR",
        "completeness_rate": 0.7,
        "imputation_method": "mean",
        "forecast_model": "TimesNet"
    },
    "imputed_metrics": {
        "RMSE": 0.4822687820611458,
        "MAE": 0.189626730730694,
        "R2": 0.7631842801047641,
        "KL divergence": 0.054386299749801456,
        "KS statistic": 0.15211661999670564,
        "W2 distance": 3.4897731580996175e-09,
        "Sliced Wasserstein distance": 7.538174760548395e-10
    },
    "forecast_metrics": {
        "mse": 0.2125154584646225,
        "mae": 0.29676157236099243
    }
}