{
    "config": {
        "seed": 42,
        "dataset_name": "exchange_rate",
        "missing_rate": 0.1,
        "missing_type": "F-MNAR",
        "completeness_rate": 0.3,
        "imputation_method": "xgboost",
        "forecast_model": "TimesNet"
    },
    "imputed_metrics": {
        "RMSE": 0.09535272957220656,
        "MAE": 0.0219844986053659,
        "R2": 0.9906714037650493,
        "KL divergence": 0.0054115973812291366,
        "KS statistic": 0.0266842365343436,
        "W2 distance": 3.5331256279082314e-10,
        "Sliced Wasserstein distance": 7.87537231123901e-11
    },
    "forecast_metrics": {
        "mse": 0.11678516119718552,
        "mae": 0.24395957589149475
    }
}