{
    "config": {
        "seed": 42,
        "dataset_name": "exchange_rate",
        "missing_rate": 0.4,
        "missing_type": "MCAR",
        "completeness_rate": 0.9,
        "imputation_method": "knn",
        "forecast_model": "TimesNet"
    },
    "imputed_metrics": {
        "RMSE": 0.012939874912402434,
        "MAE": 0.0020285809840017224,
        "R2": 0.9998295125625202,
        "KL divergence": 6.263707696864729e-05,
        "KS statistic": 0.0012559710097183332,
        "W2 distance": 4.75230185830428e-13,
        "Sliced Wasserstein distance": 5.824957583147592e-13
    },
    "forecast_metrics": {
        "mse": 0.10615333169698715,
        "mae": 0.23580768704414368
    }
}