{
    "config": {
        "seed": 42,
        "dataset_name": "exchange_rate",
        "missing_rate": 0.7,
        "missing_type": "MCAR",
        "completeness_rate": 0.8,
        "imputation_method": "xgboost",
        "forecast_model": "TimesNet"
    },
    "imputed_metrics": {
        "RMSE": 0.13335385569152025,
        "MAE": 0.04649349372335504,
        "R2": 0.9813413650916444,
        "KL divergence": 0.005089995720264629,
        "KS statistic": 0.04052050732992917,
        "W2 distance": 2.7810047959756714e-10,
        "Sliced Wasserstein distance": 6.063136799360503e-11
    },
    "forecast_metrics": {
        "mse": 0.12459833174943924,
        "mae": 0.25469231605529785
    }
}