{
    "config": {
        "seed": 42,
        "dataset_name": "exchange_rate",
        "missing_rate": 0.8,
        "missing_type": "D-MNAR",
        "completeness_rate": 0.7,
        "imputation_method": "IIM",
        "forecast_model": "TimesNet"
    },
    "imputed_metrics": {
        "RMSE": 0.14668517446178306,
        "MAE": 0.14668517446178306,
        "R2": 0.8447500899908138,
        "KL divergence": 0.04103015822240487,
        "KS statistic": 0.09380662164388073,
        "W2 distance": 9.46902485448573e-10,
        "Sliced Wasserstein distance": 6.440183131312506e-10
    },
    "forecast_metrics": {
        "mse": 0.12156390398740768,
        "mae": 0.2509443759918213
    }
}