{
    "config": {
        "seed": 42,
        "dataset_name": "exchange_rate",
        "missing_rate": 0.9,
        "missing_type": "F-MNAR",
        "completeness_rate": 0.9,
        "imputation_method": "mean",
        "forecast_model": "TimesNet"
    },
    "imputed_metrics": {
        "RMSE": 0.3038007265578541,
        "MAE": 0.08901534438546681,
        "R2": 0.9060255390407552,
        "KL divergence": 0.020918362838370654,
        "KS statistic": 0.06951078899687037,
        "W2 distance": 1.3262340554221192e-09,
        "Sliced Wasserstein distance": 8.140958802334585e-10
    },
    "forecast_metrics": {
        "mse": 0.30949464440345764,
        "mae": 0.3275674283504486
    }
}