{
    "config": {
        "seed": 42,
        "dataset_name": "exchange_rate",
        "missing_rate": 0.2,
        "missing_type": "F-MNAR",
        "completeness_rate": 0.2,
        "imputation_method": "IIM",
        "forecast_model": "TimesNet"
    },
    "imputed_metrics": {
        "RMSE": 0.04988126147320062,
        "MAE": 0.04988126147320062,
        "R2": 0.9675620657566403,
        "KL divergence": 0.021287331824297928,
        "KS statistic": 0.030905122714544556,
        "W2 distance": 2.5024048183488966e-09,
        "Sliced Wasserstein distance": 3.341641725779868e-10
    },
    "forecast_metrics": {
        "mse": 0.114444799721241,
        "mae": 0.24041375517845154
    }
}