{
    "config": {
        "seed": 42,
        "dataset_name": "exchange_rate",
        "missing_rate": 0.9,
        "missing_type": "MCAR",
        "completeness_rate": 0.9,
        "imputation_method": "xgboost",
        "forecast_model": "TimesNet"
    },
    "imputed_metrics": {
        "RMSE": 0.03156836554503539,
        "MAE": 0.03156836554503539,
        "R2": 0.9876404622439672,
        "KL divergence": 0.003107061282649538,
        "KS statistic": 0.0266842365343436,
        "W2 distance": 2.211813570309125e-10,
        "Sliced Wasserstein distance": 4.809011057944587e-11
    },
    "forecast_metrics": {
        "mse": 0.12300331145524979,
        "mae": 0.25056785345077515
    }
}