{
    "config": {
        "seed": 42,
        "dataset_name": "exchange_rate",
        "missing_rate": 0.3,
        "missing_type": "MCAR",
        "completeness_rate": 0.8,
        "imputation_method": "forward",
        "forecast_model": "TimesNet"
    },
    "imputed_metrics": {
        "RMSE": 0.001948069489486012,
        "MAE": 0.001948069489486012,
        "R2": 0.9998550925277904,
        "KL divergence": 6.191400784695192e-05,
        "KS statistic": 0.0007206391039367484,
        "W2 distance": 4.996734291954615e-13,
        "Sliced Wasserstein distance": 3.645712655945289e-12
    },
    "forecast_metrics": {
        "mse": 0.10547178238630295,
        "mae": 0.23528528213500977
    }
}