{
    "config": {
        "seed": 42,
        "dataset_name": "exchange_rate",
        "missing_rate": 0.6,
        "missing_type": "MAR",
        "completeness_rate": 0.1,
        "imputation_method": "forward",
        "forecast_model": "TimesNet"
    },
    "imputed_metrics": {
        "RMSE": 0.053099872001029336,
        "MAE": 0.02143947223539293,
        "R2": 0.9971290926620986,
        "KL divergence": 0.0012208474305366794,
        "KS statistic": 0.007000494152528413,
        "W2 distance": 2.2466153243436537e-11,
        "Sliced Wasserstein distance": 2.801077813308616e-11
    },
    "forecast_metrics": {
        "mse": 0.10457892715930939,
        "mae": 0.2336597442626953
    }
}