{
    "config": {
        "seed": 42,
        "dataset_name": "exchange_rate",
        "missing_rate": 0.7,
        "missing_type": "D-MNAR",
        "completeness_rate": 0.7,
        "imputation_method": "forward",
        "forecast_model": "TimesNet"
    },
    "imputed_metrics": {
        "RMSE": 0.008295575052111936,
        "MAE": 0.008295575052111936,
        "R2": 0.998488043259741,
        "KL divergence": 0.0005248686506090494,
        "KS statistic": 0.00461209026519519,
        "W2 distance": 2.771693650792942e-12,
        "Sliced Wasserstein distance": 4.380726592521639e-12
    },
    "forecast_metrics": {
        "mse": 0.10464497655630112,
        "mae": 0.23478882014751434
    }
}