{
    "config": {
        "seed": 42,
        "dataset_name": "exchange_rate",
        "missing_rate": 0.6,
        "missing_type": "F-MNAR",
        "completeness_rate": 0.5,
        "imputation_method": "IIM",
        "forecast_model": "TimesNet"
    },
    "imputed_metrics": {
        "RMSE": 0.33990015527981154,
        "MAE": 0.12698811064627433,
        "R2": 0.8870181320885694,
        "KL divergence": 0.02868073797542276,
        "KS statistic": 0.09014165705814528,
        "W2 distance": 8.206467412035232e-10,
        "Sliced Wasserstein distance": 2.7385347926193516e-10
    },
    "forecast_metrics": {
        "mse": 0.11592265218496323,
        "mae": 0.24621902406215668
    }
}