{
    "config": {
        "seed": 42,
        "dataset_name": "exchange_rate",
        "missing_rate": 0.9,
        "missing_type": "MAR",
        "completeness_rate": 0.2,
        "imputation_method": "mean",
        "forecast_model": "TimesNet"
    },
    "imputed_metrics": {
        "RMSE": 0.6474432779529284,
        "MAE": 0.6474432779529284,
        "R2": 0.20949391554395147,
        "KL divergence": 0.14287018783982153,
        "KS statistic": 0.49106407511118433,
        "W2 distance": 1.0536782858315223e-08,
        "Sliced Wasserstein distance": 3.9018950124425e-09
    },
    "forecast_metrics": {
        "mse": 1.6025347709655762,
        "mae": 0.8416253328323364
    }
}