{
    "config": {
        "seed": 42,
        "dataset_name": "exchange_rate",
        "missing_rate": 0.6,
        "missing_type": "MCAR",
        "completeness_rate": 0.7,
        "imputation_method": "forward",
        "forecast_model": "TimesNet"
    },
    "imputed_metrics": {
        "RMSE": 0.022717706297303415,
        "MAE": 0.005194851976109772,
        "R2": 0.9994745139540933,
        "KL divergence": 0.003637626198886551,
        "KS statistic": 0.0027178389062757374,
        "W2 distance": 6.222540672158702e-10,
        "Sliced Wasserstein distance": 5.4430472416147465e-12
    },
    "forecast_metrics": {
        "mse": 0.1064172014594078,
        "mae": 0.23683638870716095
    }
}