{
    "config": {
        "seed": 42,
        "dataset_name": "exchange_rate",
        "missing_rate": 0.6,
        "missing_type": "D-MNAR",
        "completeness_rate": 0.9,
        "imputation_method": "knn",
        "forecast_model": "TimesNet"
    },
    "imputed_metrics": {
        "RMSE": 0.0198509658433464,
        "MAE": 0.0036876669611964983,
        "R2": 0.9995987680475744,
        "KL divergence": 0.00010460867271300145,
        "KS statistic": 0.0019354307362872674,
        "W2 distance": 2.189212520436216e-12,
        "Sliced Wasserstein distance": 3.5654067603430615e-12
    },
    "forecast_metrics": {
        "mse": 0.10610684007406235,
        "mae": 0.23597531020641327
    }
}