{
    "config": {
        "seed": 42,
        "dataset_name": "exchange_rate",
        "missing_rate": 0.4,
        "missing_type": "MAR",
        "completeness_rate": 0.4,
        "imputation_method": "forward",
        "forecast_model": "TimesNet"
    },
    "imputed_metrics": {
        "RMSE": 0.006215472810962472,
        "MAE": 0.006215472810962472,
        "R2": 0.9994573561081974,
        "KL divergence": 0.0005453331224765282,
        "KS statistic": 0.0030266842365343437,
        "W2 distance": 6.169561710724427e-12,
        "Sliced Wasserstein distance": 1.7462326177449758e-12
    },
    "forecast_metrics": {
        "mse": 0.10482124239206314,
        "mae": 0.2355078160762787
    }
}