{
    "config": {
        "seed": 42,
        "dataset_name": "exchange_rate",
        "missing_rate": 0.6,
        "missing_type": "F-MNAR",
        "completeness_rate": 0.9,
        "imputation_method": "xgboost",
        "forecast_model": "TimesNet"
    },
    "imputed_metrics": {
        "RMSE": 0.02110659690584434,
        "MAE": 0.02110659690584434,
        "R2": 0.9919938930776053,
        "KL divergence": 0.0021534415602324844,
        "KS statistic": 0.018757206391039366,
        "W2 distance": 8.006894650788971e-11,
        "Sliced Wasserstein distance": 5.058266603990183e-11
    },
    "forecast_metrics": {
        "mse": 0.1133456751704216,
        "mae": 0.2430807650089264
    }
}