{
    "config": {
        "seed": 42,
        "dataset_name": "exchange_rate",
        "missing_rate": 0.7,
        "missing_type": "D-MNAR",
        "completeness_rate": 0.9,
        "imputation_method": "IIM",
        "forecast_model": "TimesNet"
    },
    "imputed_metrics": {
        "RMSE": 0.018518154133318015,
        "MAE": 0.003342331417101522,
        "R2": 0.9996561382002455,
        "KL divergence": 8.878355933701992e-05,
        "KS statistic": 0.0018118926041838248,
        "W2 distance": 7.720939070732434e-13,
        "Sliced Wasserstein distance": 1.3066354020566967e-12
    },
    "forecast_metrics": {
        "mse": 0.10468517988920212,
        "mae": 0.2325552999973297
    }
}