{
    "config": {
        "seed": 42,
        "dataset_name": "exchange_rate",
        "missing_rate": 0.8,
        "missing_type": "F-MNAR",
        "completeness_rate": 0.6,
        "imputation_method": "IIM",
        "forecast_model": "TimesNet"
    },
    "imputed_metrics": {
        "RMSE": 0.24495892548674128,
        "MAE": 0.24495892548674128,
        "R2": 0.7278120933789709,
        "KL divergence": 0.05890616465338303,
        "KS statistic": 0.130538626255971,
        "W2 distance": 3.4289522359249293e-09,
        "Sliced Wasserstein distance": 9.280364075720721e-10
    },
    "forecast_metrics": {
        "mse": 0.1391756534576416,
        "mae": 0.26665937900543213
    }
}