{
    "config": {
        "seed": 42,
        "dataset_name": "exchange_rate",
        "missing_rate": 0.3,
        "missing_type": "MCAR",
        "completeness_rate": 0.1,
        "imputation_method": "xgboost",
        "forecast_model": "TimesNet"
    },
    "imputed_metrics": {
        "RMSE": 0.1870569938837727,
        "MAE": 0.07586400019393727,
        "R2": 0.9656431110403696,
        "KL divergence": 0.009514609665597551,
        "KS statistic": 0.05983363531543403,
        "W2 distance": 3.308181521565559e-10,
        "Sliced Wasserstein distance": 1.717923968302939e-10
    },
    "forecast_metrics": {
        "mse": 0.12310689687728882,
        "mae": 0.24937273561954498
    }
}