{
    "config": {
        "seed": 42,
        "dataset_name": "exchange_rate",
        "missing_rate": 0.9,
        "missing_type": "F-MNAR",
        "completeness_rate": 0.3,
        "imputation_method": "mean",
        "forecast_model": "TimesNet"
    },
    "imputed_metrics": {
        "RMSE": 0.5984036038518723,
        "MAE": 0.5984036038518723,
        "R2": 0.22278808754105184,
        "KL divergence": 0.13001104944227776,
        "KS statistic": 0.45608219403722616,
        "W2 distance": 9.571494529751135e-09,
        "Sliced Wasserstein distance": 3.603284439501951e-09
    },
    "forecast_metrics": {
        "mse": 1.2733732461929321,
        "mae": 0.7392933368682861
    }
}