{
    "config": {
        "seed": 42,
        "dataset_name": "exchange_rate",
        "missing_rate": 0.8,
        "missing_type": "F-MNAR",
        "completeness_rate": 0.1,
        "imputation_method": "xgboost",
        "forecast_model": "TimesNet"
    },
    "imputed_metrics": {
        "RMSE": 0.3799585860619118,
        "MAE": 0.24932843972344243,
        "R2": 0.8663357525148502,
        "KL divergence": 0.026907637209799315,
        "KS statistic": 0.21137374402899026,
        "W2 distance": 1.7486522919629155e-09,
        "Sliced Wasserstein distance": 4.88212109097582e-10
    },
    "forecast_metrics": {
        "mse": 0.2046322077512741,
        "mae": 0.3258620500564575
    }
}