{
    "config": {
        "seed": 42,
        "dataset_name": "exchange_rate",
        "missing_rate": 0.8,
        "missing_type": "D-MNAR",
        "completeness_rate": 0.4,
        "imputation_method": "forward",
        "forecast_model": "TimesNet"
    },
    "imputed_metrics": {
        "RMSE": 0.09614442694510723,
        "MAE": 0.027093753759264108,
        "R2": 0.9905880316652295,
        "KL divergence": 0.008973413822224826,
        "KS statistic": 0.012477351342447702,
        "W2 distance": 2.2277286047193223e-11,
        "Sliced Wasserstein distance": 4.024442424414326e-11
    },
    "forecast_metrics": {
        "mse": 0.1027449294924736,
        "mae": 0.23019646108150482
    }
}