{
    "config": {
        "seed": 42,
        "dataset_name": "exchange_rate",
        "missing_rate": 0.2,
        "missing_type": "MCAR",
        "completeness_rate": 0.8,
        "imputation_method": "forward",
        "forecast_model": "TimesNet"
    },
    "imputed_metrics": {
        "RMSE": 0.009030873299084577,
        "MAE": 0.0011912616849037443,
        "R2": 0.9999169591615595,
        "KL divergence": 2.561528393080521e-05,
        "KS statistic": 0.0005147422170976775,
        "W2 distance": 3.8456129156994123e-13,
        "Sliced Wasserstein distance": 4.0795620709054015e-13
    },
    "forecast_metrics": {
        "mse": 0.1055508479475975,
        "mae": 0.23535245656967163
    }
}