{
    "config": {
        "seed": 42,
        "dataset_name": "exchange_rate",
        "missing_rate": 0.1,
        "missing_type": "F-MNAR",
        "completeness_rate": 0.8,
        "imputation_method": "IIM",
        "forecast_model": "TimesNet"
    },
    "imputed_metrics": {
        "RMSE": 0.00045083599555559414,
        "MAE": 0.00045083599555559414,
        "R2": 0.9999814471403193,
        "KL divergence": 4.067058816452583e-06,
        "KS statistic": 0.0003706143963103278,
        "W2 distance": 3.4344287265090424e-13,
        "Sliced Wasserstein distance": 3.0409867318171134e-13
    },
    "forecast_metrics": {
        "mse": 0.10546737909317017,
        "mae": 0.23533561825752258
    }
}