{
    "config": {
        "seed": 42,
        "dataset_name": "exchange_rate",
        "missing_rate": 0.4,
        "missing_type": "MAR",
        "completeness_rate": 0.9,
        "imputation_method": "IIM",
        "forecast_model": "TimesNet"
    },
    "imputed_metrics": {
        "RMSE": 0.008870817806517979,
        "MAE": 0.001030009125862504,
        "R2": 0.9999207024358893,
        "KL divergence": 2.4499929375667872e-05,
        "KS statistic": 0.0005147422170976775,
        "W2 distance": 3.938026646924594e-13,
        "Sliced Wasserstein distance": 3.476613983601804e-13
    },
    "forecast_metrics": {
        "mse": 0.1059209555387497,
        "mae": 0.23572112619876862
    }
}