{
    "config": {
        "seed": 42,
        "dataset_name": "exchange_rate",
        "missing_rate": 0.1,
        "missing_type": "MAR",
        "completeness_rate": 0.6,
        "imputation_method": "xgboost",
        "forecast_model": "TimesNet"
    },
    "imputed_metrics": {
        "RMSE": 0.08013965569990111,
        "MAE": 0.0149239555442602,
        "R2": 0.9935976785261844,
        "KL divergence": 0.002271027615816587,
        "KS statistic": 0.01986904957997035,
        "W2 distance": 7.172031510353051e-11,
        "Sliced Wasserstein distance": 4.4560353307064174e-11
    },
    "forecast_metrics": {
        "mse": 0.10706251859664917,
        "mae": 0.234159454703331
    }
}