{
    "config": {
        "seed": 42,
        "dataset_name": "exchange_rate",
        "missing_rate": 0.2,
        "missing_type": "MCAR",
        "completeness_rate": 0.9,
        "imputation_method": "IIM",
        "forecast_model": "TimesNet"
    },
    "imputed_metrics": {
        "RMSE": 0.004285143324758599,
        "MAE": 0.00034746725855044994,
        "R2": 0.9999815361415686,
        "KL divergence": 2.023346435520737e-05,
        "KS statistic": 0.0002470762642068852,
        "W2 distance": 1.28387082720129e-12,
        "Sliced Wasserstein distance": 5.467241105352727e-13
    },
    "forecast_metrics": {
        "mse": 0.10509830713272095,
        "mae": 0.23485885560512543
    }
}