{
    "config": {
        "seed": 42,
        "dataset_name": "exchange_rate",
        "missing_rate": 0.2,
        "missing_type": "D-MNAR",
        "completeness_rate": 0.8,
        "imputation_method": "xgboost",
        "forecast_model": "TimesNet"
    },
    "imputed_metrics": {
        "RMSE": 0.06052142904544128,
        "MAE": 0.011718792916971473,
        "R2": 0.9961581002305353,
        "KL divergence": 0.0014771581472973825,
        "KS statistic": 0.015648163399769394,
        "W2 distance": 2.1905195849997e-11,
        "Sliced Wasserstein distance": 1.9405776863821187e-11
    },
    "forecast_metrics": {
        "mse": 0.10596296936273575,
        "mae": 0.2365972250699997
    }
}