{
    "config": {
        "seed": 42,
        "dataset_name": "exchange_rate",
        "missing_rate": 0.1,
        "missing_type": "D-MNAR",
        "completeness_rate": 0.6,
        "imputation_method": "xgboost",
        "forecast_model": "TimesNet"
    },
    "imputed_metrics": {
        "RMSE": 0.015303709744798237,
        "MAE": 0.015303709744798237,
        "R2": 0.99285634537085,
        "KL divergence": 0.0020419426112833106,
        "KS statistic": 0.01816010541920606,
        "W2 distance": 1.081978666966371e-10,
        "Sliced Wasserstein distance": 4.3381861130399755e-11
    },
    "forecast_metrics": {
        "mse": 0.10796280950307846,
        "mae": 0.23572218418121338
    }
}