{
    "config": {
        "seed": 42,
        "dataset_name": "exchange_rate",
        "missing_rate": 0.6,
        "missing_type": "MAR",
        "completeness_rate": 0.8,
        "imputation_method": "xgboost",
        "forecast_model": "TimesNet"
    },
    "imputed_metrics": {
        "RMSE": 0.04069689572456796,
        "MAE": 0.04069689572456796,
        "R2": 0.9836579553543748,
        "KL divergence": 0.004644991578853478,
        "KS statistic": 0.03611431395157305,
        "W2 distance": 2.2201331988035313e-10,
        "Sliced Wasserstein distance": 6.613381849018162e-11
    },
    "forecast_metrics": {
        "mse": 0.12090086191892624,
        "mae": 0.250850647687912
    }
}