{
    "config": {
        "seed": 42,
        "dataset_name": "exchange_rate",
        "missing_rate": 0.1,
        "missing_type": "F-MNAR",
        "completeness_rate": 0.9,
        "imputation_method": "IIM",
        "forecast_model": "TimesNet"
    },
    "imputed_metrics": {
        "RMSE": 0.0023733681601704683,
        "MAE": 0.0001674808618289735,
        "R2": 0.999994165083739,
        "KL divergence": 2.4485685589096298e-06,
        "KS statistic": 0.00016471750947125678,
        "W2 distance": 2.998610148035322e-13,
        "Sliced Wasserstein distance": 1.7111337649143827e-13
    },
    "forecast_metrics": {
        "mse": 0.10549706220626831,
        "mae": 0.2353450059890747
    }
}