{
    "config": {
        "seed": 42,
        "dataset_name": "exchange_rate",
        "missing_rate": 0.8,
        "missing_type": "MCAR",
        "completeness_rate": 0.5,
        "imputation_method": "mean",
        "forecast_model": "TimesNet"
    },
    "imputed_metrics": {
        "RMSE": 0.6102988227332337,
        "MAE": 0.32124181370647437,
        "R2": 0.620757246314866,
        "KL divergence": 0.08972857788307725,
        "KS statistic": 0.22574534673035745,
        "W2 distance": 5.962292426563107e-09,
        "Sliced Wasserstein distance": 2.163924894156495e-09
    },
    "forecast_metrics": {
        "mse": 0.4722372889518738,
        "mae": 0.42733800411224365
    }
}