{
    "config": {
        "seed": 42,
        "dataset_name": "exchange_rate",
        "missing_rate": 0.4,
        "missing_type": "D-MNAR",
        "completeness_rate": 0.8,
        "imputation_method": "xgboost",
        "forecast_model": "TimesNet"
    },
    "imputed_metrics": {
        "RMSE": 0.09650286796036603,
        "MAE": 0.025945009141122237,
        "R2": 0.9907117815097329,
        "KL divergence": 0.003293623946468503,
        "KS statistic": 0.0321816834129468,
        "W2 distance": 9.523359742055292e-11,
        "Sliced Wasserstein distance": 5.9698709670085e-11
    },
    "forecast_metrics": {
        "mse": 0.10945641249418259,
        "mae": 0.24155345559120178
    }
}