{
    "config": {
        "seed": 42,
        "dataset_name": "exchange_rate",
        "missing_rate": 0.6,
        "missing_type": "MAR",
        "completeness_rate": 0.4,
        "imputation_method": "IIM",
        "forecast_model": "TimesNet"
    },
    "imputed_metrics": {
        "RMSE": 0.37882712794917095,
        "MAE": 0.14446690093941447,
        "R2": 0.8547472994479425,
        "KL divergence": 0.043819848129691065,
        "KS statistic": 0.06578405534508318,
        "W2 distance": 2.8193421750849533e-09,
        "Sliced Wasserstein distance": 6.737336450027418e-10
    },
    "forecast_metrics": {
        "mse": 0.14428962767124176,
        "mae": 0.2719535827636719
    }
}