{
    "config": {
        "seed": 42,
        "dataset_name": "exchange_rate",
        "missing_rate": 0.5,
        "missing_type": "MAR",
        "completeness_rate": 0.4,
        "imputation_method": "mean",
        "forecast_model": "TimesNet"
    },
    "imputed_metrics": {
        "RMSE": 0.26435520332851753,
        "MAE": 0.26435520332851753,
        "R2": 0.6658417192872284,
        "KL divergence": 0.0699701907529136,
        "KS statistic": 0.201243617196508,
        "W2 distance": 2.6516601002137467e-09,
        "Sliced Wasserstein distance": 1.7119573350429507e-09
    },
    "forecast_metrics": {
        "mse": 0.20114773511886597,
        "mae": 0.3097139000892639
    }
}