{
    "config": {
        "seed": 42,
        "dataset_name": "exchange_rate",
        "missing_rate": 0.6,
        "missing_type": "MAR",
        "completeness_rate": 0.4,
        "imputation_method": "xgboost",
        "forecast_model": "TimesNet"
    },
    "imputed_metrics": {
        "RMSE": 0.11833122295130828,
        "MAE": 0.11833122295130828,
        "R2": 0.9424113783393286,
        "KL divergence": 0.014520520825952954,
        "KS statistic": 0.11262559710097184,
        "W2 distance": 6.534535511038711e-10,
        "Sliced Wasserstein distance": 4.3026933045797906e-10
    },
    "forecast_metrics": {
        "mse": 0.13269734382629395,
        "mae": 0.26290738582611084
    }
}