{
    "config": {
        "seed": 42,
        "dataset_name": "exchange_rate",
        "missing_rate": 0.8,
        "missing_type": "MCAR",
        "completeness_rate": 0.5,
        "imputation_method": "IIM",
        "forecast_model": "TimesNet"
    },
    "imputed_metrics": {
        "RMSE": 0.4290099668902732,
        "MAE": 0.20556231560352387,
        "R2": 0.820213817603078,
        "KL divergence": 0.04805638883315146,
        "KS statistic": 0.13455361554933287,
        "W2 distance": 2.6231374131651354e-09,
        "Sliced Wasserstein distance": 7.860948706025376e-10
    },
    "forecast_metrics": {
        "mse": 0.15895722806453705,
        "mae": 0.2912484407424927
    }
}