{
    "config": {
        "seed": 42,
        "dataset_name": "exchange_rate",
        "missing_rate": 0.9,
        "missing_type": "MAR",
        "completeness_rate": 0.1,
        "imputation_method": "forward",
        "forecast_model": "TimesNet"
    },
    "imputed_metrics": {
        "RMSE": 0.06802421144173801,
        "MAE": 0.06802421144173801,
        "R2": 0.9814656513305061,
        "KL divergence": 0.013174832314824431,
        "KS statistic": 0.028496129138527428,
        "W2 distance": 9.59329062956706e-11,
        "Sliced Wasserstein distance": 5.877614357419251e-11
    },
    "forecast_metrics": {
        "mse": 0.11023937165737152,
        "mae": 0.23794564604759216
    }
}