{
    "config": {
        "seed": 42,
        "dataset_name": "exchange_rate",
        "missing_rate": 0.9,
        "missing_type": "D-MNAR",
        "completeness_rate": 0.9,
        "imputation_method": "forward",
        "forecast_model": "TimesNet"
    },
    "imputed_metrics": {
        "RMSE": 0.009057704493710038,
        "MAE": 0.009057704493710038,
        "R2": 0.9981363049598703,
        "KL divergence": 0.0004843147604554873,
        "KS statistic": 0.004426783067040026,
        "W2 distance": 4.041240955204051e-12,
        "Sliced Wasserstein distance": 8.96920547031715e-12
    },
    "forecast_metrics": {
        "mse": 0.10839228332042694,
        "mae": 0.2391156703233719
    }
}