{
    "config": {
        "seed": 42,
        "dataset_name": "exchange_rate",
        "missing_rate": 0.4,
        "missing_type": "MCAR",
        "completeness_rate": 0.4,
        "imputation_method": "forward",
        "forecast_model": "TimesNet"
    },
    "imputed_metrics": {
        "RMSE": 0.026686308571210907,
        "MAE": 0.006054013516219284,
        "R2": 0.9992748810853983,
        "KL divergence": 0.00019792490005307123,
        "KS statistic": 0.002429583264701038,
        "W2 distance": 2.4054004947888673e-12,
        "Sliced Wasserstein distance": 6.5449660644397986e-12
    },
    "forecast_metrics": {
        "mse": 0.10522478073835373,
        "mae": 0.23518657684326172
    }
}