{
    "config": {
        "seed": 42,
        "dataset_name": "exchange_rate",
        "missing_rate": 0.9,
        "missing_type": "F-MNAR",
        "completeness_rate": 0.9,
        "imputation_method": "knn",
        "forecast_model": "TimesNet"
    },
    "imputed_metrics": {
        "RMSE": 0.05262272319556576,
        "MAE": 0.011749211729802717,
        "R2": 0.9971804560761751,
        "KL divergence": 0.0018615285317654853,
        "KS statistic": 0.00774172294514907,
        "W2 distance": 5.172813171832842e-11,
        "Sliced Wasserstein distance": 1.3341848001550928e-11
    },
    "forecast_metrics": {
        "mse": 0.11039648205041885,
        "mae": 0.24126432836055756
    }
}