{
    "config": {
        "seed": 42,
        "dataset_name": "exchange_rate",
        "missing_rate": 0.3,
        "missing_type": "D-MNAR",
        "completeness_rate": 0.7,
        "imputation_method": "xgboost",
        "forecast_model": "TimesNet"
    },
    "imputed_metrics": {
        "RMSE": 0.03256964375344076,
        "MAE": 0.03256964375344076,
        "R2": 0.9862372676291407,
        "KL divergence": 0.004232440516659087,
        "KS statistic": 0.04414429253829682,
        "W2 distance": 2.90853286507405e-10,
        "Sliced Wasserstein distance": 3.3543874458344385e-11
    },
    "forecast_metrics": {
        "mse": 0.11464691162109375,
        "mae": 0.24607440829277039
    }
}