{
    "config": {
        "seed": 42,
        "dataset_name": "exchange_rate",
        "missing_rate": 0.5,
        "missing_type": "D-MNAR",
        "completeness_rate": 0.9,
        "imputation_method": "IIM",
        "forecast_model": "TimesNet"
    },
    "imputed_metrics": {
        "RMSE": 0.010445718549796805,
        "MAE": 0.0015190747887849222,
        "R2": 0.9998934014350821,
        "KL divergence": 2.5624518155818034e-05,
        "KS statistic": 0.0010500741228792621,
        "W2 distance": 4.432996951428479e-13,
        "Sliced Wasserstein distance": 3.858709312064378e-12
    },
    "forecast_metrics": {
        "mse": 0.10701091587543488,
        "mae": 0.23672577738761902
    }
}