{
    "config": {
        "seed": 42,
        "dataset_name": "exchange_rate",
        "missing_rate": 0.8,
        "missing_type": "MCAR",
        "completeness_rate": 0.4,
        "imputation_method": "xgboost",
        "forecast_model": "TimesNet"
    },
    "imputed_metrics": {
        "RMSE": 0.1507484067050907,
        "MAE": 0.1507484067050907,
        "R2": 0.9327475862422707,
        "KL divergence": 0.015468942306285743,
        "KS statistic": 0.13434771866249381,
        "W2 distance": 9.411845179610795e-10,
        "Sliced Wasserstein distance": 3.399237361565778e-10
    },
    "forecast_metrics": {
        "mse": 0.1533011794090271,
        "mae": 0.28491833806037903
    }
}