{
    "config": {
        "seed": 42,
        "dataset_name": "exchange_rate",
        "missing_rate": 0.9,
        "missing_type": "MCAR",
        "completeness_rate": 0.8,
        "imputation_method": "mean",
        "forecast_model": "TimesNet"
    },
    "imputed_metrics": {
        "RMSE": 0.41809009118921225,
        "MAE": 0.16361152323819966,
        "R2": 0.8220196827542697,
        "KL divergence": 0.04044251413802573,
        "KS statistic": 0.12985916652940208,
        "W2 distance": 2.6580438028968986e-09,
        "Sliced Wasserstein distance": 1.452912749853574e-09
    },
    "forecast_metrics": {
        "mse": 0.660395085811615,
        "mae": 0.42652466893196106
    }
}