{
    "config": {
        "seed": 42,
        "dataset_name": "exchange_rate",
        "missing_rate": 0.9,
        "missing_type": "D-MNAR",
        "completeness_rate": 0.4,
        "imputation_method": "IIM",
        "forecast_model": "TimesNet"
    },
    "imputed_metrics": {
        "RMSE": 0.43239514470618806,
        "MAE": 0.24566078977342554,
        "R2": 0.8056864957299457,
        "KL divergence": 0.049174160986855404,
        "KS statistic": 0.1479163235051886,
        "W2 distance": 2.1055117715355966e-09,
        "Sliced Wasserstein distance": 4.789855960613231e-10
    },
    "forecast_metrics": {
        "mse": 0.16543136537075043,
        "mae": 0.29965928196907043
    }
}