{
    "config": {
        "seed": 42,
        "dataset_name": "exchange_rate",
        "missing_rate": 0.3,
        "missing_type": "D-MNAR",
        "completeness_rate": 0.5,
        "imputation_method": "IIM",
        "forecast_model": "TimesNet"
    },
    "imputed_metrics": {
        "RMSE": 0.06372117432961885,
        "MAE": 0.012384250863436561,
        "R2": 0.9959123326396201,
        "KL divergence": 0.002831587118826831,
        "KS statistic": 0.015071652116619996,
        "W2 distance": 3.8867446314201374e-10,
        "Sliced Wasserstein distance": 7.045211316501466e-11
    },
    "forecast_metrics": {
        "mse": 0.1067308634519577,
        "mae": 0.23460213840007782
    }
}