{
    "config": {
        "seed": 42,
        "dataset_name": "exchange_rate",
        "missing_rate": 0.7,
        "missing_type": "MCAR",
        "completeness_rate": 0.8,
        "imputation_method": "knn",
        "forecast_model": "TimesNet"
    },
    "imputed_metrics": {
        "RMSE": 0.05643631128068242,
        "MAE": 0.01574540031862742,
        "R2": 0.9967569811924625,
        "KL divergence": 0.0009602143491499039,
        "KS statistic": 0.004550321199143469,
        "W2 distance": 6.330839117314838e-12,
        "Sliced Wasserstein distance": 1.3404621951326636e-11
    },
    "forecast_metrics": {
        "mse": 0.10713274776935577,
        "mae": 0.23537109792232513
    }
}