{
    "config": {
        "seed": 42,
        "dataset_name": "exchange_rate",
        "missing_rate": 0.8,
        "missing_type": "D-MNAR",
        "completeness_rate": 0.9,
        "imputation_method": "IIM",
        "forecast_model": "TimesNet"
    },
    "imputed_metrics": {
        "RMSE": 0.025139195036495136,
        "MAE": 0.004818029391344337,
        "R2": 0.9993928592393899,
        "KL divergence": 0.00016569870797042486,
        "KS statistic": 0.001853071981551639,
        "W2 distance": 1.1375724702728498e-12,
        "Sliced Wasserstein distance": 3.722189039882796e-12
    },
    "forecast_metrics": {
        "mse": 0.10465710610151291,
        "mae": 0.23250332474708557
    }
}