{
    "config": {
        "seed": 42,
        "dataset_name": "exchange_rate",
        "missing_rate": 0.4,
        "missing_type": "MCAR",
        "completeness_rate": 0.2,
        "imputation_method": "mean",
        "forecast_model": "TimesNet"
    },
    "imputed_metrics": {
        "RMSE": 0.5761410998990071,
        "MAE": 0.2765746506695007,
        "R2": 0.662020824857529,
        "KL divergence": 0.06461667043177999,
        "KS statistic": 0.19527260747817493,
        "W2 distance": 1.724446317574467e-09,
        "Sliced Wasserstein distance": 1.4855993819819676e-09
    },
    "forecast_metrics": {
        "mse": 0.20500700175762177,
        "mae": 0.32539433240890503
    }
}