{
    "config": {
        "seed": 42,
        "dataset_name": "exchange_rate",
        "missing_rate": 0.3,
        "missing_type": "MAR",
        "completeness_rate": 0.1,
        "imputation_method": "IIM",
        "forecast_model": "TimesNet"
    },
    "imputed_metrics": {
        "RMSE": 0.33225846920457064,
        "MAE": 0.11487207127298758,
        "R2": 0.8889898092090419,
        "KL divergence": 0.028805707213843235,
        "KS statistic": 0.04391780596277384,
        "W2 distance": 3.7594571193465235e-10,
        "Sliced Wasserstein distance": 4.639829925841854e-10
    },
    "forecast_metrics": {
        "mse": 0.1513214111328125,
        "mae": 0.27572065591812134
    }
}