{
    "config": {
        "seed": 42,
        "dataset_name": "exchange_rate",
        "missing_rate": 0.5,
        "missing_type": "MCAR",
        "completeness_rate": 0.9,
        "imputation_method": "IIM",
        "forecast_model": "TimesNet"
    },
    "imputed_metrics": {
        "RMSE": 0.007273077765463554,
        "MAE": 0.0010996784868037522,
        "R2": 0.999947297471645,
        "KL divergence": 4.187516343561804e-05,
        "KS statistic": 0.0005147422170976775,
        "W2 distance": 2.2289125462841604e-12,
        "Sliced Wasserstein distance": 8.819832558405299e-13
    },
    "forecast_metrics": {
        "mse": 0.10534437745809555,
        "mae": 0.23523461818695068
    }
}