{
    "config": {
        "seed": 42,
        "dataset_name": "exchange_rate",
        "missing_rate": 0.2,
        "missing_type": "MCAR",
        "completeness_rate": 0.1,
        "imputation_method": "knn",
        "forecast_model": "TimesNet"
    },
    "imputed_metrics": {
        "RMSE": 0.05773318858185628,
        "MAE": 0.05773318858185628,
        "R2": 0.9645844504043806,
        "KL divergence": 0.009569787113361846,
        "KS statistic": 0.029855048591665295,
        "W2 distance": 4.114137252873931e-10,
        "Sliced Wasserstein distance": 2.552977434377727e-10
    },
    "forecast_metrics": {
        "mse": 0.11985701322555542,
        "mae": 0.2481914907693863
    }
}