{
    "config": {
        "seed": 42,
        "dataset_name": "exchange_rate",
        "missing_rate": 0.3,
        "missing_type": "MAR",
        "completeness_rate": 0.4,
        "imputation_method": "forward",
        "forecast_model": "TimesNet"
    },
    "imputed_metrics": {
        "RMSE": 0.017128490068434827,
        "MAE": 0.004098339574878525,
        "R2": 0.9997012758133585,
        "KL divergence": 0.00028224210517694044,
        "KS statistic": 0.002264865755229781,
        "W2 distance": 1.5004302928059699e-12,
        "Sliced Wasserstein distance": 6.998099328509226e-13
    },
    "forecast_metrics": {
        "mse": 0.10557852685451508,
        "mae": 0.23584462702274323
    }
}