{
    "config": {
        "seed": 42,
        "dataset_name": "exchange_rate",
        "missing_rate": 0.2,
        "missing_type": "D-MNAR",
        "completeness_rate": 0.8,
        "imputation_method": "knn",
        "forecast_model": "TimesNet"
    },
    "imputed_metrics": {
        "RMSE": 0.002521038015454092,
        "MAE": 0.002521038015454092,
        "R2": 0.9997550624455299,
        "KL divergence": 0.00010266745281054996,
        "KS statistic": 0.0014412782078734969,
        "W2 distance": 4.485456366178554e-13,
        "Sliced Wasserstein distance": 4.644805013104315e-13
    },
    "forecast_metrics": {
        "mse": 0.1066053956747055,
        "mae": 0.23662041127681732
    }
}