{
    "config": {
        "seed": 42,
        "dataset_name": "exchange_rate",
        "missing_rate": 0.3,
        "missing_type": "MAR",
        "completeness_rate": 0.3,
        "imputation_method": "mean",
        "forecast_model": "TimesNet"
    },
    "imputed_metrics": {
        "RMSE": 0.1705175464563277,
        "MAE": 0.1705175464563277,
        "R2": 0.792313315388847,
        "KL divergence": 0.04533573222158098,
        "KS statistic": 0.1345947949267007,
        "W2 distance": 9.752322015506812e-10,
        "Sliced Wasserstein distance": 1.0582163322122942e-09
    },
    "forecast_metrics": {
        "mse": 0.1457507312297821,
        "mae": 0.2759273648262024
    }
}