{
    "config": {
        "seed": 42,
        "dataset_name": "exchange_rate",
        "missing_rate": 0.6,
        "missing_type": "MCAR",
        "completeness_rate": 0.7,
        "imputation_method": "xgboost",
        "forecast_model": "TimesNet"
    },
    "imputed_metrics": {
        "RMSE": 0.06466115348835953,
        "MAE": 0.06466115348835953,
        "R2": 0.9718325085277847,
        "KL divergence": 0.00746037779381727,
        "KS statistic": 0.07379344424312304,
        "W2 distance": 3.6912741262175545e-10,
        "Sliced Wasserstein distance": 1.2895379863682127e-10
    },
    "forecast_metrics": {
        "mse": 0.12022596597671509,
        "mae": 0.25142815709114075
    }
}