{
    "config": {
        "seed": 42,
        "dataset_name": "exchange_rate",
        "missing_rate": 0.5,
        "missing_type": "D-MNAR",
        "completeness_rate": 0.4,
        "imputation_method": "forward",
        "forecast_model": "TimesNet"
    },
    "imputed_metrics": {
        "RMSE": 0.0377254681608703,
        "MAE": 0.009006915393297045,
        "R2": 0.9985508895016271,
        "KL divergence": 0.0007950477027283465,
        "KS statistic": 0.0047150387086147254,
        "W2 distance": 3.2459919075127e-12,
        "Sliced Wasserstein distance": 8.929341610580614e-12
    },
    "forecast_metrics": {
        "mse": 0.10150588303804398,
        "mae": 0.22943982481956482
    }
}