{
    "config": {
        "seed": 42,
        "dataset_name": "exchange_rate",
        "missing_rate": 0.5,
        "missing_type": "D-MNAR",
        "completeness_rate": 0.7,
        "imputation_method": "IIM",
        "forecast_model": "TimesNet"
    },
    "imputed_metrics": {
        "RMSE": 0.07669732373392257,
        "MAE": 0.020378735903821086,
        "R2": 0.993874496577157,
        "KL divergence": 0.007966078252340513,
        "KS statistic": 0.026787184977763136,
        "W2 distance": 1.2322187118504017e-09,
        "Sliced Wasserstein distance": 2.9053918265271304e-10
    },
    "forecast_metrics": {
        "mse": 0.10732770711183548,
        "mae": 0.2393626570701599
    }
}