{
    "config": {
        "seed": 42,
        "dataset_name": "exchange_rate",
        "missing_rate": 0.2,
        "missing_type": "MAR",
        "completeness_rate": 0.1,
        "imputation_method": "forward",
        "forecast_model": "TimesNet"
    },
    "imputed_metrics": {
        "RMSE": 0.00446125446681246,
        "MAE": 0.00446125446681246,
        "R2": 0.9996667797037808,
        "KL divergence": 0.0004124867583779784,
        "KS statistic": 0.0023678141986493164,
        "W2 distance": 4.787107178233306e-13,
        "Sliced Wasserstein distance": 3.818642031823589e-12
    },
    "forecast_metrics": {
        "mse": 0.10595282167196274,
        "mae": 0.23567676544189453
    }
}