{
    "config": {
        "seed": 42,
        "dataset_name": "exchange_rate",
        "missing_rate": 0.1,
        "missing_type": "F-MNAR",
        "completeness_rate": 0.4,
        "imputation_method": "IIM",
        "forecast_model": "TimesNet"
    },
    "imputed_metrics": {
        "RMSE": 0.0014945939693728862,
        "MAE": 0.0014945939693728862,
        "R2": 0.9998671920940053,
        "KL divergence": 5.5256390654263354e-05,
        "KS statistic": 0.0025737110854883874,
        "W2 distance": 3.629200233278431e-13,
        "Sliced Wasserstein distance": 1.287678547167745e-12
    },
    "forecast_metrics": {
        "mse": 0.10606898367404938,
        "mae": 0.23506584763526917
    }
}