{
    "config": {
        "seed": 42,
        "dataset_name": "exchange_rate",
        "missing_rate": 0.6,
        "missing_type": "F-MNAR",
        "completeness_rate": 0.2,
        "imputation_method": "xgboost",
        "forecast_model": "TimesNet"
    },
    "imputed_metrics": {
        "RMSE": 0.174472172155236,
        "MAE": 0.174472172155236,
        "R2": 0.9123218035449403,
        "KL divergence": 0.019078410226074326,
        "KS statistic": 0.1571610937242629,
        "W2 distance": 9.077656097876305e-10,
        "Sliced Wasserstein distance": 3.6124854623454225e-10
    },
    "forecast_metrics": {
        "mse": 0.17475712299346924,
        "mae": 0.30044054985046387
    }
}