{
    "config": {
        "seed": 42,
        "dataset_name": "exchange_rate",
        "missing_rate": 0.2,
        "missing_type": "F-MNAR",
        "completeness_rate": 0.3,
        "imputation_method": "forward",
        "forecast_model": "TimesNet"
    },
    "imputed_metrics": {
        "RMSE": 0.0035346975333977034,
        "MAE": 0.0035346975333977034,
        "R2": 0.9993716827541137,
        "KL divergence": 0.003553939844034412,
        "KS statistic": 0.002017789491022896,
        "W2 distance": 6.057493394600658e-10,
        "Sliced Wasserstein distance": 2.1297424577169416e-12
    },
    "forecast_metrics": {
        "mse": 0.10522142052650452,
        "mae": 0.2352934181690216
    }
}