{
    "config": {
        "seed": 42,
        "dataset_name": "exchange_rate",
        "missing_rate": 0.6,
        "missing_type": "MAR",
        "completeness_rate": 0.3,
        "imputation_method": "knn",
        "forecast_model": "TimesNet"
    },
    "imputed_metrics": {
        "RMSE": 0.804989369655426,
        "MAE": 0.4516816971564666,
        "R2": 0.34019968655789634,
        "KL divergence": 0.09176766084822591,
        "KS statistic": 0.30415088123867573,
        "W2 distance": 4.100837866745026e-09,
        "Sliced Wasserstein distance": 1.9463032584662763e-09
    },
    "forecast_metrics": {
        "mse": 0.13028256595134735,
        "mae": 0.2599697709083557
    }
}