{
    "config": {
        "seed": 42,
        "dataset_name": "exchange_rate",
        "missing_rate": 0.6,
        "missing_type": "D-MNAR",
        "completeness_rate": 0.7,
        "imputation_method": "knn",
        "forecast_model": "TimesNet"
    },
    "imputed_metrics": {
        "RMSE": 0.1381309013455334,
        "MAE": 0.04762175042882981,
        "R2": 0.980572634166894,
        "KL divergence": 0.006770159255583159,
        "KS statistic": 0.056106901663646847,
        "W2 distance": 3.791494256618169e-10,
        "Sliced Wasserstein distance": 9.307341139638952e-11
    },
    "forecast_metrics": {
        "mse": 0.11034973710775375,
        "mae": 0.24034777283668518
    }
}