{
    "config": {
        "seed": 42,
        "dataset_name": "exchange_rate",
        "missing_rate": 0.7,
        "missing_type": "F-MNAR",
        "completeness_rate": 0.7,
        "imputation_method": "IIM",
        "forecast_model": "TimesNet"
    },
    "imputed_metrics": {
        "RMSE": 0.08347027470218392,
        "MAE": 0.08347027470218392,
        "R2": 0.9158305279530827,
        "KL divergence": 0.024153576452671237,
        "KS statistic": 0.05968950749464668,
        "W2 distance": 8.865091402977572e-10,
        "Sliced Wasserstein distance": 2.5074198485999214e-10
    },
    "forecast_metrics": {
        "mse": 0.11491110175848007,
        "mae": 0.2464306652545929
    }
}