{
    "config": {
        "seed": 42,
        "dataset_name": "exchange_rate",
        "missing_rate": 0.7,
        "missing_type": "MCAR",
        "completeness_rate": 0.4,
        "imputation_method": "mean",
        "forecast_model": "TimesNet"
    },
    "imputed_metrics": {
        "RMSE": 0.6343352461504995,
        "MAE": 0.35106486162954675,
        "R2": 0.590296274323382,
        "KL divergence": 0.08854629467487508,
        "KS statistic": 0.24221709767748312,
        "W2 distance": 5.087268350658556e-09,
        "Sliced Wasserstein distance": 2.102206329619255e-09
    },
    "forecast_metrics": {
        "mse": 0.34406420588493347,
        "mae": 0.39636969566345215
    }
}