{
    "config": {
        "seed": 42,
        "dataset_name": "exchange_rate",
        "missing_rate": 0.8,
        "missing_type": "D-MNAR",
        "completeness_rate": 0.8,
        "imputation_method": "mean",
        "forecast_model": "TimesNet"
    },
    "imputed_metrics": {
        "RMSE": 0.4415589263733006,
        "MAE": 0.17269011727320788,
        "R2": 0.8014775783039223,
        "KL divergence": 0.034363037140275304,
        "KS statistic": 0.15289902816669412,
        "W2 distance": 2.1740979013902548e-09,
        "Sliced Wasserstein distance": 8.58873448654091e-10
    },
    "forecast_metrics": {
        "mse": 0.2004448026418686,
        "mae": 0.3110690414905548
    }
}