{
    "config": {
        "seed": 42,
        "dataset_name": "exchange_rate",
        "missing_rate": 0.9,
        "missing_type": "MCAR",
        "completeness_rate": 0.8,
        "imputation_method": "knn",
        "forecast_model": "TimesNet"
    },
    "imputed_metrics": {
        "RMSE": 0.05308612396902863,
        "MAE": 0.05308612396902863,
        "R2": 0.976935486483011,
        "KL divergence": 0.00646581932766262,
        "KS statistic": 0.016924724098171636,
        "W2 distance": 7.474214254655913e-11,
        "Sliced Wasserstein distance": 9.783302185291365e-11
    },
    "forecast_metrics": {
        "mse": 0.11266577988862991,
        "mae": 0.24056445062160492
    }
}