{
    "config": {
        "seed": 42,
        "dataset_name": "exchange_rate",
        "missing_rate": 0.5,
        "missing_type": "MAR",
        "completeness_rate": 0.1,
        "imputation_method": "IIM",
        "forecast_model": "TimesNet"
    },
    "imputed_metrics": {
        "RMSE": 0.665567251866728,
        "MAE": 0.3648116647607616,
        "R2": 0.5489423641505637,
        "KL divergence": 0.08274057218726784,
        "KS statistic": 0.27868143633668263,
        "W2 distance": 4.222098923857921e-09,
        "Sliced Wasserstein distance": 1.5680765098212208e-09
    },
    "forecast_metrics": {
        "mse": 0.24484626948833466,
        "mae": 0.34221363067626953
    }
}