{
    "config": {
        "seed": 42,
        "dataset_name": "exchange_rate",
        "missing_rate": 0.7,
        "missing_type": "MCAR",
        "completeness_rate": 0.8,
        "imputation_method": "forward",
        "forecast_model": "TimesNet"
    },
    "imputed_metrics": {
        "RMSE": 0.0064990160295784385,
        "MAE": 0.0064990160295784385,
        "R2": 0.9994012883854808,
        "KL divergence": 0.00036796090408751034,
        "KS statistic": 0.0021619173118102453,
        "W2 distance": 3.43210531184441e-12,
        "Sliced Wasserstein distance": 6.9957697427471544e-12
    },
    "forecast_metrics": {
        "mse": 0.10147430747747421,
        "mae": 0.2295987904071808
    }
}