{
    "config": {
        "seed": 42,
        "dataset_name": "exchange_rate",
        "missing_rate": 0.3,
        "missing_type": "MCAR",
        "completeness_rate": 0.9,
        "imputation_method": "mean",
        "forecast_model": "TimesNet"
    },
    "imputed_metrics": {
        "RMSE": 0.17539258930106064,
        "MAE": 0.029216309178460728,
        "R2": 0.968677623461235,
        "KL divergence": 0.007078757574525219,
        "KS statistic": 0.021948608137044967,
        "W2 distance": 1.688233635648553e-10,
        "Sliced Wasserstein distance": 1.463109428439398e-10
    },
    "forecast_metrics": {
        "mse": 0.11924875527620316,
        "mae": 0.24953466653823853
    }
}