{
    "config": {
        "seed": 42,
        "dataset_name": "exchange_rate",
        "missing_rate": 0.1,
        "missing_type": "MAR",
        "completeness_rate": 0.3,
        "imputation_method": "mean",
        "forecast_model": "TimesNet"
    },
    "imputed_metrics": {
        "RMSE": 0.26153622534129045,
        "MAE": 0.0563797489754045,
        "R2": 0.9303540398867137,
        "KL divergence": 0.014807266207937682,
        "KS statistic": 0.04537967385933125,
        "W2 distance": 2.145948813119536e-10,
        "Sliced Wasserstein distance": 5.667411569637603e-10
    },
    "forecast_metrics": {
        "mse": 0.10912022739648819,
        "mae": 0.23776686191558838
    }
}