{
    "config": {
        "seed": 42,
        "dataset_name": "exchange_rate",
        "missing_rate": 0.4,
        "missing_type": "F-MNAR",
        "completeness_rate": 0.6,
        "imputation_method": "xgboost",
        "forecast_model": "TimesNet"
    },
    "imputed_metrics": {
        "RMSE": 0.15426028177525355,
        "MAE": 0.057811072197546866,
        "R2": 0.9761635264673205,
        "KL divergence": 0.009287219034047039,
        "KS statistic": 0.07315516389392193,
        "W2 distance": 2.2605049063492845e-10,
        "Sliced Wasserstein distance": 1.2617259855944696e-10
    },
    "forecast_metrics": {
        "mse": 0.12124128639698029,
        "mae": 0.25071924924850464
    }
}