{
    "config": {
        "seed": 42,
        "dataset_name": "exchange_rate",
        "missing_rate": 0.7,
        "missing_type": "MCAR",
        "completeness_rate": 0.4,
        "imputation_method": "IIM",
        "forecast_model": "TimesNet"
    },
    "imputed_metrics": {
        "RMSE": 0.1803828638092509,
        "MAE": 0.1803828638092509,
        "R2": 0.8453716610103474,
        "KL divergence": 0.04018531004567119,
        "KS statistic": 0.09127408993576018,
        "W2 distance": 1.016322327015782e-09,
        "Sliced Wasserstein distance": 5.372538978371747e-10
    },
    "forecast_metrics": {
        "mse": 0.13204139471054077,
        "mae": 0.26783451437950134
    }
}