{
    "config": {
        "seed": 42,
        "dataset_name": "exchange_rate",
        "missing_rate": 0.9,
        "missing_type": "F-MNAR",
        "completeness_rate": 0.7,
        "imputation_method": "forward",
        "forecast_model": "TimesNet"
    },
    "imputed_metrics": {
        "RMSE": 0.08427962330786208,
        "MAE": 0.021628012265561575,
        "R2": 0.9927676839136119,
        "KL divergence": 0.007795422040250964,
        "KS statistic": 0.014598089276890134,
        "W2 distance": 6.492552809105436e-10,
        "Sliced Wasserstein distance": 2.0790336398372836e-11
    },
    "forecast_metrics": {
        "mse": 0.10373333841562271,
        "mae": 0.23522745072841644
    }
}