{
    "config": {
        "seed": 42,
        "dataset_name": "exchange_rate",
        "missing_rate": 0.2,
        "missing_type": "MAR",
        "completeness_rate": 0.9,
        "imputation_method": "knn",
        "forecast_model": "TimesNet"
    },
    "imputed_metrics": {
        "RMSE": 0.007330625221335636,
        "MAE": 0.0007813347168189581,
        "R2": 0.9999452840101383,
        "KL divergence": 1.723751764681608e-05,
        "KS statistic": 0.0004529731510459562,
        "W2 distance": 3.3650916894294333e-13,
        "Sliced Wasserstein distance": 3.488762790153099e-13
    },
    "forecast_metrics": {
        "mse": 0.1049124002456665,
        "mae": 0.23466740548610687
    }
}