{
    "config": {
        "seed": 42,
        "dataset_name": "exchange_rate",
        "missing_rate": 0.8,
        "missing_type": "MAR",
        "completeness_rate": 0.1,
        "imputation_method": "IIM",
        "forecast_model": "TimesNet"
    },
    "imputed_metrics": {
        "RMSE": 0.5264060539601613,
        "MAE": 0.5264060539601613,
        "R2": 0.271611908004206,
        "KL divergence": 0.14182329437750618,
        "KS statistic": 0.10296903310821941,
        "W2 distance": 3.3702689517046975e-09,
        "Sliced Wasserstein distance": 1.8487207118585887e-09
    },
    "forecast_metrics": {
        "mse": 0.1272938847541809,
        "mae": 0.25853878259658813
    }
}