{
    "config": {
        "seed": 42,
        "dataset_name": "exchange_rate",
        "missing_rate": 0.4,
        "missing_type": "D-MNAR",
        "completeness_rate": 0.1,
        "imputation_method": "IIM",
        "forecast_model": "TimesNet"
    },
    "imputed_metrics": {
        "RMSE": 0.213247280947941,
        "MAE": 0.213247280947941,
        "R2": 0.7822504542956604,
        "KL divergence": 0.04422267268412064,
        "KS statistic": 0.10292785373085159,
        "W2 distance": 6.004146003799779e-10,
        "Sliced Wasserstein distance": 7.292287629071515e-10
    },
    "forecast_metrics": {
        "mse": 0.14071397483348846,
        "mae": 0.2640590965747833
    }
}