{
    "config": {
        "seed": 42,
        "dataset_name": "exchange_rate",
        "missing_rate": 0.1,
        "missing_type": "MCAR",
        "completeness_rate": 0.4,
        "imputation_method": "IIM",
        "forecast_model": "TimesNet"
    },
    "imputed_metrics": {
        "RMSE": 0.0015535833933574977,
        "MAE": 0.0015535833933574977,
        "R2": 0.9997777958795457,
        "KL divergence": 6.161272672790392e-05,
        "KS statistic": 0.0030266842365343437,
        "W2 distance": 8.517933449990845e-13,
        "Sliced Wasserstein distance": 5.395088422756693e-13
    },
    "forecast_metrics": {
        "mse": 0.10593745857477188,
        "mae": 0.23501574993133545
    }
}