{
    "config": {
        "seed": 42,
        "dataset_name": "exchange_rate",
        "missing_rate": 0.9,
        "missing_type": "D-MNAR",
        "completeness_rate": 0.8,
        "imputation_method": "forward",
        "forecast_model": "TimesNet"
    },
    "imputed_metrics": {
        "RMSE": 0.01786765626816241,
        "MAE": 0.01786765626816241,
        "R2": 0.9965341057906071,
        "KL divergence": 0.0017536638543750938,
        "KS statistic": 0.010027178389062759,
        "W2 distance": 6.343117090115693e-12,
        "Sliced Wasserstein distance": 9.482517800534419e-12
    },
    "forecast_metrics": {
        "mse": 0.1062312200665474,
        "mae": 0.2364022135734558
    }
}