{
    "config": {
        "seed": 42,
        "dataset_name": "exchange_rate",
        "missing_rate": 0.7,
        "missing_type": "F-MNAR",
        "completeness_rate": 0.8,
        "imputation_method": "xgboost",
        "forecast_model": "TimesNet"
    },
    "imputed_metrics": {
        "RMSE": 0.047342567551555005,
        "MAE": 0.047342567551555005,
        "R2": 0.9788250548489389,
        "KL divergence": 0.0042675307233180915,
        "KS statistic": 0.03436419041344095,
        "W2 distance": 2.6277602700292735e-10,
        "Sliced Wasserstein distance": 5.907783872699636e-11
    },
    "forecast_metrics": {
        "mse": 0.1290903091430664,
        "mae": 0.25742393732070923
    }
}