{
    "config": {
        "seed": 42,
        "dataset_name": "exchange_rate",
        "missing_rate": 0.4,
        "missing_type": "MAR",
        "completeness_rate": 0.9,
        "imputation_method": "xgboost",
        "forecast_model": "TimesNet"
    },
    "imputed_metrics": {
        "RMSE": 0.014689324336708694,
        "MAE": 0.014689324336708694,
        "R2": 0.9936196473422853,
        "KL divergence": 0.0013863455316428656,
        "KS statistic": 0.009471256794597266,
        "W2 distance": 6.069361783633926e-11,
        "Sliced Wasserstein distance": 2.2574661567615067e-11
    },
    "forecast_metrics": {
        "mse": 0.11166585236787796,
        "mae": 0.24012386798858643
    }
}