{
    "config": {
        "seed": 42,
        "dataset_name": "exchange_rate",
        "missing_rate": 0.7,
        "missing_type": "MAR",
        "completeness_rate": 0.5,
        "imputation_method": "IIM",
        "forecast_model": "TimesNet"
    },
    "imputed_metrics": {
        "RMSE": 0.4730270083451204,
        "MAE": 0.20191715917497596,
        "R2": 0.7730773393446956,
        "KL divergence": 0.07220556161073027,
        "KS statistic": 0.14900757700543568,
        "W2 distance": 1.7954099452258145e-09,
        "Sliced Wasserstein distance": 8.954334861669375e-10
    },
    "forecast_metrics": {
        "mse": 0.1413930207490921,
        "mae": 0.2735512852668762
    }
}