{
    "config": {
        "seed": 42,
        "dataset_name": "exchange_rate",
        "missing_rate": 0.4,
        "missing_type": "F-MNAR",
        "completeness_rate": 0.6,
        "imputation_method": "mean",
        "forecast_model": "TimesNet"
    },
    "imputed_metrics": {
        "RMSE": 0.15775942873615714,
        "MAE": 0.15775942873615714,
        "R2": 0.8251838658351265,
        "KL divergence": 0.04445529131702221,
        "KS statistic": 0.13148575193543074,
        "W2 distance": 1.3847915821338006e-09,
        "Sliced Wasserstein distance": 8.147622600692071e-10
    },
    "forecast_metrics": {
        "mse": 0.14604522287845612,
        "mae": 0.2785252332687378
    }
}