{
    "config": {
        "seed": 42,
        "dataset_name": "exchange_rate",
        "missing_rate": 0.3,
        "missing_type": "F-MNAR",
        "completeness_rate": 0.7,
        "imputation_method": "xgboost",
        "forecast_model": "TimesNet"
    },
    "imputed_metrics": {
        "RMSE": 0.03432848863425385,
        "MAE": 0.03432848863425385,
        "R2": 0.9842718599463977,
        "KL divergence": 0.004033255243382619,
        "KS statistic": 0.0443501894251359,
        "W2 distance": 2.9841046631535103e-10,
        "Sliced Wasserstein distance": 5.288567304264867e-11
    },
    "forecast_metrics": {
        "mse": 0.10999605804681778,
        "mae": 0.2381209433078766
    }
}