{
    "config": {
        "seed": 42,
        "dataset_name": "exchange_rate",
        "missing_rate": 0.3,
        "missing_type": "MAR",
        "completeness_rate": 0.5,
        "imputation_method": "IIM",
        "forecast_model": "TimesNet"
    },
    "imputed_metrics": {
        "RMSE": 0.012784117219870512,
        "MAE": 0.012784117219870512,
        "R2": 0.9964179646574716,
        "KL divergence": 0.004039592703026226,
        "KS statistic": 0.014948113984516554,
        "W2 distance": 4.945292522844981e-10,
        "Sliced Wasserstein distance": 5.128577284015769e-11
    },
    "forecast_metrics": {
        "mse": 0.10124488174915314,
        "mae": 0.22740083932876587
    }
}