{
    "config": {
        "seed": 42,
        "dataset_name": "exchange_rate",
        "missing_rate": 0.5,
        "missing_type": "MCAR",
        "completeness_rate": 0.9,
        "imputation_method": "mean",
        "forecast_model": "TimesNet"
    },
    "imputed_metrics": {
        "RMSE": 0.22386000064503572,
        "MAE": 0.047917602639818875,
        "R2": 0.9489747397733153,
        "KL divergence": 0.01148800799944276,
        "KS statistic": 0.03574369955526272,
        "W2 distance": 3.948449619725449e-10,
        "Sliced Wasserstein distance": 1.9258616635331503e-10
    },
    "forecast_metrics": {
        "mse": 0.1372794508934021,
        "mae": 0.26230403780937195
    }
}