{
    "config": {
        "seed": 42,
        "dataset_name": "exchange_rate",
        "missing_rate": 0.3,
        "missing_type": "MCAR",
        "completeness_rate": 0.7,
        "imputation_method": "knn",
        "forecast_model": "TimesNet"
    },
    "imputed_metrics": {
        "RMSE": 0.03045007587829104,
        "MAE": 0.005823862166523852,
        "R2": 0.9990559195914513,
        "KL divergence": 0.003381428961222348,
        "KS statistic": 0.004159117114149234,
        "W2 distance": 5.580347077160226e-10,
        "Sliced Wasserstein distance": 1.867043194617837e-12
    },
    "forecast_metrics": {
        "mse": 0.10353932529687881,
        "mae": 0.23325853049755096
    }
}