{
    "config": {
        "seed": 42,
        "dataset_name": "exchange_rate",
        "missing_rate": 0.3,
        "missing_type": "F-MNAR",
        "completeness_rate": 0.3,
        "imputation_method": "knn",
        "forecast_model": "TimesNet"
    },
    "imputed_metrics": {
        "RMSE": 0.2332644710952858,
        "MAE": 0.08074433341001121,
        "R2": 0.944597492865619,
        "KL divergence": 0.015813027994163762,
        "KS statistic": 0.06662823258112338,
        "W2 distance": 2.2183451339823627e-10,
        "Sliced Wasserstein distance": 4.758005412582305e-10
    },
    "forecast_metrics": {
        "mse": 0.1268315464258194,
        "mae": 0.2529735267162323
    }
}