{
    "config": {
        "seed": 42,
        "dataset_name": "exchange_rate",
        "missing_rate": 0.4,
        "missing_type": "MCAR",
        "completeness_rate": 0.1,
        "imputation_method": "IIM",
        "forecast_model": "TimesNet"
    },
    "imputed_metrics": {
        "RMSE": 0.4455797225372177,
        "MAE": 0.18840874278986958,
        "R2": 0.8218073481814439,
        "KL divergence": 0.03841692021147945,
        "KS statistic": 0.07972327458408829,
        "W2 distance": 5.158772177571764e-10,
        "Sliced Wasserstein distance": 7.960466812912508e-10
    },
    "forecast_metrics": {
        "mse": 0.15936575829982758,
        "mae": 0.2864935100078583
    }
}