{
    "config": {
        "seed": 42,
        "dataset_name": "exchange_rate",
        "missing_rate": 0.9,
        "missing_type": "MAR",
        "completeness_rate": 0.5,
        "imputation_method": "mean",
        "forecast_model": "TimesNet"
    },
    "imputed_metrics": {
        "RMSE": 0.7045600287191323,
        "MAE": 0.4047083712546656,
        "R2": 0.4945616055548734,
        "KL divergence": 0.10162300186172009,
        "KS statistic": 0.29943584253006095,
        "W2 distance": 8.45094341478509e-09,
        "Sliced Wasserstein distance": 2.9809755146005637e-09
    },
    "forecast_metrics": {
        "mse": 0.6747604012489319,
        "mae": 0.531135618686676
    }
}