{
    "config": {
        "seed": 42,
        "dataset_name": "exchange_rate",
        "missing_rate": 0.2,
        "missing_type": "MCAR",
        "completeness_rate": 0.1,
        "imputation_method": "mean",
        "forecast_model": "TimesNet"
    },
    "imputed_metrics": {
        "RMSE": 0.4072353490175242,
        "MAE": 0.13774059095573246,
        "R2": 0.8311414076775436,
        "KL divergence": 0.03377747469514561,
        "KS statistic": 0.09677153681436336,
        "W2 distance": 5.82783150477758e-10,
        "Sliced Wasserstein distance": 9.232546863832489e-10
    },
    "forecast_metrics": {
        "mse": 0.13683779537677765,
        "mae": 0.26586639881134033
    }
}