{
    "config": {
        "seed": 42,
        "dataset_name": "exchange_rate",
        "missing_rate": 0.6,
        "missing_type": "MAR",
        "completeness_rate": 0.7,
        "imputation_method": "xgboost",
        "forecast_model": "TimesNet"
    },
    "imputed_metrics": {
        "RMSE": 0.06632794864707296,
        "MAE": 0.06632794864707296,
        "R2": 0.9722299821751839,
        "KL divergence": 0.008977706897746185,
        "KS statistic": 0.08734145939713392,
        "W2 distance": 7.893055273923411e-10,
        "Sliced Wasserstein distance": 1.687246792028628e-10
    },
    "forecast_metrics": {
        "mse": 0.13038019835948944,
        "mae": 0.26307234168052673
    }
}