{
    "config": {
        "seed": 42,
        "dataset_name": "exchange_rate",
        "missing_rate": 0.1,
        "missing_type": "D-MNAR",
        "completeness_rate": 0.8,
        "imputation_method": "forward",
        "forecast_model": "TimesNet"
    },
    "imputed_metrics": {
        "RMSE": 0.0005661814526190173,
        "MAE": 0.0005661814526190173,
        "R2": 0.9999721240906404,
        "KL divergence": 1.1895020656684115e-05,
        "KS statistic": 0.00063828034920112,
        "W2 distance": 3.2552882704859175e-13,
        "Sliced Wasserstein distance": 2.3187450450791666e-13
    },
    "forecast_metrics": {
        "mse": 0.10534938424825668,
        "mae": 0.23528297245502472
    }
}