{
    "config": {
        "seed": 42,
        "dataset_name": "exchange_rate",
        "missing_rate": 0.3,
        "missing_type": "MAR",
        "completeness_rate": 0.6,
        "imputation_method": "forward",
        "forecast_model": "TimesNet"
    },
    "imputed_metrics": {
        "RMSE": 0.003355853397374697,
        "MAE": 0.003355853397374697,
        "R2": 0.999702317510935,
        "KL divergence": 0.003530803695204455,
        "KS statistic": 0.0021825070004941527,
        "W2 distance": 6.171835369692418e-10,
        "Sliced Wasserstein distance": 3.758642182115868e-12
    },
    "forecast_metrics": {
        "mse": 0.10460864007472992,
        "mae": 0.23459990322589874
    }
}