{
    "config": {
        "seed": 42,
        "dataset_name": "exchange_rate",
        "missing_rate": 0.9,
        "missing_type": "F-MNAR",
        "completeness_rate": 0.6,
        "imputation_method": "knn",
        "forecast_model": "TimesNet"
    },
    "imputed_metrics": {
        "RMSE": 0.600398427421194,
        "MAE": 0.2788310690644328,
        "R2": 0.6329617555057219,
        "KL divergence": 0.05844121066141537,
        "KS statistic": 0.14723686377861964,
        "W2 distance": 3.1953399198553496e-09,
        "Sliced Wasserstein distance": 9.330035046092467e-10
    },
    "forecast_metrics": {
        "mse": 0.1397521048784256,
        "mae": 0.27105265855789185
    }
}