{
    "config": {
        "seed": 42,
        "dataset_name": "exchange_rate",
        "missing_rate": 0.2,
        "missing_type": "F-MNAR",
        "completeness_rate": 0.1,
        "imputation_method": "IIM",
        "forecast_model": "TimesNet"
    },
    "imputed_metrics": {
        "RMSE": 0.05119968432140116,
        "MAE": 0.05119968432140116,
        "R2": 0.9671802040154719,
        "KL divergence": 0.012701943454909732,
        "KS statistic": 0.03360237193213638,
        "W2 distance": 1.2351853906740905e-09,
        "Sliced Wasserstein distance": 2.513021002480605e-10
    },
    "forecast_metrics": {
        "mse": 0.114916130900383,
        "mae": 0.24077275395393372
    }
}