{
    "config": {
        "seed": 42,
        "dataset_name": "exchange_rate",
        "missing_rate": 0.2,
        "missing_type": "MCAR",
        "completeness_rate": 0.2,
        "imputation_method": "IIM",
        "forecast_model": "TimesNet"
    },
    "imputed_metrics": {
        "RMSE": 0.15441485555290377,
        "MAE": 0.04502630235271501,
        "R2": 0.9754012396970286,
        "KL divergence": 0.00836056415568388,
        "KS statistic": 0.022813375061769066,
        "W2 distance": 7.776367281183556e-10,
        "Sliced Wasserstein distance": 1.7850744052264193e-10
    },
    "forecast_metrics": {
        "mse": 0.11526644974946976,
        "mae": 0.2424812912940979
    }
}