{
    "config": {
        "seed": 42,
        "dataset_name": "exchange_rate",
        "missing_rate": 0.1,
        "missing_type": "MCAR",
        "completeness_rate": 0.4,
        "imputation_method": "knn",
        "forecast_model": "TimesNet"
    },
    "imputed_metrics": {
        "RMSE": 0.0046767260418115394,
        "MAE": 0.0046767260418115394,
        "R2": 0.9990907889238296,
        "KL divergence": 0.00023261594412222832,
        "KS statistic": 0.003953220227310163,
        "W2 distance": 4.5943246110731615e-12,
        "Sliced Wasserstein distance": 1.7486049882628e-12
    },
    "forecast_metrics": {
        "mse": 0.10447489470243454,
        "mae": 0.23274073004722595
    }
}