{
    "config": {
        "seed": 42,
        "dataset_name": "exchange_rate",
        "missing_rate": 0.8,
        "missing_type": "D-MNAR",
        "completeness_rate": 0.5,
        "imputation_method": "IIM",
        "forecast_model": "TimesNet"
    },
    "imputed_metrics": {
        "RMSE": 0.5874934648387504,
        "MAE": 0.2694459493456643,
        "R2": 0.663252091300627,
        "KL divergence": 0.08508777412641673,
        "KS statistic": 0.1461456102783726,
        "W2 distance": 3.787681827364576e-09,
        "Sliced Wasserstein distance": 1.2080433707099108e-09
    },
    "forecast_metrics": {
        "mse": 0.14464342594146729,
        "mae": 0.28205373883247375
    }
}