{
    "config": {
        "seed": 42,
        "dataset_name": "exchange_rate",
        "missing_rate": 0.5,
        "missing_type": "MAR",
        "completeness_rate": 0.9,
        "imputation_method": "xgboost",
        "forecast_model": "TimesNet"
    },
    "imputed_metrics": {
        "RMSE": 0.018293179728954098,
        "MAE": 0.018293179728954098,
        "R2": 0.9920331039598964,
        "KL divergence": 0.0016771728694220753,
        "KS statistic": 0.011777301927194861,
        "W2 distance": 7.84278918218385e-11,
        "Sliced Wasserstein distance": 2.2730596457412894e-11
    },
    "forecast_metrics": {
        "mse": 0.11359185725450516,
        "mae": 0.24215836822986603
    }
}