{
    "config": {
        "seed": 42,
        "dataset_name": "exchange_rate",
        "missing_rate": 0.4,
        "missing_type": "F-MNAR",
        "completeness_rate": 0.9,
        "imputation_method": "forward",
        "forecast_model": "TimesNet"
    },
    "imputed_metrics": {
        "RMSE": 0.0012541129940840231,
        "MAE": 0.0012541129940840231,
        "R2": 0.999879689076018,
        "KL divergence": 0.00047806800781071757,
        "KS statistic": 0.000617690660517213,
        "W2 distance": 6.485670131986887e-12,
        "Sliced Wasserstein distance": 4.56490336458483e-13
    },
    "forecast_metrics": {
        "mse": 0.10527482628822327,
        "mae": 0.2350018322467804
    }
}