{
    "config": {
        "seed": 42,
        "dataset_name": "exchange_rate",
        "missing_rate": 0.7,
        "missing_type": "F-MNAR",
        "completeness_rate": 0.6,
        "imputation_method": "xgboost",
        "forecast_model": "TimesNet"
    },
    "imputed_metrics": {
        "RMSE": 0.10986728308582548,
        "MAE": 0.10986728308582548,
        "R2": 0.9503261483810462,
        "KL divergence": 0.014684695427072398,
        "KS statistic": 0.12170564981057486,
        "W2 distance": 8.165312764587084e-10,
        "Sliced Wasserstein distance": 3.1195938774762545e-10
    },
    "forecast_metrics": {
        "mse": 0.13549895584583282,
        "mae": 0.2648279666900635
    }
}