{
    "config": {
        "seed": 42,
        "dataset_name": "exchange_rate",
        "missing_rate": 0.5,
        "missing_type": "D-MNAR",
        "completeness_rate": 0.1,
        "imputation_method": "knn",
        "forecast_model": "TimesNet"
    },
    "imputed_metrics": {
        "RMSE": 0.345581020205346,
        "MAE": 0.345581020205346,
        "R2": 0.5336512669852134,
        "KL divergence": 0.0810891719624004,
        "KS statistic": 0.14330423323999342,
        "W2 distance": 1.6930966345473782e-09,
        "Sliced Wasserstein distance": 1.5835877824097164e-09
    },
    "forecast_metrics": {
        "mse": 0.1420309990644455,
        "mae": 0.271937757730484
    }
}