{
    "config": {
        "seed": 42,
        "dataset_name": "exchange_rate",
        "missing_rate": 0.2,
        "missing_type": "MAR",
        "completeness_rate": 0.3,
        "imputation_method": "knn",
        "forecast_model": "TimesNet"
    },
    "imputed_metrics": {
        "RMSE": 0.16895363642922037,
        "MAE": 0.043582714893782966,
        "R2": 0.9709352016497389,
        "KL divergence": 0.006210289479374328,
        "KS statistic": 0.025242958326470104,
        "W2 distance": 1.2973616797044612e-10,
        "Sliced Wasserstein distance": 1.0956658175319249e-10
    },
    "forecast_metrics": {
        "mse": 0.1136910617351532,
        "mae": 0.24282854795455933
    }
}