{
    "config": {
        "seed": 42,
        "dataset_name": "exchange_rate",
        "missing_rate": 0.3,
        "missing_type": "MCAR",
        "completeness_rate": 0.7,
        "imputation_method": "IIM",
        "forecast_model": "TimesNet"
    },
    "imputed_metrics": {
        "RMSE": 0.016873104700526425,
        "MAE": 0.0029650642851717793,
        "R2": 0.9997118023619684,
        "KL divergence": 0.0009765756484083122,
        "KS statistic": 0.00617690660517213,
        "W2 distance": 2.0577535986842888e-10,
        "Sliced Wasserstein distance": 2.96223503981182e-11
    },
    "forecast_metrics": {
        "mse": 0.10423985868692398,
        "mae": 0.2329844832420349
    }
}