{
    "config": {
        "seed": 42,
        "dataset_name": "exchange_rate",
        "missing_rate": 0.6,
        "missing_type": "MAR",
        "completeness_rate": 0.7,
        "imputation_method": "mean",
        "forecast_model": "TimesNet"
    },
    "imputed_metrics": {
        "RMSE": 0.1840103426329758,
        "MAE": 0.1840103426329758,
        "R2": 0.7932082857185049,
        "KL divergence": 0.04988252304762042,
        "KS statistic": 0.1583141162905617,
        "W2 distance": 3.2239739877995633e-09,
        "Sliced Wasserstein distance": 8.338496275513785e-10
    },
    "forecast_metrics": {
        "mse": 0.1723736822605133,
        "mae": 0.30361753702163696
    }
}