{
    "config": {
        "seed": 42,
        "dataset_name": "exchange_rate",
        "missing_rate": 0.6,
        "missing_type": "MAR",
        "completeness_rate": 0.3,
        "imputation_method": "xgboost",
        "forecast_model": "TimesNet"
    },
    "imputed_metrics": {
        "RMSE": 0.24695234458608598,
        "MAE": 0.13335431627615615,
        "R2": 0.9384402167296823,
        "KL divergence": 0.01421072513998043,
        "KS statistic": 0.12112913852742546,
        "W2 distance": 5.905909600842613e-10,
        "Sliced Wasserstein distance": 4.913273913066208e-10
    },
    "forecast_metrics": {
        "mse": 0.14192543923854828,
        "mae": 0.27414393424987793
    }
}