{
    "config": {
        "seed": 42,
        "dataset_name": "exchange_rate",
        "missing_rate": 0.1,
        "missing_type": "MAR",
        "completeness_rate": 0.9,
        "imputation_method": "forward",
        "forecast_model": "TimesNet"
    },
    "imputed_metrics": {
        "RMSE": 0.0002605849292546362,
        "MAE": 0.0002605849292546362,
        "R2": 0.9999848400564182,
        "KL divergence": 4.038840086426885e-06,
        "KS statistic": 0.00016471750947125678,
        "W2 distance": 3.3928604618532246e-13,
        "Sliced Wasserstein distance": 1.9093070179465477e-13
    },
    "forecast_metrics": {
        "mse": 0.1054588109254837,
        "mae": 0.23533210158348083
    }
}