{
    "config": {
        "seed": 42,
        "dataset_name": "exchange_rate",
        "missing_rate": 0.2,
        "missing_type": "F-MNAR",
        "completeness_rate": 0.3,
        "imputation_method": "knn",
        "forecast_model": "TimesNet"
    },
    "imputed_metrics": {
        "RMSE": 0.1544177793909729,
        "MAE": 0.042938345372657054,
        "R2": 0.9757212215275161,
        "KL divergence": 0.008964286780436183,
        "KS statistic": 0.036526107725251195,
        "W2 distance": 3.3590471565414933e-10,
        "Sliced Wasserstein distance": 2.611354608326331e-10
    },
    "forecast_metrics": {
        "mse": 0.11350693553686142,
        "mae": 0.23980310559272766
    }
}