{
    "config": {
        "seed": 42,
        "dataset_name": "exchange_rate",
        "missing_rate": 0.5,
        "missing_type": "F-MNAR",
        "completeness_rate": 0.9,
        "imputation_method": "IIM",
        "forecast_model": "TimesNet"
    },
    "imputed_metrics": {
        "RMSE": 0.01082289326525092,
        "MAE": 0.0015535470358689584,
        "R2": 0.999879915163283,
        "KL divergence": 0.00012896142928294223,
        "KS statistic": 0.0006588700378850271,
        "W2 distance": 3.7171108711973116e-12,
        "Sliced Wasserstein distance": 3.2912723707136047e-12
    },
    "forecast_metrics": {
        "mse": 0.10485579818487167,
        "mae": 0.23476187884807587
    }
}