{
    "config": {
        "seed": 42,
        "dataset_name": "exchange_rate",
        "missing_rate": 0.3,
        "missing_type": "F-MNAR",
        "completeness_rate": 0.6,
        "imputation_method": "IIM",
        "forecast_model": "TimesNet"
    },
    "imputed_metrics": {
        "RMSE": 0.012074490111396167,
        "MAE": 0.012074490111396167,
        "R2": 0.9965781739819645,
        "KL divergence": 0.0026885656736598405,
        "KS statistic": 0.01525695931477516,
        "W2 distance": 3.4820649515145096e-10,
        "Sliced Wasserstein distance": 5.562172641100874e-11
    },
    "forecast_metrics": {
        "mse": 0.1037449836730957,
        "mae": 0.23107297718524933
    }
}