{
    "config": {
        "seed": 42,
        "dataset_name": "exchange_rate",
        "missing_rate": 0.4,
        "missing_type": "MAR",
        "completeness_rate": 0.6,
        "imputation_method": "forward",
        "forecast_model": "TimesNet"
    },
    "imputed_metrics": {
        "RMSE": 0.004908103148537408,
        "MAE": 0.004908103148537408,
        "R2": 0.9995327240702399,
        "KL divergence": 0.0036231376997844372,
        "KS statistic": 0.0026148904628562016,
        "W2 distance": 6.185742112370773e-10,
        "Sliced Wasserstein distance": 3.883099359413604e-12
    },
    "forecast_metrics": {
        "mse": 0.10610312223434448,
        "mae": 0.2361372858285904
    }
}