{
    "config": {
        "seed": 42,
        "dataset_name": "exchange_rate",
        "missing_rate": 0.9,
        "missing_type": "F-MNAR",
        "completeness_rate": 0.3,
        "imputation_method": "IIM",
        "forecast_model": "TimesNet"
    },
    "imputed_metrics": {
        "RMSE": 0.5979292221202076,
        "MAE": 0.5233752006540584,
        "R2": 0.15361582943156904,
        "KL divergence": 0.09887808989005471,
        "KS statistic": 0.12149975292373578,
        "W2 distance": 6.046679701500542e-09,
        "Sliced Wasserstein distance": 2.538656669660282e-09
    },
    "forecast_metrics": {
        "mse": 0.08861647546291351,
        "mae": 0.20422375202178955
    }
}