{
    "config": {
        "seed": 42,
        "dataset_name": "exchange_rate",
        "missing_rate": 0.4,
        "missing_type": "D-MNAR",
        "completeness_rate": 0.4,
        "imputation_method": "xgboost",
        "forecast_model": "TimesNet"
    },
    "imputed_metrics": {
        "RMSE": 0.17518280151769694,
        "MAE": 0.0738647069240899,
        "R2": 0.968678501996495,
        "KL divergence": 0.009955927235712331,
        "KS statistic": 0.08139103936748475,
        "W2 distance": 3.6448681426305205e-10,
        "Sliced Wasserstein distance": 2.099794567129472e-10
    },
    "forecast_metrics": {
        "mse": 0.12941215932369232,
        "mae": 0.2579808831214905
    }
}