{
    "config": {
        "seed": 42,
        "dataset_name": "exchange_rate",
        "missing_rate": 0.7,
        "missing_type": "F-MNAR",
        "completeness_rate": 0.9,
        "imputation_method": "mean",
        "forecast_model": "TimesNet"
    },
    "imputed_metrics": {
        "RMSE": 0.06897983999334338,
        "MAE": 0.06897983999334338,
        "R2": 0.9279516965234199,
        "KL divergence": 0.016387180867738813,
        "KS statistic": 0.05499505847471586,
        "W2 distance": 7.900751941485254e-10,
        "Sliced Wasserstein distance": 3.337333206623978e-10
    },
    "forecast_metrics": {
        "mse": 0.13822850584983826,
        "mae": 0.26531803607940674
    }
}