{
    "config": {
        "seed": 42,
        "dataset_name": "exchange_rate",
        "missing_rate": 0.2,
        "missing_type": "F-MNAR",
        "completeness_rate": 0.8,
        "imputation_method": "knn",
        "forecast_model": "TimesNet"
    },
    "imputed_metrics": {
        "RMSE": 0.015165706888314128,
        "MAE": 0.0021378096630335123,
        "R2": 0.9997658158257189,
        "KL divergence": 4.850978289632722e-05,
        "KS statistic": 0.0011118431889309834,
        "W2 distance": 9.63364494631713e-13,
        "Sliced Wasserstein distance": 7.976638668369241e-13
    },
    "forecast_metrics": {
        "mse": 0.10634976625442505,
        "mae": 0.23643435537815094
    }
}