{
    "config": {
        "seed": 42,
        "dataset_name": "exchange_rate",
        "missing_rate": 0.1,
        "missing_type": "F-MNAR",
        "completeness_rate": 0.7,
        "imputation_method": "IIM",
        "forecast_model": "TimesNet"
    },
    "imputed_metrics": {
        "RMSE": 0.005148356461403885,
        "MAE": 0.0005391261888579975,
        "R2": 0.9999772661447704,
        "KL divergence": 6.359564798933442e-06,
        "KS statistic": 0.0019766101136550816,
        "W2 distance": 4.084582195690892e-13,
        "Sliced Wasserstein distance": 3.775099720378384e-13
    },
    "forecast_metrics": {
        "mse": 0.10438799113035202,
        "mae": 0.23433227837085724
    }
}