{
    "config": {
        "seed": 42,
        "dataset_name": "exchange_rate",
        "missing_rate": 0.3,
        "missing_type": "D-MNAR",
        "completeness_rate": 0.9,
        "imputation_method": "mean",
        "forecast_model": "TimesNet"
    },
    "imputed_metrics": {
        "RMSE": 0.19777169015551876,
        "MAE": 0.03189300251327888,
        "R2": 0.9601745696920143,
        "KL divergence": 0.007794457552669597,
        "KS statistic": 0.01988963926865426,
        "W2 distance": 1.7382499219869435e-10,
        "Sliced Wasserstein distance": 1.6224746150852987e-10
    },
    "forecast_metrics": {
        "mse": 0.13412079215049744,
        "mae": 0.25246110558509827
    }
}