{
    "config": {
        "seed": 42,
        "dataset_name": "exchange_rate",
        "missing_rate": 0.8,
        "missing_type": "D-MNAR",
        "completeness_rate": 0.4,
        "imputation_method": "mean",
        "forecast_model": "TimesNet"
    },
    "imputed_metrics": {
        "RMSE": 0.7445122808093262,
        "MAE": 0.4421347499740973,
        "R2": 0.4356143554802664,
        "KL divergence": 0.09987231268641428,
        "KS statistic": 0.36346977433701205,
        "W2 distance": 6.897985298495932e-09,
        "Sliced Wasserstein distance": 2.6302501552959694e-09
    },
    "forecast_metrics": {
        "mse": 0.4243917465209961,
        "mae": 0.43773752450942993
    }
}