{
    "config": {
        "seed": 42,
        "dataset_name": "exchange_rate",
        "missing_rate": 0.8,
        "missing_type": "D-MNAR",
        "completeness_rate": 0.8,
        "imputation_method": "IIM",
        "forecast_model": "TimesNet"
    },
    "imputed_metrics": {
        "RMSE": 0.06333497424001008,
        "MAE": 0.06333497424001008,
        "R2": 0.9641662751789069,
        "KL divergence": 0.009107086873235014,
        "KS statistic": 0.05386262559710097,
        "W2 distance": 3.208796768124145e-10,
        "Sliced Wasserstein distance": 1.3030138320178296e-10
    },
    "forecast_metrics": {
        "mse": 0.12080830335617065,
        "mae": 0.2517916262149811
    }
}