{
    "config": {
        "seed": 42,
        "dataset_name": "exchange_rate",
        "missing_rate": 0.1,
        "missing_type": "D-MNAR",
        "completeness_rate": 0.9,
        "imputation_method": "mean",
        "forecast_model": "TimesNet"
    },
    "imputed_metrics": {
        "RMSE": 0.011956589262501625,
        "MAE": 0.011956589262501625,
        "R2": 0.9839836240738585,
        "KL divergence": 0.003013697431349949,
        "KS statistic": 0.00730933948278702,
        "W2 distance": 2.9819556177676776e-11,
        "Sliced Wasserstein distance": 1.0824002629860536e-10
    },
    "forecast_metrics": {
        "mse": 0.11989600956439972,
        "mae": 0.24318420886993408
    }
}