{
    "config": {
        "seed": 42,
        "dataset_name": "exchange_rate",
        "missing_rate": 0.4,
        "missing_type": "D-MNAR",
        "completeness_rate": 0.4,
        "imputation_method": "knn",
        "forecast_model": "TimesNet"
    },
    "imputed_metrics": {
        "RMSE": 0.06283779744972567,
        "MAE": 0.06283779744972567,
        "R2": 0.9696101942530969,
        "KL divergence": 0.009894434506130267,
        "KS statistic": 0.059710097183330584,
        "W2 distance": 2.0639424801477434e-10,
        "Sliced Wasserstein distance": 2.0627662940852354e-10
    },
    "forecast_metrics": {
        "mse": 0.14041976630687714,
        "mae": 0.2578931748867035
    }
}