{
    "config": {
        "seed": 42,
        "dataset_name": "exchange_rate",
        "missing_rate": 0.9,
        "missing_type": "MAR",
        "completeness_rate": 0.9,
        "imputation_method": "IIM",
        "forecast_model": "TimesNet"
    },
    "imputed_metrics": {
        "RMSE": 0.04465955027881541,
        "MAE": 0.008705512554206731,
        "R2": 0.9979977304572748,
        "KL divergence": 0.0006609176566847927,
        "KS statistic": 0.002491352330752759,
        "W2 distance": 9.908853196837667e-12,
        "Sliced Wasserstein distance": 2.5572501459690657e-11
    },
    "forecast_metrics": {
        "mse": 0.10996450483798981,
        "mae": 0.2392282634973526
    }
}