{
    "config": {
        "seed": 42,
        "dataset_name": "exchange_rate",
        "missing_rate": 0.1,
        "missing_type": "MCAR",
        "completeness_rate": 0.7,
        "imputation_method": "knn",
        "forecast_model": "TimesNet"
    },
    "imputed_metrics": {
        "RMSE": 0.012080231861507874,
        "MAE": 0.0012274328805452945,
        "R2": 0.9998514123319521,
        "KL divergence": 0.003343551855312093,
        "KS statistic": 0.0012559710097183332,
        "W2 distance": 5.952741740425152e-10,
        "Sliced Wasserstein distance": 4.308774605248417e-13
    },
    "forecast_metrics": {
        "mse": 0.10467734187841415,
        "mae": 0.23399868607521057
    }
}