{
    "config": {
        "seed": 42,
        "dataset_name": "exchange_rate",
        "missing_rate": 0.8,
        "missing_type": "F-MNAR",
        "completeness_rate": 0.8,
        "imputation_method": "xgboost",
        "forecast_model": "TimesNet"
    },
    "imputed_metrics": {
        "RMSE": 0.16206481011938312,
        "MAE": 0.05460185715973238,
        "R2": 0.97486469226572,
        "KL divergence": 0.004821080754433124,
        "KS statistic": 0.03891451161258441,
        "W2 distance": 3.262458967705273e-10,
        "Sliced Wasserstein distance": 1.3659142889465424e-10
    },
    "forecast_metrics": {
        "mse": 0.13524982333183289,
        "mae": 0.26312705874443054
    }
}