{
    "config": {
        "seed": 42,
        "dataset_name": "exchange_rate",
        "missing_rate": 0.6,
        "missing_type": "F-MNAR",
        "completeness_rate": 0.4,
        "imputation_method": "knn",
        "forecast_model": "TimesNet"
    },
    "imputed_metrics": {
        "RMSE": 0.37932419341714285,
        "MAE": 0.15684881660035938,
        "R2": 0.8534947077947166,
        "KL divergence": 0.03838368177848266,
        "KS statistic": 0.08032037555592159,
        "W2 distance": 3.960739305817754e-10,
        "Sliced Wasserstein distance": 4.760320059161681e-10
    },
    "forecast_metrics": {
        "mse": 0.13262498378753662,
        "mae": 0.26192954182624817
    }
}