{
    "config": {
        "seed": 42,
        "dataset_name": "exchange_rate",
        "missing_rate": 0.9,
        "missing_type": "F-MNAR",
        "completeness_rate": 0.2,
        "imputation_method": "xgboost",
        "forecast_model": "TimesNet"
    },
    "imputed_metrics": {
        "RMSE": 0.2915382511885335,
        "MAE": 0.2915382511885335,
        "R2": 0.8344463580229037,
        "KL divergence": 0.0312800432494086,
        "KS statistic": 0.2354842694778455,
        "W2 distance": 1.9611911279550137e-09,
        "Sliced Wasserstein distance": 7.926588606535498e-10
    },
    "forecast_metrics": {
        "mse": 0.24320383369922638,
        "mae": 0.35319074988365173
    }
}