{
    "config": {
        "seed": 42,
        "dataset_name": "exchange_rate",
        "missing_rate": 0.5,
        "missing_type": "MAR",
        "completeness_rate": 0.1,
        "imputation_method": "mean",
        "forecast_model": "TimesNet"
    },
    "imputed_metrics": {
        "RMSE": 0.35134298296902156,
        "MAE": 0.35134298296902156,
        "R2": 0.5655670206221437,
        "KL divergence": 0.08135646375862127,
        "KS statistic": 0.26725415911711414,
        "W2 distance": 3.444863360782611e-09,
        "Sliced Wasserstein distance": 1.7086043445420287e-09
    },
    "forecast_metrics": {
        "mse": 0.2572028338909149,
        "mae": 0.3549949824810028
    }
}