{
    "config": {
        "seed": 42,
        "dataset_name": "exchange_rate",
        "missing_rate": 0.1,
        "missing_type": "D-MNAR",
        "completeness_rate": 0.4,
        "imputation_method": "IIM",
        "forecast_model": "TimesNet"
    },
    "imputed_metrics": {
        "RMSE": 0.001613555919163813,
        "MAE": 0.001613555919163813,
        "R2": 0.9998523375758285,
        "KL divergence": 6.486938888321719e-05,
        "KS statistic": 0.0021413276231263384,
        "W2 distance": 4.636922080239039e-13,
        "Sliced Wasserstein distance": 5.838815910520071e-13
    },
    "forecast_metrics": {
        "mse": 0.10615809261798859,
        "mae": 0.23634661734104156
    }
}