{
    "config": {
        "seed": 42,
        "dataset_name": "exchange_rate",
        "missing_rate": 0.3,
        "missing_type": "MAR",
        "completeness_rate": 0.4,
        "imputation_method": "IIM",
        "forecast_model": "TimesNet"
    },
    "imputed_metrics": {
        "RMSE": 0.08949862174232645,
        "MAE": 0.023111853776391845,
        "R2": 0.9918379722510873,
        "KL divergence": 0.0027856742822954194,
        "KS statistic": 0.019189589853401415,
        "W2 distance": 4.883341233239247e-11,
        "Sliced Wasserstein distance": 1.6826419593522293e-11
    },
    "forecast_metrics": {
        "mse": 0.10706807672977448,
        "mae": 0.2329469621181488
    }
}