{
    "config": {
        "seed": 42,
        "dataset_name": "exchange_rate",
        "missing_rate": 0.5,
        "missing_type": "D-MNAR",
        "completeness_rate": 0.8,
        "imputation_method": "IIM",
        "forecast_model": "TimesNet"
    },
    "imputed_metrics": {
        "RMSE": 0.029269102460869646,
        "MAE": 0.00653395076753212,
        "R2": 0.9991399048429105,
        "KL divergence": 0.0004882009784817951,
        "KS statistic": 0.0034796573875802996,
        "W2 distance": 8.999572725616441e-12,
        "Sliced Wasserstein distance": 9.981871352397391e-12
    },
    "forecast_metrics": {
        "mse": 0.10973562300205231,
        "mae": 0.239192932844162
    }
}