{
    "config": {
        "seed": 42,
        "dataset_name": "exchange_rate",
        "missing_rate": 0.1,
        "missing_type": "MCAR",
        "completeness_rate": 0.9,
        "imputation_method": "mean",
        "forecast_model": "TimesNet"
    },
    "imputed_metrics": {
        "RMSE": 0.09942646792390342,
        "MAE": 0.009764356975143312,
        "R2": 0.9899344792121019,
        "KL divergence": 0.002330066323024809,
        "KS statistic": 0.007638774501729534,
        "W2 distance": 2.3133952878061877e-11,
        "Sliced Wasserstein distance": 1.2978489830943784e-10
    },
    "forecast_metrics": {
        "mse": 0.10976798087358475,
        "mae": 0.2389749437570572
    }
}