{
    "config": {
        "seed": 42,
        "dataset_name": "exchange_rate",
        "missing_rate": 0.9,
        "missing_type": "D-MNAR",
        "completeness_rate": 0.6,
        "imputation_method": "forward",
        "forecast_model": "TimesNet"
    },
    "imputed_metrics": {
        "RMSE": 0.029715249536652926,
        "MAE": 0.029715249536652926,
        "R2": 0.9922320798844675,
        "KL divergence": 0.012525397252776637,
        "KS statistic": 0.01743946631526931,
        "W2 distance": 7.774278757575326e-10,
        "Sliced Wasserstein distance": 4.877324125815596e-11
    },
    "forecast_metrics": {
        "mse": 0.11472398787736893,
        "mae": 0.23975321650505066
    }
}