{
    "config": {
        "seed": 42,
        "dataset_name": "exchange_rate",
        "missing_rate": 0.2,
        "missing_type": "MCAR",
        "completeness_rate": 0.5,
        "imputation_method": "xgboost",
        "forecast_model": "TimesNet"
    },
    "imputed_metrics": {
        "RMSE": 0.1103114475538188,
        "MAE": 0.028466316785104067,
        "R2": 0.9877693591021967,
        "KL divergence": 0.003403095294422711,
        "KS statistic": 0.029196178553780268,
        "W2 distance": 1.4990898828331343e-10,
        "Sliced Wasserstein distance": 7.295108632927881e-11
    },
    "forecast_metrics": {
        "mse": 0.11503665894269943,
        "mae": 0.24012893438339233
    }
}