{
    "config": {
        "seed": 42,
        "dataset_name": "exchange_rate",
        "missing_rate": 0.5,
        "missing_type": "F-MNAR",
        "completeness_rate": 0.4,
        "imputation_method": "knn",
        "forecast_model": "TimesNet"
    },
    "imputed_metrics": {
        "RMSE": 0.23605058421674147,
        "MAE": 0.09353848519116371,
        "R2": 0.9432661330060421,
        "KL divergence": 0.015680438728089965,
        "KS statistic": 0.05847471586229617,
        "W2 distance": 3.0258922604493363e-10,
        "Sliced Wasserstein distance": 2.6687790682395257e-10
    },
    "forecast_metrics": {
        "mse": 0.12510114908218384,
        "mae": 0.25313106179237366
    }
}