{
    "config": {
        "seed": 42,
        "dataset_name": "exchange_rate",
        "missing_rate": 0.9,
        "missing_type": "F-MNAR",
        "completeness_rate": 0.9,
        "imputation_method": "forward",
        "forecast_model": "TimesNet"
    },
    "imputed_metrics": {
        "RMSE": 0.007829941698128083,
        "MAE": 0.007829941698128083,
        "R2": 0.9984521643837968,
        "KL divergence": 0.0034489675422912707,
        "KS statistic": 0.0030472739252182506,
        "W2 distance": 8.986390264995835e-11,
        "Sliced Wasserstein distance": 1.5084004430838927e-11
    },
    "forecast_metrics": {
        "mse": 0.10474279522895813,
        "mae": 0.23291099071502686
    }
}