{
    "config": {
        "seed": 42,
        "dataset_name": "exchange_rate",
        "missing_rate": 0.3,
        "missing_type": "D-MNAR",
        "completeness_rate": 0.3,
        "imputation_method": "xgboost",
        "forecast_model": "TimesNet"
    },
    "imputed_metrics": {
        "RMSE": 0.18223962259199505,
        "MAE": 0.07047110977196698,
        "R2": 0.9659344311935427,
        "KL divergence": 0.008395449652509372,
        "KS statistic": 0.06197496293856036,
        "W2 distance": 4.177762505446507e-10,
        "Sliced Wasserstein distance": 1.6625447558344502e-10
    },
    "forecast_metrics": {
        "mse": 0.13011743128299713,
        "mae": 0.2590075433254242
    }
}