{
    "config": {
        "seed": 42,
        "dataset_name": "exchange_rate",
        "missing_rate": 0.2,
        "missing_type": "MCAR",
        "completeness_rate": 0.6,
        "imputation_method": "xgboost",
        "forecast_model": "TimesNet"
    },
    "imputed_metrics": {
        "RMSE": 0.11022915651021735,
        "MAE": 0.028832057042464925,
        "R2": 0.9873973175258428,
        "KL divergence": 0.0034763295611762463,
        "KS statistic": 0.029154999176412455,
        "W2 distance": 1.5248321455530274e-10,
        "Sliced Wasserstein distance": 7.268184847561886e-11
    },
    "forecast_metrics": {
        "mse": 0.1154552549123764,
        "mae": 0.23976710438728333
    }
}