{
    "config": {
        "seed": 42,
        "dataset_name": "exchange_rate",
        "missing_rate": 0.7,
        "missing_type": "D-MNAR",
        "completeness_rate": 0.9,
        "imputation_method": "mean",
        "forecast_model": "TimesNet"
    },
    "imputed_metrics": {
        "RMSE": 0.2867475896488337,
        "MAE": 0.06854126536097256,
        "R2": 0.9162795066503232,
        "KL divergence": 0.016847494970305757,
        "KS statistic": 0.04507082852907264,
        "W2 distance": 7.929339724199431e-10,
        "Sliced Wasserstein distance": 4.1459042123567365e-10
    },
    "forecast_metrics": {
        "mse": 0.1823483109474182,
        "mae": 0.27760815620422363
    }
}