{
    "config": {
        "seed": 42,
        "dataset_name": "exchange_rate",
        "missing_rate": 0.3,
        "missing_type": "F-MNAR",
        "completeness_rate": 0.8,
        "imputation_method": "forward",
        "forecast_model": "TimesNet"
    },
    "imputed_metrics": {
        "RMSE": 0.012243653774839738,
        "MAE": 0.0021782683340043885,
        "R2": 0.9998473649380724,
        "KL divergence": 4.185359847005798e-05,
        "KS statistic": 0.0008441772360401911,
        "W2 distance": 5.498613618732221e-13,
        "Sliced Wasserstein distance": 4.852669126527027e-12
    },
    "forecast_metrics": {
        "mse": 0.10655173659324646,
        "mae": 0.23663873970508575
    }
}