{
    "config": {
        "seed": 42,
        "dataset_name": "exchange_rate",
        "missing_rate": 0.8,
        "missing_type": "D-MNAR",
        "completeness_rate": 0.7,
        "imputation_method": "forward",
        "forecast_model": "TimesNet"
    },
    "imputed_metrics": {
        "RMSE": 0.01207668445300491,
        "MAE": 0.01207668445300491,
        "R2": 0.9970352597588309,
        "KL divergence": 0.006361693777345278,
        "KS statistic": 0.008338823916982374,
        "W2 distance": 6.317019331768444e-10,
        "Sliced Wasserstein distance": 5.814916992444288e-12
    },
    "forecast_metrics": {
        "mse": 0.10687300562858582,
        "mae": 0.23734600841999054
    }
}