{
    "config": {
        "seed": 42,
        "dataset_name": "exchange_rate",
        "missing_rate": 0.6,
        "missing_type": "MCAR",
        "completeness_rate": 0.8,
        "imputation_method": "forward",
        "forecast_model": "TimesNet"
    },
    "imputed_metrics": {
        "RMSE": 0.0049412149353463665,
        "MAE": 0.0049412149353463665,
        "R2": 0.9995877294051071,
        "KL divergence": 0.0001962180441195159,
        "KS statistic": 0.0017913029154999177,
        "W2 distance": 7.033486859567051e-13,
        "Sliced Wasserstein distance": 4.592232854534547e-12
    },
    "forecast_metrics": {
        "mse": 0.1056366041302681,
        "mae": 0.23546186089515686
    }
}