{
    "config": {
        "seed": 42,
        "dataset_name": "exchange_rate",
        "missing_rate": 0.8,
        "missing_type": "MCAR",
        "completeness_rate": 0.8,
        "imputation_method": "xgboost",
        "forecast_model": "TimesNet"
    },
    "imputed_metrics": {
        "RMSE": 0.14198210745940104,
        "MAE": 0.05392168791493982,
        "R2": 0.9779339301179457,
        "KL divergence": 0.0059111107101305505,
        "KS statistic": 0.04836517871849778,
        "W2 distance": 3.6510215193510464e-10,
        "Sliced Wasserstein distance": 1.3922143637579427e-10
    },
    "forecast_metrics": {
        "mse": 0.13223180174827576,
        "mae": 0.2619052529335022
    }
}