{
    "config": {
        "seed": 42,
        "dataset_name": "exchange_rate",
        "missing_rate": 0.9,
        "missing_type": "D-MNAR",
        "completeness_rate": 0.9,
        "imputation_method": "mean",
        "forecast_model": "TimesNet"
    },
    "imputed_metrics": {
        "RMSE": 0.3152619452133574,
        "MAE": 0.08506409965177211,
        "R2": 0.8988012079299078,
        "KL divergence": 0.020983876599333443,
        "KS statistic": 0.0565598748146928,
        "W2 distance": 1.3570467116446326e-09,
        "Sliced Wasserstein distance": 9.607588815384898e-10
    },
    "forecast_metrics": {
        "mse": 0.45384031534194946,
        "mae": 0.34208813309669495
    }
}