{
    "config": {
        "seed": 42,
        "dataset_name": "exchange_rate",
        "missing_rate": 0.1,
        "missing_type": "MAR",
        "completeness_rate": 0.7,
        "imputation_method": "knn",
        "forecast_model": "TimesNet"
    },
    "imputed_metrics": {
        "RMSE": 0.015127761241495367,
        "MAE": 0.0016089099933014853,
        "R2": 0.9997669862496236,
        "KL divergence": 9.621873240054632e-05,
        "KS statistic": 0.0023060451325975953,
        "W2 distance": 1.187343485709998e-12,
        "Sliced Wasserstein distance": 3.310676374504845e-13
    },
    "forecast_metrics": {
        "mse": 0.10478591173887253,
        "mae": 0.23529250919818878
    }
}