{
    "config": {
        "seed": 42,
        "dataset_name": "exchange_rate",
        "missing_rate": 0.6,
        "missing_type": "MCAR",
        "completeness_rate": 0.9,
        "imputation_method": "IIM",
        "forecast_model": "TimesNet"
    },
    "imputed_metrics": {
        "RMSE": 0.009896590623357404,
        "MAE": 0.0015734134585161522,
        "R2": 0.9999003193773685,
        "KL divergence": 3.882931481558483e-05,
        "KS statistic": 0.000617690660517213,
        "W2 distance": 7.149447881059979e-13,
        "Sliced Wasserstein distance": 7.28616058256523e-12
    },
    "forecast_metrics": {
        "mse": 0.10585041344165802,
        "mae": 0.235756978392601
    }
}