{
    "config": {
        "seed": 42,
        "dataset_name": "exchange_rate",
        "missing_rate": 0.3,
        "missing_type": "F-MNAR",
        "completeness_rate": 0.5,
        "imputation_method": "mean",
        "forecast_model": "TimesNet"
    },
    "imputed_metrics": {
        "RMSE": 0.11578366139331718,
        "MAE": 0.11578366139331718,
        "R2": 0.8736724039713755,
        "KL divergence": 0.03379592182594317,
        "KS statistic": 0.0982951737769725,
        "W2 distance": 7.521007494323894e-10,
        "Sliced Wasserstein distance": 6.201489153969107e-10
    },
    "forecast_metrics": {
        "mse": 0.12509050965309143,
        "mae": 0.25852450728416443
    }
}