{
    "config": {
        "seed": 42,
        "dataset_name": "exchange_rate",
        "missing_rate": 0.2,
        "missing_type": "D-MNAR",
        "completeness_rate": 0.5,
        "imputation_method": "IIM",
        "forecast_model": "TimesNet"
    },
    "imputed_metrics": {
        "RMSE": 0.04011558470271742,
        "MAE": 0.005127973035343901,
        "R2": 0.9984088821420972,
        "KL divergence": 0.00047591834423311676,
        "KS statistic": 0.007618184813045627,
        "W2 distance": 1.3824072850088826e-11,
        "Sliced Wasserstein distance": 4.277164019387438e-12
    },
    "forecast_metrics": {
        "mse": 0.10707848519086838,
        "mae": 0.23684373497962952
    }
}