{
    "config": {
        "seed": 42,
        "dataset_name": "exchange_rate",
        "missing_rate": 0.4,
        "missing_type": "MAR",
        "completeness_rate": 0.1,
        "imputation_method": "xgboost",
        "forecast_model": "TimesNet"
    },
    "imputed_metrics": {
        "RMSE": 0.22435479168468336,
        "MAE": 0.10710651111573989,
        "R2": 0.9483896393749837,
        "KL divergence": 0.011549501587459194,
        "KS statistic": 0.08867978916158789,
        "W2 distance": 6.106911378906415e-10,
        "Sliced Wasserstein distance": 3.1822697861690706e-10
    },
    "forecast_metrics": {
        "mse": 0.1463857889175415,
        "mae": 0.26783934235572815
    }
}