{
    "config": {
        "seed": 42,
        "dataset_name": "exchange_rate",
        "missing_rate": 0.1,
        "missing_type": "F-MNAR",
        "completeness_rate": 0.7,
        "imputation_method": "mean",
        "forecast_model": "TimesNet"
    },
    "imputed_metrics": {
        "RMSE": 0.032918300593214295,
        "MAE": 0.032918300593214295,
        "R2": 0.9578367886210035,
        "KL divergence": 0.009818704250992108,
        "KS statistic": 0.027198978751441276,
        "W2 distance": 1.7179331782924247e-10,
        "Sliced Wasserstein distance": 1.6147725088739034e-10
    },
    "forecast_metrics": {
        "mse": 0.11427085101604462,
        "mae": 0.23860451579093933
    }
}