{
    "config": {
        "seed": 42,
        "dataset_name": "exchange_rate",
        "missing_rate": 0.2,
        "missing_type": "D-MNAR",
        "completeness_rate": 0.6,
        "imputation_method": "forward",
        "forecast_model": "TimesNet"
    },
    "imputed_metrics": {
        "RMSE": 0.02205833211408519,
        "MAE": 0.0020999556046549313,
        "R2": 0.9995045753977007,
        "KL divergence": 0.00013302740424220088,
        "KS statistic": 0.0015854060286608468,
        "W2 distance": 1.3239822813638228e-12,
        "Sliced Wasserstein distance": 9.922442148385682e-12
    },
    "forecast_metrics": {
        "mse": 0.10456683486700058,
        "mae": 0.2345309555530548
    }
}