{
    "config": {
        "seed": 42,
        "dataset_name": "exchange_rate",
        "missing_rate": 0.1,
        "missing_type": "MAR",
        "completeness_rate": 0.1,
        "imputation_method": "IIM",
        "forecast_model": "TimesNet"
    },
    "imputed_metrics": {
        "RMSE": 0.10002937979636593,
        "MAE": 0.017765668914671663,
        "R2": 0.9898537901156693,
        "KL divergence": 0.0021976376491182046,
        "KS statistic": 0.00823587547356284,
        "W2 distance": 3.8921057404673806e-11,
        "Sliced Wasserstein distance": 9.917104083088984e-11
    },
    "forecast_metrics": {
        "mse": 0.11020790785551071,
        "mae": 0.23715253174304962
    }
}