{
    "config": {
        "seed": 42,
        "dataset_name": "exchange_rate",
        "missing_rate": 0.5,
        "missing_type": "MAR",
        "completeness_rate": 0.3,
        "imputation_method": "mean",
        "forecast_model": "TimesNet"
    },
    "imputed_metrics": {
        "RMSE": 0.292768146786794,
        "MAE": 0.292768146786794,
        "R2": 0.6450381805422818,
        "KL divergence": 0.07363387323211709,
        "KS statistic": 0.22838082688189756,
        "W2 distance": 2.6946639393227224e-09,
        "Sliced Wasserstein distance": 1.696065684249655e-09
    },
    "forecast_metrics": {
        "mse": 0.20076072216033936,
        "mae": 0.3262229561805725
    }
}