{
    "config": {
        "seed": 42,
        "dataset_name": "exchange_rate",
        "missing_rate": 0.3,
        "missing_type": "MAR",
        "completeness_rate": 0.6,
        "imputation_method": "IIM",
        "forecast_model": "TimesNet"
    },
    "imputed_metrics": {
        "RMSE": 0.01271921728536037,
        "MAE": 0.01271921728536037,
        "R2": 0.9965222158808612,
        "KL divergence": 0.004096669476360298,
        "KS statistic": 0.014886344918464833,
        "W2 distance": 5.015476169652342e-10,
        "Sliced Wasserstein distance": 5.5825430111042504e-11
    },
    "forecast_metrics": {
        "mse": 0.10129823535680771,
        "mae": 0.2274741530418396
    }
}