{
    "config": {
        "seed": 42,
        "dataset_name": "exchange_rate",
        "missing_rate": 0.6,
        "missing_type": "F-MNAR",
        "completeness_rate": 0.4,
        "imputation_method": "mean",
        "forecast_model": "TimesNet"
    },
    "imputed_metrics": {
        "RMSE": 0.6103022174314028,
        "MAE": 0.3058653008352788,
        "R2": 0.6207530273381479,
        "KL divergence": 0.075576630976432,
        "KS statistic": 0.22961620820293197,
        "W2 distance": 3.1946258068114246e-09,
        "Sliced Wasserstein distance": 1.5240052021118315e-09
    },
    "forecast_metrics": {
        "mse": 0.23758813738822937,
        "mae": 0.3399927020072937
    }
}