{
    "config": {
        "seed": 42,
        "dataset_name": "exchange_rate",
        "missing_rate": 0.8,
        "missing_type": "MAR",
        "completeness_rate": 0.8,
        "imputation_method": "forward",
        "forecast_model": "TimesNet"
    },
    "imputed_metrics": {
        "RMSE": 0.011350747535137018,
        "MAE": 0.011350747535137018,
        "R2": 0.9980327189583807,
        "KL divergence": 0.0007302288173575821,
        "KS statistic": 0.004529731510459562,
        "W2 distance": 1.8153232864648367e-11,
        "Sliced Wasserstein distance": 1.9422786087986018e-11
    },
    "forecast_metrics": {
        "mse": 0.10436514019966125,
        "mae": 0.23345716297626495
    }
}