{
    "config": {
        "seed": 42,
        "dataset_name": "exchange_rate",
        "missing_rate": 0.6,
        "missing_type": "F-MNAR",
        "completeness_rate": 0.8,
        "imputation_method": "forward",
        "forecast_model": "TimesNet"
    },
    "imputed_metrics": {
        "RMSE": 0.023827886086224596,
        "MAE": 0.005907659332297636,
        "R2": 0.9994218996166918,
        "KL divergence": 0.00019293972813649475,
        "KS statistic": 0.002429583264701038,
        "W2 distance": 1.8449092997923862e-12,
        "Sliced Wasserstein distance": 1.4649249756712032e-11
    },
    "forecast_metrics": {
        "mse": 0.10501684248447418,
        "mae": 0.2349160611629486
    }
}