{
    "config": {
        "seed": 42,
        "dataset_name": "exchange_rate",
        "missing_rate": 0.2,
        "missing_type": "MCAR",
        "completeness_rate": 0.5,
        "imputation_method": "IIM",
        "forecast_model": "TimesNet"
    },
    "imputed_metrics": {
        "RMSE": 0.002938202148544065,
        "MAE": 0.002938202148544065,
        "R2": 0.9996708185291733,
        "KL divergence": 9.905679968758318e-05,
        "KS statistic": 0.004920935595453797,
        "W2 distance": 2.3180328702562242e-12,
        "Sliced Wasserstein distance": 1.356911171858017e-12
    },
    "forecast_metrics": {
        "mse": 0.10369712114334106,
        "mae": 0.23173709213733673
    }
}