{
    "config": {
        "seed": 42,
        "dataset_name": "exchange_rate",
        "missing_rate": 0.7,
        "missing_type": "MCAR",
        "completeness_rate": 0.6,
        "imputation_method": "knn",
        "forecast_model": "TimesNet"
    },
    "imputed_metrics": {
        "RMSE": 0.3247693577296673,
        "MAE": 0.13984952116863172,
        "R2": 0.8926054309034162,
        "KL divergence": 0.02920782666226141,
        "KS statistic": 0.08246170317904794,
        "W2 distance": 1.2414623380510591e-09,
        "Sliced Wasserstein distance": 3.6663992217000824e-10
    },
    "forecast_metrics": {
        "mse": 0.13972362875938416,
        "mae": 0.268519788980484
    }
}