{
    "config": {
        "seed": 42,
        "dataset_name": "exchange_rate",
        "missing_rate": 0.3,
        "missing_type": "MCAR",
        "completeness_rate": 0.1,
        "imputation_method": "IIM",
        "forecast_model": "TimesNet"
    },
    "imputed_metrics": {
        "RMSE": 0.11632579927217766,
        "MAE": 0.11632579927217766,
        "R2": 0.9145836386230111,
        "KL divergence": 0.020151139674682836,
        "KS statistic": 0.05353319057815846,
        "W2 distance": 3.753962551180481e-10,
        "Sliced Wasserstein distance": 3.1849091654742864e-10
    },
    "forecast_metrics": {
        "mse": 0.13446158170700073,
        "mae": 0.26108086109161377
    }
}