{
    "config": {
        "seed": 42,
        "dataset_name": "exchange_rate",
        "missing_rate": 0.4,
        "missing_type": "MAR",
        "completeness_rate": 0.4,
        "imputation_method": "mean",
        "forecast_model": "TimesNet"
    },
    "imputed_metrics": {
        "RMSE": 0.5079614059449616,
        "MAE": 0.20991243412125685,
        "R2": 0.7372796826329878,
        "KL divergence": 0.055481603755054384,
        "KS statistic": 0.1601054192060616,
        "W2 distance": 2.0599506723038022e-09,
        "Sliced Wasserstein distance": 1.3292218748145298e-09
    },
    "forecast_metrics": {
        "mse": 0.1693684458732605,
        "mae": 0.28700098395347595
    }
}