{
    "config": {
        "seed": 42,
        "dataset_name": "exchange_rate",
        "missing_rate": 0.1,
        "missing_type": "MCAR",
        "completeness_rate": 0.5,
        "imputation_method": "forward",
        "forecast_model": "TimesNet"
    },
    "imputed_metrics": {
        "RMSE": 0.000966296538049645,
        "MAE": 0.000966296538049645,
        "R2": 0.9998136519645675,
        "KL divergence": 0.0003917115785260387,
        "KS statistic": 0.0007000494152528413,
        "W2 distance": 3.7243598864498895e-13,
        "Sliced Wasserstein distance": 4.178258947051584e-13
    },
    "forecast_metrics": {
        "mse": 0.10556785017251968,
        "mae": 0.2354859709739685
    }
}