{
    "config": {
        "seed": 42,
        "dataset_name": "exchange_rate",
        "missing_rate": 0.4,
        "missing_type": "MAR",
        "completeness_rate": 0.4,
        "imputation_method": "IIM",
        "forecast_model": "TimesNet"
    },
    "imputed_metrics": {
        "RMSE": 0.15877815055404218,
        "MAE": 0.04917964425328425,
        "R2": 0.9745352218379201,
        "KL divergence": 0.009628243224224928,
        "KS statistic": 0.027940207544061933,
        "W2 distance": 6.151102774678187e-10,
        "Sliced Wasserstein distance": 1.0225276242847195e-10
    },
    "forecast_metrics": {
        "mse": 0.1061059832572937,
        "mae": 0.23282571136951447
    }
}