{
    "config": {
        "seed": 42,
        "dataset_name": "exchange_rate",
        "missing_rate": 0.6,
        "missing_type": "D-MNAR",
        "completeness_rate": 0.6,
        "imputation_method": "xgboost",
        "forecast_model": "TimesNet"
    },
    "imputed_metrics": {
        "RMSE": 0.09466344701110548,
        "MAE": 0.09466344701110548,
        "R2": 0.9564986783642168,
        "KL divergence": 0.012670637728089428,
        "KS statistic": 0.10626338329764454,
        "W2 distance": 1.0971629290673505e-09,
        "Sliced Wasserstein distance": 2.1865383003469037e-10
    },
    "forecast_metrics": {
        "mse": 0.14664800465106964,
        "mae": 0.2746555805206299
    }
}