{
    "config": {
        "seed": 42,
        "dataset_name": "exchange_rate",
        "missing_rate": 0.8,
        "missing_type": "MCAR",
        "completeness_rate": 0.7,
        "imputation_method": "mean",
        "forecast_model": "TimesNet"
    },
    "imputed_metrics": {
        "RMSE": 0.5163240838074299,
        "MAE": 0.2324873163961659,
        "R2": 0.728558033423268,
        "KL divergence": 0.0684848410991163,
        "KS statistic": 0.17381815186954375,
        "W2 distance": 4.98458995450972e-09,
        "Sliced Wasserstein distance": 1.6512184122698425e-09
    },
    "forecast_metrics": {
        "mse": 0.3587912321090698,
        "mae": 0.3702663481235504
    }
}