{
    "config": {
        "seed": 42,
        "dataset_name": "exchange_rate",
        "missing_rate": 0.6,
        "missing_type": "MCAR",
        "completeness_rate": 0.3,
        "imputation_method": "xgboost",
        "forecast_model": "TimesNet"
    },
    "imputed_metrics": {
        "RMSE": 0.24652953356101492,
        "MAE": 0.13119011720833632,
        "R2": 0.9411566784301616,
        "KL divergence": 0.013659439331182549,
        "KS statistic": 0.10663399769395487,
        "W2 distance": 8.447088693295375e-10,
        "Sliced Wasserstein distance": 3.100771019894817e-10
    },
    "forecast_metrics": {
        "mse": 0.15099671483039856,
        "mae": 0.27988186478614807
    }
}