{
    "config": {
        "seed": 42,
        "dataset_name": "exchange_rate",
        "missing_rate": 0.9,
        "missing_type": "F-MNAR",
        "completeness_rate": 0.1,
        "imputation_method": "xgboost",
        "forecast_model": "TimesNet"
    },
    "imputed_metrics": {
        "RMSE": 0.29625714885094034,
        "MAE": 0.29625714885094034,
        "R2": 0.8290682808186652,
        "KL divergence": 0.03184511350154542,
        "KS statistic": 0.23966397628067865,
        "W2 distance": 2.147383373835228e-09,
        "Sliced Wasserstein distance": 8.360342830305936e-10
    },
    "forecast_metrics": {
        "mse": 0.2519168555736542,
        "mae": 0.35918956995010376
    }
}