{
    "config": {
        "seed": 42,
        "dataset_name": "exchange_rate",
        "missing_rate": 0.3,
        "missing_type": "MAR",
        "completeness_rate": 0.4,
        "imputation_method": "knn",
        "forecast_model": "TimesNet"
    },
    "imputed_metrics": {
        "RMSE": 0.03470693388084191,
        "MAE": 0.03470693388084191,
        "R2": 0.984283945859801,
        "KL divergence": 0.004228129511228607,
        "KS statistic": 0.02474880579805633,
        "W2 distance": 7.056502916352885e-11,
        "Sliced Wasserstein distance": 6.198373366883478e-11
    },
    "forecast_metrics": {
        "mse": 0.11112359166145325,
        "mae": 0.23808680474758148
    }
}