{
    "config": {
        "seed": 42,
        "dataset_name": "exchange_rate",
        "missing_rate": 0.6,
        "missing_type": "MAR",
        "completeness_rate": 0.6,
        "imputation_method": "xgboost",
        "forecast_model": "TimesNet"
    },
    "imputed_metrics": {
        "RMSE": 0.20257686147774445,
        "MAE": 0.09448970777219809,
        "R2": 0.9576283114040113,
        "KL divergence": 0.012727740487668294,
        "KS statistic": 0.11190495799703509,
        "W2 distance": 5.959641421177961e-10,
        "Sliced Wasserstein distance": 1.9151465853404482e-10
    },
    "forecast_metrics": {
        "mse": 0.13360129296779633,
        "mae": 0.25942057371139526
    }
}