{
    "config": {
        "seed": 42,
        "dataset_name": "exchange_rate",
        "missing_rate": 0.4,
        "missing_type": "MCAR",
        "completeness_rate": 0.8,
        "imputation_method": "knn",
        "forecast_model": "TimesNet"
    },
    "imputed_metrics": {
        "RMSE": 0.007077252103049704,
        "MAE": 0.007077252103049704,
        "R2": 0.9989108767118756,
        "KL divergence": 0.0003131787427999134,
        "KS statistic": 0.0034590676988963927,
        "W2 distance": 2.3803438130299074e-12,
        "Sliced Wasserstein distance": 7.67798666966062e-12
    },
    "forecast_metrics": {
        "mse": 0.10356159508228302,
        "mae": 0.2319532185792923
    }
}