{
    "config": {
        "seed": 42,
        "dataset_name": "exchange_rate",
        "missing_rate": 0.1,
        "missing_type": "D-MNAR",
        "completeness_rate": 0.2,
        "imputation_method": "mean",
        "forecast_model": "TimesNet"
    },
    "imputed_metrics": {
        "RMSE": 0.2990434639917446,
        "MAE": 0.07309209223878474,
        "R2": 0.9089456168838442,
        "KL divergence": 0.01747570423745556,
        "KS statistic": 0.0600189425135892,
        "W2 distance": 2.3154348137843448e-10,
        "Sliced Wasserstein distance": 5.729727699198989e-10
    },
    "forecast_metrics": {
        "mse": 0.1188734918832779,
        "mae": 0.24613629281520844
    }
}