{
    "config": {
        "seed": 42,
        "dataset_name": "exchange_rate",
        "missing_rate": 0.5,
        "missing_type": "D-MNAR",
        "completeness_rate": 0.6,
        "imputation_method": "xgboost",
        "forecast_model": "TimesNet"
    },
    "imputed_metrics": {
        "RMSE": 0.18735804551054952,
        "MAE": 0.07729769334212332,
        "R2": 0.9653753450308098,
        "KL divergence": 0.010316755891818156,
        "KS statistic": 0.08826799538790973,
        "W2 distance": 8.048931265960523e-10,
        "Sliced Wasserstein distance": 1.5127700371950732e-10
    },
    "forecast_metrics": {
        "mse": 0.14072121679782867,
        "mae": 0.2665865421295166
    }
}