{
    "config": {
        "seed": 42,
        "dataset_name": "exchange_rate",
        "missing_rate": 0.4,
        "missing_type": "MAR",
        "completeness_rate": 0.9,
        "imputation_method": "forward",
        "forecast_model": "TimesNet"
    },
    "imputed_metrics": {
        "RMSE": 0.010163693677741985,
        "MAE": 0.001407454673656106,
        "R2": 0.9998948194683259,
        "KL divergence": 2.943411957275509e-05,
        "KS statistic": 0.0009677153681436337,
        "W2 distance": 4.721329468264853e-13,
        "Sliced Wasserstein distance": 6.392378118402474e-13
    },
    "forecast_metrics": {
        "mse": 0.10591556131839752,
        "mae": 0.23564274609088898
    }
}