{
    "config": {
        "seed": 42,
        "dataset_name": "exchange_rate",
        "missing_rate": 0.5,
        "missing_type": "MCAR",
        "completeness_rate": 0.1,
        "imputation_method": "IIM",
        "forecast_model": "TimesNet"
    },
    "imputed_metrics": {
        "RMSE": 0.5639936108730406,
        "MAE": 0.2886495184704308,
        "R2": 0.6495198492587855,
        "KL divergence": 0.07105012402037078,
        "KS statistic": 0.09683330588041508,
        "W2 distance": 6.154817872055213e-10,
        "Sliced Wasserstein distance": 1.5006461220491469e-09
    },
    "forecast_metrics": {
        "mse": 0.16769877076148987,
        "mae": 0.2985495924949646
    }
}