{
    "config": {
        "seed": 42,
        "dataset_name": "exchange_rate",
        "missing_rate": 0.2,
        "missing_type": "MCAR",
        "completeness_rate": 0.6,
        "imputation_method": "mean",
        "forecast_model": "TimesNet"
    },
    "imputed_metrics": {
        "RMSE": 0.0800196429396611,
        "MAE": 0.0800196429396611,
        "R2": 0.9040254286344238,
        "KL divergence": 0.022579525120109134,
        "KS statistic": 0.05664223356942843,
        "W2 distance": 4.5720913841902496e-10,
        "Sliced Wasserstein distance": 4.553384477596284e-10
    },
    "forecast_metrics": {
        "mse": 0.12428867071866989,
        "mae": 0.25240856409072876
    }
}