{
    "config": {
        "seed": 42,
        "dataset_name": "exchange_rate",
        "missing_rate": 0.7,
        "missing_type": "MAR",
        "completeness_rate": 0.3,
        "imputation_method": "forward",
        "forecast_model": "TimesNet"
    },
    "imputed_metrics": {
        "RMSE": 0.05844388955901204,
        "MAE": 0.02359367656801236,
        "R2": 0.996522153180658,
        "KL divergence": 0.004600820704010202,
        "KS statistic": 0.010480151540108713,
        "W2 distance": 6.390098868668196e-10,
        "Sliced Wasserstein distance": 1.629237443507446e-11
    },
    "forecast_metrics": {
        "mse": 0.10783163458108902,
        "mae": 0.23754829168319702
    }
}