{
    "config": {
        "seed": 42,
        "dataset_name": "exchange_rate",
        "missing_rate": 0.2,
        "missing_type": "D-MNAR",
        "completeness_rate": 0.3,
        "imputation_method": "knn",
        "forecast_model": "TimesNet"
    },
    "imputed_metrics": {
        "RMSE": 0.15514352140902887,
        "MAE": 0.042870401492094784,
        "R2": 0.9754924714984747,
        "KL divergence": 0.006208941995118327,
        "KS statistic": 0.027096030308021744,
        "W2 distance": 9.810785722340345e-11,
        "Sliced Wasserstein distance": 1.0682930759415995e-10
    },
    "forecast_metrics": {
        "mse": 0.11707889288663864,
        "mae": 0.24366238713264465
    }
}