{
    "config": {
        "seed": 42,
        "dataset_name": "exchange_rate",
        "missing_rate": 0.6,
        "missing_type": "MAR",
        "completeness_rate": 0.1,
        "imputation_method": "IIM",
        "forecast_model": "TimesNet"
    },
    "imputed_metrics": {
        "RMSE": 0.6338136833587645,
        "MAE": 0.35664290389459175,
        "R2": 0.584842972279491,
        "KL divergence": 0.09225657761849446,
        "KS statistic": 0.10679871520342613,
        "W2 distance": 1.910511912921326e-09,
        "Sliced Wasserstein distance": 1.5019286687453857e-09
    },
    "forecast_metrics": {
        "mse": 0.15742462873458862,
        "mae": 0.2787765860557556
    }
}