{
    "config": {
        "seed": 42,
        "dataset_name": "exchange_rate",
        "missing_rate": 0.2,
        "missing_type": "D-MNAR",
        "completeness_rate": 0.2,
        "imputation_method": "mean",
        "forecast_model": "TimesNet"
    },
    "imputed_metrics": {
        "RMSE": 0.14596864491650025,
        "MAE": 0.14596864491650025,
        "R2": 0.8181095527194917,
        "KL divergence": 0.034373301113951205,
        "KS statistic": 0.11841129962114973,
        "W2 distance": 7.311403784311746e-10,
        "Sliced Wasserstein distance": 8.60219473558924e-10
    },
    "forecast_metrics": {
        "mse": 0.1375695914030075,
        "mae": 0.264763206243515
    }
}