{
    "config": {
        "seed": 42,
        "dataset_name": "exchange_rate",
        "missing_rate": 0.1,
        "missing_type": "MAR",
        "completeness_rate": 0.3,
        "imputation_method": "forward",
        "forecast_model": "TimesNet"
    },
    "imputed_metrics": {
        "RMSE": 0.0016842258227315725,
        "MAE": 0.0016842258227315725,
        "R2": 0.9998699740720208,
        "KL divergence": 2.5687782057402426e-05,
        "KS statistic": 0.0013589194531378687,
        "W2 distance": 1.1432989262864884e-12,
        "Sliced Wasserstein distance": 4.125939491706727e-13
    },
    "forecast_metrics": {
        "mse": 0.10485396534204483,
        "mae": 0.2347324788570404
    }
}