{
    "config": {
        "seed": 42,
        "dataset_name": "exchange_rate",
        "missing_rate": 0.6,
        "missing_type": "D-MNAR",
        "completeness_rate": 0.8,
        "imputation_method": "mean",
        "forecast_model": "TimesNet"
    },
    "imputed_metrics": {
        "RMSE": 0.3423221346138176,
        "MAE": 0.11525254393172736,
        "R2": 0.8806830371366748,
        "KL divergence": 0.024633392162250786,
        "KS statistic": 0.11524048756382804,
        "W2 distance": 1.1761306565805555e-09,
        "Sliced Wasserstein distance": 4.1601080666900626e-10
    },
    "forecast_metrics": {
        "mse": 0.15380671620368958,
        "mae": 0.2888328433036804
    }
}