{
    "config": {
        "seed": 42,
        "dataset_name": "exchange_rate",
        "missing_rate": 0.1,
        "missing_type": "MCAR",
        "completeness_rate": 0.8,
        "imputation_method": "knn",
        "forecast_model": "TimesNet"
    },
    "imputed_metrics": {
        "RMSE": 0.0010584894739115531,
        "MAE": 0.0010584894739115531,
        "R2": 0.9998958979162093,
        "KL divergence": 2.818372356196533e-05,
        "KS statistic": 0.0004735628397298633,
        "W2 distance": 4.082408276893438e-13,
        "Sliced Wasserstein distance": 8.308233757101565e-13
    },
    "forecast_metrics": {
        "mse": 0.10562270879745483,
        "mae": 0.23536410927772522
    }
}