{
    "config": {
        "seed": 42,
        "dataset_name": "exchange_rate",
        "missing_rate": 0.3,
        "missing_type": "D-MNAR",
        "completeness_rate": 0.8,
        "imputation_method": "knn",
        "forecast_model": "TimesNet"
    },
    "imputed_metrics": {
        "RMSE": 0.018735762428202973,
        "MAE": 0.0036902157931919467,
        "R2": 0.9996425831947064,
        "KL divergence": 0.00015086140258735187,
        "KS statistic": 0.0023472245099654095,
        "W2 distance": 5.588261206359313e-13,
        "Sliced Wasserstein distance": 7.914188143019101e-13
    },
    "forecast_metrics": {
        "mse": 0.10577603429555893,
        "mae": 0.23618431389331818
    }
}