{
    "config": {
        "seed": 42,
        "dataset_name": "exchange_rate",
        "missing_rate": 0.2,
        "missing_type": "MAR",
        "completeness_rate": 0.3,
        "imputation_method": "forward",
        "forecast_model": "TimesNet"
    },
    "imputed_metrics": {
        "RMSE": 0.016323566990566474,
        "MAE": 0.0036288857291571896,
        "R2": 0.999728692150688,
        "KL divergence": 6.262798409435126e-05,
        "KS statistic": 0.0021413276231263384,
        "W2 distance": 1.380154572933288e-12,
        "Sliced Wasserstein distance": 7.815653591591698e-12
    },
    "forecast_metrics": {
        "mse": 0.10503948479890823,
        "mae": 0.23504462838172913
    }
}