{
    "config": {
        "seed": 42,
        "dataset_name": "exchange_rate",
        "missing_rate": 0.2,
        "missing_type": "MCAR",
        "completeness_rate": 0.4,
        "imputation_method": "xgboost",
        "forecast_model": "TimesNet"
    },
    "imputed_metrics": {
        "RMSE": 0.12295061758747353,
        "MAE": 0.03591104277587047,
        "R2": 0.9846916141626345,
        "KL divergence": 0.0041037074313970525,
        "KS statistic": 0.03378767913029155,
        "W2 distance": 1.402399593616712e-10,
        "Sliced Wasserstein distance": 9.911951131462012e-11
    },
    "forecast_metrics": {
        "mse": 0.1071666032075882,
        "mae": 0.23502488434314728
    }
}