{
    "config": {
        "seed": 42,
        "dataset_name": "exchange_rate",
        "missing_rate": 0.1,
        "missing_type": "D-MNAR",
        "completeness_rate": 0.2,
        "imputation_method": "xgboost",
        "forecast_model": "TimesNet"
    },
    "imputed_metrics": {
        "RMSE": 0.026907902179316313,
        "MAE": 0.026907902179316313,
        "R2": 0.9876348030786537,
        "KL divergence": 0.002902230511594189,
        "KS statistic": 0.029793279525613572,
        "W2 distance": 8.031570742336419e-11,
        "Sliced Wasserstein distance": 5.723771889927328e-11
    },
    "forecast_metrics": {
        "mse": 0.10799910128116608,
        "mae": 0.2337937206029892
    }
}