{
    "config": {
        "seed": 42,
        "dataset_name": "exchange_rate",
        "missing_rate": 0.2,
        "missing_type": "MCAR",
        "completeness_rate": 0.6,
        "imputation_method": "forward",
        "forecast_model": "TimesNet"
    },
    "imputed_metrics": {
        "RMSE": 0.001946653734529047,
        "MAE": 0.001946653734529047,
        "R2": 0.9996405432578219,
        "KL divergence": 0.00047081170114596395,
        "KS statistic": 0.0011118431889309832,
        "W2 distance": 4.993102907413497e-13,
        "Sliced Wasserstein distance": 7.207288413376445e-13
    },
    "forecast_metrics": {
        "mse": 0.10578344762325287,
        "mae": 0.23580026626586914
    }
}