{
    "config": {
        "seed": 42,
        "dataset_name": "exchange_rate",
        "missing_rate": 0.5,
        "missing_type": "F-MNAR",
        "completeness_rate": 0.8,
        "imputation_method": "mean",
        "forecast_model": "TimesNet"
    },
    "imputed_metrics": {
        "RMSE": 0.09486637728885834,
        "MAE": 0.09486637728885834,
        "R2": 0.8852271756277406,
        "KL divergence": 0.02360410291348649,
        "KS statistic": 0.0664429253829682,
        "W2 distance": 7.526235660111932e-10,
        "Sliced Wasserstein distance": 6.033895042109609e-10
    },
    "forecast_metrics": {
        "mse": 0.1882379651069641,
        "mae": 0.2862384021282196
    }
}