{
    "config": {
        "seed": 42,
        "dataset_name": "exchange_rate",
        "missing_rate": 0.2,
        "missing_type": "MAR",
        "completeness_rate": 0.4,
        "imputation_method": "forward",
        "forecast_model": "TimesNet"
    },
    "imputed_metrics": {
        "RMSE": 0.013105114927362313,
        "MAE": 0.0024851886006863207,
        "R2": 0.9998251305698689,
        "KL divergence": 0.0002339689993758406,
        "KS statistic": 0.0015442266512930324,
        "W2 distance": 4.2463272422761943e-13,
        "Sliced Wasserstein distance": 6.218833006176071e-13
    },
    "forecast_metrics": {
        "mse": 0.10481682419776917,
        "mae": 0.23483647406101227
    }
}