{
    "config": {
        "seed": 42,
        "dataset_name": "exchange_rate",
        "missing_rate": 0.4,
        "missing_type": "F-MNAR",
        "completeness_rate": 0.6,
        "imputation_method": "IIM",
        "forecast_model": "TimesNet"
    },
    "imputed_metrics": {
        "RMSE": 0.09418480265490611,
        "MAE": 0.025308941358912138,
        "R2": 0.9906148912994215,
        "KL divergence": 0.014295211758828743,
        "KS statistic": 0.024419370779113818,
        "W2 distance": 2.2126592969444435e-09,
        "Sliced Wasserstein distance": 6.886166202570505e-11
    },
    "forecast_metrics": {
        "mse": 0.10511108487844467,
        "mae": 0.2326352447271347
    }
}