{
    "config": {
        "seed": 42,
        "dataset_name": "exchange_rate",
        "missing_rate": 0.1,
        "missing_type": "F-MNAR",
        "completeness_rate": 0.4,
        "imputation_method": "xgboost",
        "forecast_model": "TimesNet"
    },
    "imputed_metrics": {
        "RMSE": 0.018219857010648877,
        "MAE": 0.018219857010648877,
        "R2": 0.9922565544318992,
        "KL divergence": 0.002273193484686845,
        "KS statistic": 0.018674847636303737,
        "W2 distance": 2.674169648124363e-11,
        "Sliced Wasserstein distance": 5.789551530574741e-11
    },
    "forecast_metrics": {
        "mse": 0.1085888221859932,
        "mae": 0.23484565317630768
    }
}