{
    "config": {
        "seed": 42,
        "dataset_name": "exchange_rate",
        "missing_rate": 0.7,
        "missing_type": "D-MNAR",
        "completeness_rate": 0.2,
        "imputation_method": "xgboost",
        "forecast_model": "TimesNet"
    },
    "imputed_metrics": {
        "RMSE": 0.31827480927647944,
        "MAE": 0.20486454697041942,
        "R2": 0.8967138530515177,
        "KL divergence": 0.02158118770065591,
        "KS statistic": 0.17497117443584254,
        "W2 distance": 1.231609893437578e-09,
        "Sliced Wasserstein distance": 5.416130933861697e-10
    },
    "forecast_metrics": {
        "mse": 0.17775611579418182,
        "mae": 0.2993713915348053
    }
}