{
    "config": {
        "seed": 42,
        "dataset_name": "exchange_rate",
        "missing_rate": 0.5,
        "missing_type": "MAR",
        "completeness_rate": 0.9,
        "imputation_method": "forward",
        "forecast_model": "TimesNet"
    },
    "imputed_metrics": {
        "RMSE": 0.0020337041641753724,
        "MAE": 0.0020337041641753724,
        "R2": 0.9998013205655961,
        "KL divergence": 8.61593116524135e-05,
        "KS statistic": 0.001235381321034426,
        "W2 distance": 1.0686959134755989e-12,
        "Sliced Wasserstein distance": 1.13326739284058e-12
    },
    "forecast_metrics": {
        "mse": 0.10611306875944138,
        "mae": 0.2359292358160019
    }
}