{
    "config": {
        "seed": 42,
        "dataset_name": "exchange_rate",
        "missing_rate": 0.6,
        "missing_type": "MCAR",
        "completeness_rate": 0.6,
        "imputation_method": "forward",
        "forecast_model": "TimesNet"
    },
    "imputed_metrics": {
        "RMSE": 0.030163592752506907,
        "MAE": 0.007872848796704515,
        "R2": 0.9990736003886961,
        "KL divergence": 0.0008580384393686366,
        "KS statistic": 0.002861966727063087,
        "W2 distance": 1.0597096225213052e-12,
        "Sliced Wasserstein distance": 3.3553428570915633e-12
    },
    "forecast_metrics": {
        "mse": 0.10501081496477127,
        "mae": 0.23488858342170715
    }
}