{
    "config": {
        "seed": 42,
        "dataset_name": "exchange_rate",
        "missing_rate": 0.4,
        "missing_type": "MCAR",
        "completeness_rate": 0.4,
        "imputation_method": "mean",
        "forecast_model": "TimesNet"
    },
    "imputed_metrics": {
        "RMSE": 0.48052390585825383,
        "MAE": 0.20052171854115078,
        "R2": 0.764894805907959,
        "KL divergence": 0.05087156366037534,
        "KS statistic": 0.13745676165376378,
        "W2 distance": 1.7082306736475057e-09,
        "Sliced Wasserstein distance": 1.045715678847879e-09
    },
    "forecast_metrics": {
        "mse": 0.17504456639289856,
        "mae": 0.3004067838191986
    }
}