{
    "config": {
        "seed": 42,
        "dataset_name": "exchange_rate",
        "missing_rate": 0.5,
        "missing_type": "MAR",
        "completeness_rate": 0.7,
        "imputation_method": "xgboost",
        "forecast_model": "TimesNet"
    },
    "imputed_metrics": {
        "RMSE": 0.15202409934797526,
        "MAE": 0.05404040511262101,
        "R2": 0.9778713871482929,
        "KL divergence": 0.007342892657066603,
        "KS statistic": 0.07422582770548508,
        "W2 distance": 5.604938370670533e-10,
        "Sliced Wasserstein distance": 2.023500885009905e-10
    },
    "forecast_metrics": {
        "mse": 0.12284152209758759,
        "mae": 0.25527945160865784
    }
}