{
    "config": {
        "seed": 42,
        "dataset_name": "exchange_rate",
        "missing_rate": 0.6,
        "missing_type": "MCAR",
        "completeness_rate": 0.4,
        "imputation_method": "mean",
        "forecast_model": "TimesNet"
    },
    "imputed_metrics": {
        "RMSE": 0.3007924083463252,
        "MAE": 0.3007924083463252,
        "R2": 0.649459345407028,
        "KL divergence": 0.07586858000919389,
        "KS statistic": 0.20793526601877776,
        "W2 distance": 3.748988113532803e-09,
        "Sliced Wasserstein distance": 1.6730751382867764e-09
    },
    "forecast_metrics": {
        "mse": 0.2512113153934479,
        "mae": 0.35138916969299316
    }
}